id,scientificName,acceptedName,commonName,group,rank,distribution,habitat,review
gbif-2429944,Amietia angolensis,Amietia angolensis,Dusky-throated Rana,Amphibians,species,"Uganda: Budongo Forest Reserve, Itwara Forest Reserve, Murchison Falls NP. Historical occurrence records.",,GBIF strict name match
gbif-2429752,Arthroleptis poecilonotus,Arthroleptis poecilonotus,,Amphibians,species,Uganda: Itwara Forest Reserve. Historical occurrence records.,,GBIF strict name match
gbif-2423960,Hemisus marmoratus,Hemisus marmoratus,Shovel-nosed Frog,Amphibians,species,Uganda: Murchison Falls NP. Historical occurrence records.,,GBIF strict name match
gbif-2430378,Hoplobatrachus occipitalis,Hoplobatrachus occipitalis,,Amphibians,species,Uganda: Murchison Falls NP. Historical occurrence records.,,GBIF strict name match
gbif-5217692,Hyperolius kivuensis,Hyperolius kivuensis,,Amphibians,species,Uganda: Murchison Falls NP. Historical occurrence records.,,GBIF strict name match
gbif-5217737,Hyperolius nasutus,Hyperolius nasutus,,Amphibians,species,Uganda: Murchison Falls NP. Historical occurrence records.,,GBIF strict name match
gbif-5217681,Hyperolius viridiflavus,Hyperolius viridiflavus,,Amphibians,species,Uganda: Murchison Falls NP. Historical occurrence records.,,GBIF strict name match
gbif-5217753,Kassina senegalensis,Kassina senegalensis,,Amphibians,species,Uganda: Murchison Falls NP. Historical occurrence records.,,GBIF strict name match
gbif-2426518,Phlyctimantis verrucosus,Phlyctimantis verrucosus,,Amphibians,species,Uganda: Itwara Forest Reserve. Historical occurrence records.,,GBIF strict name match
gbif-2430191,Phrynobatrachus dendrobates,Phrynobatrachus dendrobates,,Amphibians,species,Uganda: Murchison Falls NP. Historical occurrence records.,,GBIF strict name match
gbif-2430162,Phrynobatrachus natalensis,Phrynobatrachus natalensis,,Amphibians,species,"Uganda: Budongo Forest Reserve, Itwara Forest Reserve, Murchison Falls NP. Historical occurrence records.",,GBIF strict name match
gbif-2430138,Phrynobatrachus ukingensis,Phrynobatrachus ukingensis,,Amphibians,species,Uganda: Murchison Falls NP. Historical occurrence records.,,GBIF strict name match
gbif-10698146,Sclerophrys regularis,Sclerophrys regularis,,Amphibians,species,"Uganda: Budongo Forest Reserve, Murchison Falls NP. Historical occurrence records.",,GBIF strict name match
gbif-10701436,Sclerophrys vittata,Sclerophrys vittata,,Amphibians,species,Uganda: Murchison Falls NP. Historical occurrence records.,,GBIF strict name match
gbif-5217334,Xenopus laevis,Xenopus laevis,Common Clawed Frog,Amphibians,species,"Uganda: Budongo Forest Reserve, Itwara Forest Reserve. Historical occurrence records.",,GBIF strict name match
gbif-5217332,Xenopus muelleri,Xenopus muelleri,,Amphibians,species,Uganda: Murchison Falls NP. Historical occurrence records.,,GBIF strict name match
gbif-2480610,Accipiter badius,Accipiter badius,Shikra,Birds,species,"Uganda: A107, Ajai Wildlife Reserve, Arua Town, Bwindi Impenetrable NP, Hoima Town and other localities. Historical occurrence records.",,GBIF strict name match
gbif-2480631,Accipiter melanoleucus,Accipiter melanoleucus,Great Sparrowhawk,Birds,species,"Uganda: Budongo Forest Reserve, Bwindi Impenetrable NP, Kalinzu Forest Reserve, Kasyoha-Kitomi FR, Kasyoha-Kitomi FR Corridor and other localities. Historical occurrence records.",,GBIF strict name match
gbif-2480594,Accipiter minullus,Accipiter minullus,Little Sparrowhawk,Birds,species,"Uganda: Ajai Wildlife Reserve, Bwindi Impenetrable NP, Kagombe FR, Kyambura Game Reserve, Kyegegwa Savanna and other localities. Historical occurrence records.",,GBIF strict name match
gbif-2480587,Accipiter ovampensis,Accipiter ovampensis,Ovampo Sparrowhawk,Birds,species,"Uganda: Bwindi Impenetrable NP, QSD 21A, QSD 44C. Historical occurrence records.",,GBIF strict name match
gbif-2480609,Accipiter rufiventris,Accipiter rufiventris,Rufous Sparrowhawk,Birds,species,"Uganda: Bwindi Impenetrable NP, Rwenzori Mountains NP. Historical occurrence records.",,GBIF strict name match
gbif-2480635,Accipiter tachiro,Accipiter tachiro,African Goshawk,Birds,species,"Uganda: Budongo Forest Reserve, Bwindi Impenetrable NP, Echuya Forest Reserve, Fort-Portal, Hoima Town and other localities. Historical occurrence records.",,GBIF strict name match
gbif-2493128,Acrocephalus arundinaceus,Acrocephalus arundinaceus,Great Reed Warbler,Birds,species,"Uganda: Budongo Forest Reserve, Kyambura Wildlife Reserve, Mt Kei FR, QSD 21D, QSD 22C and other localities. Historical occurrence records.",,GBIF strict name match
gbif-5231319,Acrocephalus baeticatus,Acrocephalus baeticatus,African Reed Warbler,Birds,species,"Uganda: Ajai's Game Reserve, Kasyoha-Kitomi FR, Queen Elizabeth NP. Historical occurrence records.",,GBIF strict name match
gbif-5231329,Acrocephalus gracilirostris,Acrocephalus gracilirostris,Lesser Swamp Warbler,Birds,species,"Uganda: Ajai Wildlife Reserve, Karuma Game Reserve, Kinyara Sugar Estate, Kyambura Wildlife Reserve, Murchison Falls NP and other localities. Historical occurrence records.",,GBIF strict name match
gbif-5231331,Acrocephalus rufescens,Acrocephalus rufescens,Greater Swamp Warbler,Birds,species,"Uganda: Ajai Wildlife Reserve, Butiaba Pier, Bwamba, Kabale, Kyambura Game Reserve and other localities. Historical occurrence records.",,GBIF strict name match
gbif-2493129,Acrocephalus schoenobaenus,Acrocephalus schoenobaenus,Sedge Warbler,Birds,species,"Uganda: Butiaba Pier, Kyambura Wildlife Reserve, Murchison Falls NP, Nyamuriro Swamp, QSD 21A and other localities. Historical occurrence records.",,GBIF strict name match
gbif-2493118,Acrocephalus scirpaceus,Acrocephalus scirpaceus,Reed Warbler,Birds,species,"Uganda: Ajai Wildlife Reserve, Budongo Forest Reserve, Butiaba Pier, Kyambura Wildlife Reserve, Murchison Falls National Park and other localities. Historical occurrence records.",,GBIF strict name match
gbif-2481800,Actitis hypoleucos,Actitis hypoleucos,Common Sandpiper,Birds,species,"Uganda: Bunyampaka, Butiaba Pier, Butiaba Town, Bwamba, Fort-Portal and other localities. Historical occurrence records.",,GBIF strict name match
gbif-2481853,Actophilornis africanus,Actophilornis africanus,Jacana,Birds,species,"Uganda: Ajai's Game Reserve, Butiaba, Butiaba Pier, Hamukungu, Kahendoro and other localities. Historical occurrence records.",,GBIF strict name match
gbif-2475540,Alcedo quadribrachys,Alcedo quadribrachys,Shining-blue Kingfisher,Birds,species,"Uganda: Budongo Forest Reserve, Bwindi Impenetrable NP, Kasyoha-Kitomi Forest Reserve, Kibale Forest NP, Kyambura Game Reserve and other localities. Historical occurrence records.",,GBIF strict name match
gbif-2490877,Alethe diademata,Alethe diademata,Fire-crested Alethe,Birds,species,"Uganda: Budongo FR, Budongo Forest Reserve, Bugoma FR, Bugoma Forest Reserve, Bwamba and other localities. Historical occurrence records.",,GBIF strict name match
gbif-2493697,Amandava subflava,Amandava subflava,Zebra Waxbill,Birds,species,"Uganda: Kasangali, Kinyara Sugar Estate, Murchison Falls NP, Nsenyi, QSD 44A and other localities. Historical occurrence records.",,GBIF strict name match
gbif-2474736,Amaurornis flavirostra,Amaurornis flavirostra,Black Crake,Birds,species,"Uganda: Ajai Wildlife Reserve, Ajai's Game Reserve, Bunyampaka, Butiaba Pier, Hamukungu and other localities. Historical occurrence records.",,GBIF strict name match
gbif-2494005,Amblyospiza albifrons,Amblyospiza albifrons,Grosbeak Weaver,Birds,species,"Uganda: A103B, Ajai Wildlife Reserve, Ajai's Game Reserve, Budongo Forest Reserve, Bugoma FR and other localities. Historical occurrence records.",,GBIF strict name match
gbif-2494106,Anaplectes rubriceps,Anaplectes rubriceps,Red-headed Weaver,Birds,species,"Uganda: Ajai Wildlife Reserve, Ajai's Game Reserve, Butiaba, Karuma Game Reserve, Kasangali and other localities. Historical occurrence records.",,GBIF strict name match
gbif-2498112,Anas acuta,Anas acuta,Pintail,Birds,species,"Uganda: Ntoroko Fishing Village, QSD 21C, QSD 55B, QSD 56C, Queen Elizabeth National Park. Historical occurrence records.",,GBIF strict name match
gbif-2498148,Anas sparsa,Anas sparsa,African Black Duck,Birds,species,"Uganda: Bwindi Impenetrable NP, Kagombe FR, Kibale Forest NP, QSD 32D, QSD 44C and other localities. Historical occurrence records.",,GBIF strict name match
gbif-2498156,Anas undulata,Anas undulata,Yellow-billed Duck,Birds,species,"Uganda: Fort-Portal, Ihunga Village, Kagombe FR, Katonga Game Reserve, Kigezi and other localities. Historical occurrence records.",,GBIF strict name match
gbif-5229411,Anastomus lamelligerus,Anastomus lamelligerus,Open-billed Stork,Birds,species,"Uganda: Ajai's Game Reserve, Bunyampaka, Butiaba, Bwamba, Hamukungu and other localities. Historical occurrence records.",,GBIF strict name match
gbif-2482080,Anhinga rufa,Anhinga rufa,African Darter,Birds,species,"Uganda: Lake Bunyonyi, Mbajo, Murchison Falls NP, Murchison Falls National Park, QSD 21C and other localities. Historical occurrence records.",,GBIF strict name match
gbif-2484611,Anomalospiza imberbis,Anomalospiza imberbis,Parasitic Weaver,Birds,species,"Uganda: Ajai's Game Reserve, QSD 21D. Historical occurrence records.",,GBIF strict name match
gbif-2487391,Anthoscopus caroli,Anthoscopus caroli,African Penduline Tit,Birds,species,"Uganda: Kyambura Wildlife Reserve, Maramagambo Forest Reserve, Murchison Falls NP, QSD 43D, QSD 44C and other localities. Historical occurrence records.",,GBIF strict name match
gbif-2484638,Anthreptes longuemarei,Anthreptes longuemarei,Violet-backed Sunbird,Birds,species,"Uganda: Kasangali, Mt Kei FR, Mt Otzi FR, Murchison Falls NP, Murchison Falls National Park and other localities. Historical occurrence records.",,GBIF strict name match
gbif-2484633,Anthreptes orientalis,Anthreptes orientalis,Eastern Violet-backed Sunbird,Birds,species,Uganda: QSD 33B. Historical occurrence records.,,GBIF strict name match
gbif-2484634,Anthreptes rectirostris,Anthreptes rectirostris,Green Sunbird,Birds,species,"Uganda: Budongo Forest Reserve, Bwindi Impenetrable NP, Kalinzu, Kalinzu Forest Reserve, Kasangali and other localities. Historical occurrence records.",,GBIF strict name match
gbif-7340999,Anthreptes seimundi,Anthreptes seimundi,Little Green Sunbird,Birds,species,"Uganda: Budongo Forest Reserve, Kasyoha-Kitomi Forest Reserve, Nyabyeya, QSD 33C, QSD 44A and other localities. Historical occurrence records.",,GBIF strict name match
gbif-2490287,Anthus brachyurus,Anthus brachyurus,Short-tailed Pipit,Birds,species,"Uganda: QSD 44C, QSD 55B, QSD 56A, Queen Elizabeth NP. Historical occurrence records.",,GBIF strict name match
gbif-2490283,Anthus cervinus,Anthus cervinus,Red-throated Pipit,Birds,species,"Uganda: Kyambura Game Reserve, Murchison Falls National Park, QSD 21D, QSD 55B, QSD 55D and other localities. Historical occurrence records.",,GBIF strict name match
gbif-2490276,Anthus cinnamomeus,Anthus cinnamomeus,Grassland Pipit [richard's],Birds,species,"Uganda: Budongo Forest Reserve, Echuya Forest Reserve, Era Forest Reserve, Kyambura Game Reserve, Kyambura Wildlife Reserve and other localities. Historical occurrence records.",,GBIF strict name match
gbif-2490245,Anthus leucophrys,Anthus leucophrys,Plain-backed Pipit,Birds,species,"Uganda: Kisangi Forest Reserve, Kyambura Wildlife Reserve, Kyegegwa Savanna, Murchison Falls NP, Murchison Falls National Park and other localities. Historical occurrence records.",,GBIF strict name match
gbif-2490292,Anthus similis,Anthus similis,Long-billed Pipit,Birds,species,"Uganda: Kanyashogi, Queen Elizabeth NP. Historical occurrence records.",,GBIF strict name match
gbif-2490246,Anthus trivialis,Anthus trivialis,Tree Pipit,Birds,species,"Uganda: Ajai Wildlife Reserve, Budongo Forest Reserve, Inve FR, Iyi FR, Kabale and other localities. Historical occurrence records.",,GBIF strict name match
gbif-2492714,Apalis binotata,Apalis binotata,Masked Apalis,Birds,species,"Uganda: Itwara Forest Reserve, Kibale Forest NP, Maramagambo, Rwenzori Mountains NP. Historical occurrence records.",,GBIF strict name match
gbif-2492709,Apalis cinerea,Apalis cinerea,Grey Apalis,Birds,species,"Uganda: Budongo Forest Reserve, Bwindi Impenetrable NP, Itwara Forest Reserve, Kalinzu, Kalinzu FR and other localities. Historical occurrence records.",,GBIF strict name match
gbif-2492725,Apalis flavida,Apalis flavida,Yellow-breasted Apalis,Birds,species,"Uganda: Budongo Forest Reserve, Kasangali, Kyambura Wildlife Reserve, Mubuku, Murchison Falls NP and other localities. Historical occurrence records.",,GBIF strict name match
gbif-2492710,Apalis jacksoni,Apalis jacksoni,Black-throated Apalis,Birds,species,"Uganda: Budongo Forest Reserve, Bwindi Impenetrable NP, Kalinzu, Kalinzu FR, Kalinzu FR Corridor and other localities. Historical occurrence records.",,GBIF strict name match
gbif-2492719,Apalis nigriceps,Apalis nigriceps,Black-capped Apalis,Birds,species,"Uganda: Budongo Forest Reserve, QSD 32D, QSD 45A. Historical occurrence records.",,GBIF strict name match
gbif-2492703,Apalis personata,Apalis personata,Mountain Masked Apalis,Birds,species,"Uganda: Budongo Forest Reserve, Bwindi Impenetrable NP, Echuya Forest Reserve, Itwara Forest Reserve, Kasangali and other localities. Historical occurrence records.",,GBIF strict name match
gbif-2492720,Apalis porphyrolaema,Apalis porphyrolaema,Chestnut-throated Apalis,Birds,species,"Uganda: Bwindi Impenetrable NP, Echuya Forest Reserve, Kasangali, Kibale Forest NP, Mafuga Forest Reserve and other localities. Historical occurrence records.",,GBIF strict name match
gbif-2492712,Apalis rufogularis,Apalis rufogularis,Buff-throated Apalis,Birds,species,"Uganda: Budongo Forest Reserve, Bugoma FR, Bwindi Impenetrable NP, Itwara Forest Reserve, Kalinzu and other localities. Historical occurrence records.",,GBIF strict name match
gbif-2496625,Apaloderma narina,Apaloderma narina,Narina's Trogon,Birds,species,"Uganda: Budongo Forest Reserve, Bugoma FR, Bwindi Impenetrable NP, Echuya Forest Reserve, Itwara Forest Reserve and other localities. Historical occurrence records.",,GBIF strict name match
gbif-2496630,Apaloderma vittatum,Apaloderma vittatum,Bar-tailed Trogon,Birds,species,"Uganda: Bwindi Impenetrable NP, Kasyoha-Kitomi FR, Kibale Forest NP, Nsenyi, QSD 44A. Historical occurrence records.",,GBIF strict name match
gbif-5228662,Apus affinis,Apus affinis,Little Swift,Birds,species,"Uganda: Arua Town, Budongo Forest Reserve, Bugoma FR, Bwera Town, Bwindi Impenetrable NP and other localities. Historical occurrence records.",,GBIF strict name match
gbif-5228676,Apus apus,Apus apus,Eurasian Swift,Birds,species,"Uganda: Bwindi Impenetrable NP, Iyi FR, Katagurukwa, Katoke, Kinyara Sugar Estate and other localities. Historical occurrence records.",,GBIF strict name match
gbif-5228648,Apus barbatus,Apus barbatus,Black Swift,Birds,species,"Uganda: Kasangali, Kyambura Game Reserve, Murchison Falls NP. Historical occurrence records.",,GBIF strict name match
gbif-5228644,Apus caffer,Apus caffer,White-rumped Swift,Birds,species,"Uganda: Budongo Forest Reserve, Fort-Portal, Hoima Town, Ibanda Town, Inve FR and other localities. Historical occurrence records.",,GBIF strict name match
gbif-5228640,Apus horus,Apus horus,Horus Swift,Birds,species,"Uganda: Bwindi Impenetrable NP, Mafuga Forest Reserve, Mubuku, Murchison Falls National Park, QSD 21A and other localities. Historical occurrence records.",,GBIF strict name match
gbif-5228695,Apus pallidus,Apus pallidus,Pallid Swift,Birds,species,Uganda: QSD 8D. Historical occurrence records.,,GBIF strict name match
gbif-5844477,Aquila africana,Aquila africana,Cassin's Hawk Eagle,Birds,species,"Uganda: Budongo Forest Reserve, Bwindi Impenetrable NP, Kasangali, QSD 44C, QSD 55D and other localities. Historical occurrence records.",,GBIF strict name match
gbif-2480505,Aquila pomarina,Aquila pomarina,Lesser Spotted Eagle,Birds,species,"Uganda: Kibangya, Kimengo, Masindi Town, Nsenyi, QSD 55B. Historical occurrence records.",,GBIF strict name match
gbif-2480514,Aquila rapax,Aquila rapax,Tawny/Steppe Eagle,Birds,species,"Uganda: Kasangali, Kimengo, Kyambura Game Reserve, Kyegegwa Savanna, Masindi Town and other localities. Historical occurrence records.",,GBIF strict name match
gbif-6066199,Aquila spilogaster,Aquila spilogaster,African Hawk Eagle,Birds,species,"Uganda: Fort-Portal, Kasangali, Kyegegwa Savanna, Mt Kei FR, Mt Otzi FR and other localities. Historical occurrence records.",,GBIF strict name match
gbif-9752617,Ardea alba,Ardea alba,Great White Egret,Birds,species,"Uganda: Hamukungu, Kahendoro, Kasenyi, Katwe Bay, Kyambura Game Reserve and other localities. Historical occurrence records.",,GBIF strict name match
gbif-9797180,Ardea cinerea,Ardea cinerea,Grey Heron,Birds,species,"Uganda: Ajai's Game Reserve, Bunyampaka, Butiaba Pier, Bwamba, Fort-Portal and other localities. Historical occurrence records.",,GBIF strict name match
gbif-2480927,Ardea goliath,Ardea goliath,Goliath Heron,Birds,species,"Uganda: Ajai's Game Reserve, Bwamba, Hamukungu, Katwe Bay, Kisangi Forest Reserve and other localities. Historical occurrence records.",,GBIF strict name match
gbif-2480923,Ardea melanocephala,Ardea melanocephala,Black-headed Heron,Birds,species,"Uganda: A109A, Ajai Wildlife Reserve, Ajai's Game Reserve, Arua Town, Budongo Forest Reserve and other localities. Historical occurrence records.",,GBIF strict name match
gbif-2480934,Ardea purpurea,Ardea purpurea,Purple Heron,Birds,species,"Uganda: Ajai Wildlife Reserve, Ajai's Game Reserve, Hamukungu, Kabale, Kagombe FR and other localities. Historical occurrence records.",,GBIF strict name match
gbif-2480903,Ardeola idae,Ardeola idae,Madagascar Squacco Heron,Birds,species,"Uganda: Kahendoro, Kasenyi, Kyambura Game Reserve. Historical occurrence records.",,GBIF strict name match
gbif-2480906,Ardeola ralloides,Ardeola ralloides,Squacco Heron,Birds,species,"Uganda: Ajai Wildlife Reserve, Ajai's Game Reserve, Butiaba, Hamukungu, Kahendoro and other localities. Historical occurrence records.",,GBIF strict name match
gbif-2480902,Ardeola rufiventris,Ardeola rufiventris,Rufous-bellied Heron,Birds,species,"Uganda: A108, A109, QSD 56C, Queen Elizabeth NP. Historical occurrence records.",,GBIF strict name match
gbif-2481776,Arenaria interpres,Arenaria interpres,Turnstone,Birds,species,"Uganda: Kyambura Game Reserve, QSD 21D, QSD 33A, QSD 55B. Historical occurrence records.",,GBIF strict name match
gbif-7340439,Arizelocichla masukuensis,Arizelocichla masukuensis,Shelley's Greenbul,Birds,species,Uganda: Bwindi Impenetrable NP. Historical occurrence records.,,GBIF strict name match
gbif-7340426,Arizelocichla nigriceps,Arizelocichla nigriceps,Mountain Greenbul,Birds,species,"Uganda: Bwindi Impenetrable NP, Echuya Forest Reserve, Kalinzu FR, Kasangali, Kasyoha-Kitomi Forest Reserve and other localities. Historical occurrence records.",,GBIF strict name match
gbif-2497288,Asio capensis,Asio capensis,African Marsh Owl,Birds,species,Uganda: Queen Elizabeth NP. Historical occurrence records.,,GBIF strict name match
gbif-7340389,Atimastillas flavicollis,Atimastillas flavicollis,Yellow-throated Leaflove,Birds,species,"Uganda: Budongo Forest Reserve, Butiaba, Bwindi Impenetrable NP, Inve FR, Kabale and other localities. Historical occurrence records.",,GBIF strict name match
gbif-2480705,Aviceda cuculoides,Aviceda cuculoides,Cuckoo Hawk,Birds,species,"Uganda: Bwindi Impenetrable NP, Iyi FR, Murchison Falls NP, Murchison Falls National Park, QSD 33B and other localities. Historical occurrence records.",,GBIF strict name match
gbif-2498261,Aythya fuligula,Aythya fuligula,Tufted Duck,Birds,species,"Uganda: QSD 33A, QSD 56A, QSD 68B. Historical occurrence records.",,GBIF strict name match
gbif-2486218,Baeopogon indicator,Baeopogon indicator,Honeyguide Greenbul,Birds,species,"Uganda: Budongo Forest Reserve, Bugoma Forest Reserve, Bwindi Impenetrable NP, Itwara Forest Reserve, Kagombe FR and other localities. Historical occurrence records.",,GBIF strict name match
gbif-2480347,Balaeniceps rex,Balaeniceps rex,Shoebill,Birds,species,"Uganda: Kyambura Game Reserve, Murchison Falls NP, Murchison Falls National Park, QSD 21A, QSD 21C and other localities. Historical occurrence records.",,GBIF strict name match
gbif-5228232,Balearica pavonina,Balearica pavonina,Black-crowned Crane,Birds,species,"Uganda: Arua Municipality, Arua Town, Era Forest Reserve, Kagombe FR, Lake Bunyonyi and other localities. Historical occurrence records.",,GBIF strict name match
gbif-5228229,Balearica regulorum,Balearica regulorum,Grey Crowned Crane,Birds,species,"Uganda: A108, Ajai Wildlife Reserve, Ajai's Game Reserve, Amaply t/o, Bushenyi and other localities. Historical occurrence records.",,GBIF strict name match
gbif-2493502,Bathmocercus rufus,Bathmocercus rufus,Black-faced Rufous Warbler,Birds,species,"Uganda: Bwindi Impenetrable NP, Itwara Forest Reserve, Kagombe FR, Kalinzu, Kalinzu FR and other localities. Historical occurrence records.",,GBIF strict name match
gbif-5231171,Batis diops,Batis diops,Rwenzori Batis,Birds,species,"Uganda: Bwindi Impenetrable NP, Echuya Forest Reserve, Kasangali, Mafuga Forest Reserve, Murchison Falls NP and other localities. Historical occurrence records.",,GBIF strict name match
gbif-5231184,Batis ituriensis,Batis ituriensis,Ituri Batis,Birds,species,"Uganda: Budongo Forest Reserve, Semliki Forest NP. Historical occurrence records.",,GBIF strict name match
gbif-5231180,Batis minor,Batis minor,Black-headed Batis,Birds,species,"Uganda: Ajai Wildlife Reserve, Budongo Forest Reserve, Bugoma Forest Reserve, Karuma Game Reserve, Kinyara Sugar Estate and other localities. Historical occurrence records.",,GBIF strict name match
gbif-5231186,Batis molitor,Batis molitor,Chin-spot Batis,Birds,species,"Uganda: Budongo Forest Reserve, Bwindi Impenetrable NP, Fort-Portal, Kagombe FR, Kalinzu FR and other localities. Historical occurrence records.",,GBIF strict name match
gbif-5231181,Batis orientalis,Batis orientalis,Grey-headed Batis,Birds,species,Uganda: A111. Historical occurrence records.,,GBIF strict name match
gbif-2492284,Bias musicus,Bias musicus,Black and White Flycatcher,Birds,species,"Uganda: Budongo Forest Reserve, Bwindi Impenetrable NP, Fort-Portal, Iribata, Itwara Forest Reserve and other localities. Historical occurrence records.",,GBIF strict name match
gbif-5229203,Bostrychia hagedash,Bostrychia hagedash,Hadada,Birds,species,"Uganda: A109A, A110, A111, Ajai Wildlife Reserve, Ajai's Game Reserve and other localities. Historical occurrence records.",,GBIF strict name match
gbif-5229202,Bostrychia olivacea,Bostrychia olivacea,African Green Ibis,Birds,species,Uganda: Semliki Forest NP. Historical occurrence records.,,GBIF strict name match
gbif-5229201,Bostrychia rara,Bostrychia rara,Spot-breasted Ibis,Birds,species,Uganda: Semliki Forest NP. Historical occurrence records.,,GBIF strict name match
gbif-2492639,Bradornis pallidus,Bradornis pallidus,Pale Flycatcher,Birds,species,"Uganda: Bugungu Game Reserve, Era Forest Reserve, Hoima, Mt Kei FR, Mt Otzi FR and other localities. Historical occurrence records.",,GBIF strict name match
gbif-5231351,Bradypterus alfredi,Bradypterus alfredi,Bamboo Warbler,Birds,species,"Uganda: Bwindi Impenetrable NP, Kasyoha-Kitomi FR, Ngoto Swamp, QSD 44C. Historical occurrence records.",,GBIF strict name match
gbif-5231344,Bradypterus baboecala,Bradypterus baboecala,Little Rush Warbler,Birds,species,"Uganda: Ajai Wildlife Reserve, Kabale, Kyambura Wildlife Reserve, Lake Bunyonyi, Lake George and other localities. Historical occurrence records.",,GBIF strict name match
gbif-5231358,Bradypterus carpalis,Bradypterus carpalis,White-winged Warbler,Birds,species,"Uganda: Ajai Wildlife Reserve, Bwindi Impenetrable NP, Kibale Forest NP, Kinyara Sugar Estate, Kyambura Game Reserve and other localities. Historical occurrence records.",,GBIF strict name match
gbif-5231354,Bradypterus graueri,Bradypterus graueri,Grauer's Rush Warbler,Birds,species,"Uganda: Bwindi Impenetrable NP, Echuya Forest Reserve, Muchuya Swamp. Historical occurrence records.",,GBIF strict name match
gbif-5231347,Bradypterus lopezi,Bradypterus lopezi,Evergreen Forest Warbler,Birds,species,"Uganda: Bwindi Impenetrable NP, Kasangali, Nsenyi, QSD 55D, Rwenzori Mountains NP. Historical occurrence records.",,GBIF strict name match
gbif-5959111,Bubo africanus,Bubo africanus,Spotted Eagle Owl,Birds,species,"Uganda: Budongo Forest Reserve, Kilembe Mines Valley, Kyambura Game Reserve, Muko, Nyabyeya and other localities. Historical occurrence records.",,GBIF strict name match
gbif-5959139,Bubo lacteus,Bubo lacteus,Verreaux's Eagle Owl,Birds,species,"Uganda: Ajai Wildlife Reserve, Kasangali, Kisizi Hospital, Kyambura Game Reserve, Kyambura Wildlife Reserve and other localities. Historical occurrence records.",,GBIF strict name match
gbif-5959135,Bubo poensis,Bubo poensis,Fraser's Eagle Owl,Birds,species,Uganda: Bwindi Impenetrable NP. Historical occurrence records.,,GBIF strict name match
gbif-2480830,Bubulcus ibis,Bubulcus ibis,Cattle Egret,Birds,species,"Uganda: Bunyampaka, Butiaba, Era Forest Reserve, Hamukungu, Kahendoro and other localities. Historical occurrence records.",,GBIF strict name match
gbif-2478790,Buccanodon duchaillui,Buccanodon duchaillui,Yellow-spotted Barbet,Birds,species,"Uganda: Budongo Forest Reserve, Bugoma FR, Bwindi Impenetrable NP, Itwara Forest Reserve, Kagombe FR and other localities. Historical occurrence records.",,GBIF strict name match
gbif-2476042,Bucorvus abyssinicus,Bucorvus abyssinicus,Abyssinian Ground Hornbill,Birds,species,"Uganda: Ajai's Game Reserve, Budongo Forest Reserve, Butiaba, Era Forest Reserve, Mt Kei FR and other localities. Historical occurrence records.",,GBIF strict name match
gbif-2489053,Buphagus africanus,Buphagus africanus,Yellow-billed Oxpecker,Birds,species,"Uganda: Kyambura Game Reserve, Kyambura Wildlife Reserve, Murchison Falls NP, Murchison Falls National Park, QSD 22C and other localities. Historical occurrence records.",,GBIF strict name match
gbif-2489052,Buphagus erythrorhynchus,Buphagus erythrorhynchus,Red-billed Oxpecker,Birds,species,"Uganda: Murchison Falls NP, QSD 21D, QSD 44A, QSD 56A, QSD 9C. Historical occurrence records.",,GBIF strict name match
gbif-2482097,Burhinus capensis,Burhinus capensis,Spotted Thicknee,Birds,species,Uganda: QSD 21D. Historical occurrence records.,,GBIF strict name match
gbif-2482100,Burhinus oedicnemus,Burhinus oedicnemus,Stone Curlew,Birds,species,"Uganda: QSD 21C, QSD 21D, QSD 9C, Queen Elizabeth NP. Historical occurrence records.",,GBIF strict name match
gbif-2482099,Burhinus senegalensis,Burhinus senegalensis,Senegal Thicknee,Birds,species,"Uganda: Butiaba Pier, Murchison Falls National Park, QSD 21C, QSD 21D, QSD 22C and other localities. Historical occurrence records.",,GBIF strict name match
gbif-2482095,Burhinus vermiculatus,Burhinus vermiculatus,Water Thicknee,Birds,species,"Uganda: Kyambura Game Reserve, Kyambura Wildlife Reserve, Lake Edward, Lake George, Lake Kasenyi and other localities. Historical occurrence records.",,GBIF strict name match
gbif-2480480,Butastur rufipennis,Butastur rufipennis,Grasshopper Buzzard,Birds,species,"Uganda: Ajai Wildlife Reserve, Budongo Forest Reserve, Kafu, Kimengo, Masindi Town and other localities. Historical occurrence records.",,GBIF strict name match
gbif-2480568,Buteo auguralis,Buteo auguralis,Red-necked Buzzard,Birds,species,"Uganda: Ajai Wildlife Reserve, Budongo Forest Reserve, Bwindi Impenetrable NP, Echuya Forest Reserve, Inve FR and other localities. Historical occurrence records.",,GBIF strict name match
gbif-2480537,Buteo buteo,Buteo buteo,Common Buzzard,Birds,species,"Uganda: Ajai's Game Reserve, Budongo Forest Reserve, Bwindi Impenetrable NP, Fort-Portal-Bundibugyo Road, Inve FR and other localities. Historical occurrence records.",,GBIF strict name match
gbif-2480536,Buteo oreophilus,Buteo oreophilus,Mountain Buzzard,Birds,species,"Uganda: Bwindi Impenetrable NP, Echuya Forest Reserve, Kalinzu FR, Kasangali, Kazingo and other localities. Historical occurrence records.",,GBIF strict name match
gbif-2480564,Buteo rufinus,Buteo rufinus,Long-legged Buzzard,Birds,species,"Uganda: QSD 44A, Queen Elizabeth NP. Historical occurrence records.",,GBIF strict name match
gbif-2480554,Buteo rufofuscus,Buteo rufofuscus,Augur Buzzard,Birds,species,"Uganda: Budongo Forest Reserve, Bwindi Impenetrable NP, Ihunga Village, Itwara Forest Reserve, Kabale and other localities. Historical occurrence records.",,GBIF strict name match
gbif-5228447,Bycanistes cylindricus,Bycanistes cylindricus,White-thighed Hornbill,Birds,species,"Uganda: Budongo FR, Budongo Forest Reserve, Bwamba, Bwindi Impenetrable NP, Kagadi and other localities. Historical occurrence records.",,GBIF strict name match
gbif-5228443,Bycanistes fistulator,Bycanistes fistulator,White-tailed Hornbill,Birds,species,"Uganda: Budongo Forest Reserve, QSD 43B, QSD 43D, Semliki Forest NP. Historical occurrence records.",,GBIF strict name match
gbif-5228440,Bycanistes subcylindricus,Bycanistes subcylindricus,Black and White Casqued Hornbill,Birds,species,"Uganda: Ajai Wildlife Reserve, Budongo Forest Reserve, Bugoma FR, Bwentale Ranger Post Area, Bwindi Impenetrable NP and other localities. Historical occurrence records.",,GBIF strict name match
gbif-2492742,Calamonastes simplex,Calamonastes simplex,Grey Wren Warbler,Birds,species,"Uganda: Kasyoha-Kitomi Forest Reserve, Mt Otzi FR. Historical occurrence records.",,GBIF strict name match
gbif-6101022,Calamonastides gracilirostris,Calamonastides gracilirostris,Papyrus Yellow Warbler,Birds,species,"Uganda: Kyambura Wildlife Reserve, Nyamuriro Swamp. Historical occurrence records.",,GBIF strict name match
gbif-5230989,Calandrella cinerea,Calandrella cinerea,Red-capped Lark,Birds,species,"Uganda: Kyambura Game Reserve, Lake Munyanyange, QSD 44C, QSD 55D, QSD 69A and other localities. Historical occurrence records.",,GBIF strict name match
gbif-2481748,Calidris alba,Calidris alba,Sanderling,Birds,species,"Uganda: QSD 33A, QSD 44A, Queen Elizabeth NP. Historical occurrence records.",,GBIF strict name match
gbif-2481759,Calidris alpina,Calidris alpina,Dunlin,Birds,species,Uganda: Queen Elizabeth NP. Historical occurrence records.,,GBIF strict name match
gbif-7537888,Calidris falcinellus,Calidris falcinellus,Broad-billed Sandpiper,Birds,species,"Uganda: Lake Mutanda, QSD 55B. Historical occurrence records.",,GBIF strict name match
gbif-2481741,Calidris ferruginea,Calidris ferruginea,Curlew Sandpiper,Birds,species,"Uganda: Kyambura Wildlife Reserve, Murchison Falls NP, QSD 33A, QSD 55D, QSD 56A and other localities. Historical occurrence records.",,GBIF strict name match
gbif-2481749,Calidris minuta,Calidris minuta,Little Stint,Birds,species,"Uganda: Bunyampaka, Kigezi, Kyambura Wildlife Reserve, Lake Edward, Lake Kasenyi and other localities. Historical occurrence records.",,GBIF strict name match
gbif-8250742,Calidris pugnax,Calidris pugnax,Ruff,Birds,species,"Uganda: Kyambura Game Reserve, Kyambura Wildlife Reserve, Lake Edward, Lake Kasenyi, Lake Katwe and other localities. Historical occurrence records.",,GBIF strict name match
gbif-2481750,Calidris subminuta,Calidris subminuta,Long-toed Stint,Birds,species,Uganda: Kyambura Wildlife Reserve. Historical occurrence records.,,GBIF strict name match
gbif-2481740,Calidris temminckii,Calidris temminckii,Temminck's Stint,Birds,species,"Uganda: Katwe Bay, Kyambura Game Reserve, Murchison Falls NP, QSD 33A, QSD 55B and other localities. Historical occurrence records.",,GBIF strict name match
gbif-5231296,Camaroptera brachyura,Camaroptera brachyura,Grey-backed Camaroptera,Birds,species,"Uganda: A101, A105, A106, A110, A114B and other localities. Historical occurrence records.",,GBIF strict name match
gbif-5231295,Camaroptera chloronota,Camaroptera chloronota,Olive-green Camaroptera,Birds,species,"Uganda: Budongo FR, Budongo Forest Reserve, Bugoma FR, Bugoma Forest Reserve, Bwamba and other localities. Historical occurrence records.",,GBIF strict name match
gbif-5231299,Camaroptera superciliaris,Camaroptera superciliaris,Yellow-browed Camaroptera,Birds,species,"Uganda: Budongo Forest Reserve, Bwindi Impenetrable NP, Kasyoha-Kitomi FR, QSD 33C, QSD 44A and other localities. Historical occurrence records.",,GBIF strict name match
gbif-2486745,Campephaga flava,Campephaga flava,Black Cuckoo Shrike,Birds,species,"Uganda: Ajai Wildlife Reserve, Budongo Forest Reserve, Bwindi Impenetrable NP, Era FR, Kasangali and other localities. Historical occurrence records.",,GBIF strict name match
gbif-2486744,Campephaga petiti,Campephaga petiti,Petit's Cuckoo Shrike,Birds,species,"Uganda: Bwindi Impenetrable NP, Itwara Forest Reserve, Kalinzu Forest Reserve, Kibale Forest NP, Kyambura Game Reserve. Historical occurrence records.",,GBIF strict name match
gbif-2486741,Campephaga phoenicea,Campephaga phoenicea,Red-shouldered Cuckoo Shrike,Birds,species,"Uganda: Ajai Wildlife Reserve, Budongo Forest Reserve, Bugungu Game Reserve, Bwindi Impenetrable NP, Karuma Game Reserve and other localities. Historical occurrence records.",,GBIF strict name match
gbif-2486743,Campephaga quiscalina,Campephaga quiscalina,Purple-throated Cuckoo Shrike,Birds,species,"Uganda: Budongo Forest Reserve, Bwindi Impenetrable NP, Kitwe, QSD 45A, QSD 8D. Historical occurrence records.",,GBIF strict name match
gbif-2478189,Campethera cailliautii,Campethera cailliautii,Little Spotted Woodpecker,Birds,species,"Uganda: Maramagambo Forest Reserve, QSD 44A, QSD 56C, Queen Elizabeth NP. Historical occurrence records.",,GBIF strict name match
gbif-2478195,Campethera nubica,Campethera nubica,Nubian Woodpecker,Birds,species,"Uganda: Ajai Wildlife Reserve, Budongo Forest Reserve, Era FR, Karuma Game Reserve, Kasangali and other localities. Historical occurrence records.",,GBIF strict name match
gbif-2478169,Campethera tullbergi,Campethera tullbergi,Fine-banded Woodpecker,Birds,species,"Uganda: Bwindi Impenetrable NP, Kalinzu Forest Reserve, Kasangali, Kasyoha-Kitomi Forest Reserve, Kibale Forest NP and other localities. Historical occurrence records.",,GBIF strict name match
gbif-11251051,Campocolinus coqui,Campocolinus coqui,Coqui Francolin,Birds,species,"Uganda: Kasangali, Kyambura Game Reserve, Mubuku, Nsenyi, QSD 56C. Historical occurrence records.",,GBIF strict name match
gbif-2496937,Caprimulgus clarus,Caprimulgus clarus,Slender-tailed Nightjar,Birds,species,"Uganda: Karogoto, QSD 22C, QSD 43D, QSD 44C, Queen Elizabeth NP. Historical occurrence records.",,GBIF strict name match
gbif-2496964,Caprimulgus climacurus,Caprimulgus climacurus,Long-tailed Nightjar,Birds,species,"Uganda: Ajai Wildlife Reserve, Murchison Falls NP, Murchison Falls National Park, QSD 20B, QSD 20D and other localities. Historical occurrence records.",,GBIF strict name match
gbif-8109681,Caprimulgus europaeus,Caprimulgus europaeus,Eurasian Nightjar,Birds,species,"Uganda: Murchison Falls NP, QSD 33A, QSD 55B, QSD 55D, QSD 69A and other localities. Historical occurrence records.",,GBIF strict name match
gbif-2496905,Caprimulgus fossii,Caprimulgus fossii,Gabon Nightjar,Birds,species,"Uganda: Murchison Falls NP, QSD 43D, QSD 44C, QSD 55D, QSD 56A and other localities. Historical occurrence records.",,GBIF strict name match
gbif-2496848,Caprimulgus inornatus,Caprimulgus inornatus,Plain Nightjar,Birds,species,"Uganda: Bulyengo, Era Forest Reserve, Murchison Falls NP, QSD 33A, QSD 45A and other localities. Historical occurrence records.",,GBIF strict name match
gbif-7431467,Caprimulgus longipennis,Caprimulgus longipennis,Standard-winged Nightjar,Birds,species,"Uganda: Budongo Forest Reserve, East of Budongo Forest Reserve, Kafu, Karogoto, Kisangi Forest Reserve and other localities. Historical occurrence records.",,GBIF strict name match
gbif-2496911,Caprimulgus natalensis,Caprimulgus natalensis,White-tailed Nightjar,Birds,species,"Uganda: Kinyara Sugar Estate, Kyambura Wildlife Reserve, Murchison Falls National Park, QSD 20B, QSD 21A and other localities. Historical occurrence records.",,GBIF strict name match
gbif-2496904,Caprimulgus nigriscapularis,Caprimulgus nigriscapularis,Black-shouldered Nightjar,Birds,species,"Uganda: Bugoma FR, Kisangi Forest Reserve, Kyambura Game Reserve, Nyabyeya, QSD 32D and other localities. Historical occurrence records.",,GBIF strict name match
gbif-2496986,Caprimulgus poliocephalus,Caprimulgus poliocephalus,Montane Nightjar,Birds,species,"Uganda: Bwindi Impenetrable NP, Echuya Forest Reserve, Mafuga Forest Reserve, Nsenyi, Nyamiriro Swamp and other localities. Historical occurrence records.",,GBIF strict name match
gbif-2496926,Caprimulgus tristigma,Caprimulgus tristigma,Freckled Nightjar,Birds,species,"Uganda: Budongo Forest Reserve, Kyegegwa Savanna, Mt Kei FR, QSD 21A, QSD 21B and other localities. Historical occurrence records.",,GBIF strict name match
gbif-7675358,Caprimulgus vexillarius,Caprimulgus vexillarius,Pennant-winged Nightjar,Birds,species,"Uganda: Ajai Wildlife Reserve, Budongo Forest Reserve, Bugoma FR, East of Budongo Forest Reserve, Era Forest Reserve and other localities. Historical occurrence records.",,GBIF strict name match
gbif-6095032,Cecropis abyssinica,Cecropis abyssinica,Striped Swallow,Birds,species,"Uganda: A106, Budongo Forest Reserve, Bugoma FR, Butogota Village, Echuya Forest Reserve and other localities. Historical occurrence records.",,GBIF strict name match
gbif-9717283,Cecropis daurica,Cecropis daurica,Red-rumped Swallow,Birds,species,"Uganda: Butogota Village, Bwindi Impenetrable NP, Fort-Portal, Ibanda Town, Ihunga Village and other localities. Historical occurrence records.",,GBIF strict name match
gbif-7342255,Cecropis semirufa,Cecropis semirufa,Rufous-chested Swallow,Birds,species,"Uganda: Ajai Wildlife Reserve, Fort-Portal, Kibale Forest NP, Kyambura Game Reserve, Kyambura Wildlife Reserve and other localities. Historical occurrence records.",,GBIF strict name match
gbif-7342250,Cecropis senegalensis,Cecropis senegalensis,Mosque Swallow,Birds,species,"Uganda: Arua Town, Budongo Forest Reserve, Bwamba, Bwindi Impenetrable NP, Fort-Portal and other localities. Historical occurrence records.",,GBIF strict name match
gbif-5232013,Centropus grillii,Centropus grillii,Black Coucal,Birds,species,"Uganda: Ajai Wildlife Reserve, Kinyara Sugar Estate, Kyambura Game Reserve, Kyambura Wildlife Reserve, Murchison Falls NP and other localities. Historical occurrence records.",,GBIF strict name match
gbif-5231993,Centropus monachus,Centropus monachus,Blue-headed Coucal,Birds,species,"Uganda: Ajai Wildlife Reserve, Budongo Forest Reserve, Bwamba, Bwindi Impenetrable NP, Echuya Forest Reserve and other localities. Historical occurrence records.",,GBIF strict name match
gbif-5231999,Centropus senegalensis,Centropus senegalensis,Senegal Coucal,Birds,species,"Uganda: Ajai Wildlife Reserve, Ajai's Game Reserve, Budongo Forest Reserve, Bugoma FR, Busingiro and other localities. Historical occurrence records.",,GBIF strict name match
gbif-5231960,Centropus superciliosus,Centropus superciliosus,White-browed Coucal,Birds,species,"Uganda: A103, Ajai Wildlife Reserve, Ajai's Game Reserve, Bugungu Game Researve, Bugungu Game Reserve and other localities. Historical occurrence records.",,GBIF strict name match
gbif-2476002,Ceratogymna atrata,Ceratogymna atrata,Black-wattled Hornbill,Birds,species,"Uganda: Bwamba, Murchison Falls NP, QSD 43B, Semliki Forest NP. Historical occurrence records.",,GBIF strict name match
gbif-2496490,Cercococcyx mechowi,Cercococcyx mechowi,Dusky Long-tailed Cuckoo,Birds,species,"Uganda: Budongo Forest Reserve, Bugoma Forest Reserve, Bwamba, Bwindi Impenetrable NP, Echuya Forest Reserve and other localities. Historical occurrence records.",,GBIF strict name match
gbif-2496491,Cercococcyx montanus,Cercococcyx montanus,Barred Long-tailed Cuckoo,Birds,species,"Uganda: Bwindi Impenetrable NP, Echuya Forest Reserve, Kasangali, Mafuga Forest Reserve, Nsenyi and other localities. Historical occurrence records.",,GBIF strict name match
gbif-2496494,Cercococcyx olivinus,Cercococcyx olivinus,Olive Long-tailed Cuckoo,Birds,species,"Uganda: Budongo Forest Reserve, Bwindi Impenetrable NP, Itwara Forest Reserve, Kalinzu FR, Kasangali and other localities. Historical occurrence records.",,GBIF strict name match
gbif-2475679,Ceryle rudis,Ceryle rudis,Pied Kingfisher,Birds,species,"Uganda: Ajai's Game Reserve, Bunyampaka, Butiaba Pier, Bwamba, Hamukungu and other localities. Historical occurrence records.",,GBIF strict name match
gbif-2496449,Ceuthmochares aereus,Ceuthmochares aereus,Yellowbill,Birds,species,"Uganda: Ajai Wildlife Reserve, Budongo FR, Budongo Forest Reserve, Bugoma FR, Bugungu Game Reserve and other localities. Historical occurrence records.",,GBIF strict name match
gbif-7340881,Chalcomitra amethystina,Chalcomitra amethystina,Amethyst Sunbird,Birds,species,Uganda: Toro-Semliki WR. Historical occurrence records.,,GBIF strict name match
gbif-7340886,Chalcomitra rubescens,Chalcomitra rubescens,Green-throated Sunbird,Birds,species,"Uganda: Budongo Forest Reserve, Bugoma FR, Bwindi Impenetrable NP, Kalinzu Forest Reserve, Kasyoha-Kitomi Forest Reserve and other localities. Historical occurrence records.",,GBIF strict name match
gbif-7340870,Chalcomitra senegalensis,Chalcomitra senegalensis,Scarlet-chested Sunbird,Birds,species,"Uganda: A101, A103, A107, Ajai Wildlife Reserve, B102 and other localities. Historical occurrence records.",,GBIF strict name match
gbif-2480311,Charadrius alexandrinus,Charadrius alexandrinus,Kentish Plover,Birds,species,"Uganda: Lake Kasenyi, Queen Elizabeth NP. Historical occurrence records.",,GBIF strict name match
gbif-2480308,Charadrius asiaticus,Charadrius asiaticus,Caspian Plover,Birds,species,"Uganda: Kyambura Game Reserve, Lake Kasenyi, Murchison Falls NP, QSD 21C, QSD 22C and other localities. Historical occurrence records.",,GBIF strict name match
gbif-7937336,Charadrius dubius,Charadrius dubius,Little Ringed Plover,Birds,species,"Uganda: Murchison Falls National Park, QSD 21D, QSD 33A, Queen Elizabeth NP. Historical occurrence records.",,GBIF strict name match
gbif-9566659,Charadrius hiaticula,Charadrius hiaticula,Ringed Plover,Birds,species,"Uganda: Bunyampaka, Butiaba Pier, Kyambura Wildlife Reserve, Lake Edward, Lake George and other localities. Historical occurrence records.",,GBIF strict name match
gbif-2480288,Charadrius marginatus,Charadrius marginatus,White-fronted Sandplover,Birds,species,"Uganda: QSD 21D, QSD 22C, QSD 33A, Queen Elizabeth NP. Historical occurrence records.",,GBIF strict name match
gbif-9722670,Charadrius mongolus,Charadrius mongolus,Mongolian Sandplover,Birds,species,"Uganda: Kyambura Game Reserve, Queen Elizabeth NP. Historical occurrence records.",,GBIF strict name match
gbif-2480317,Charadrius pecuarius,Charadrius pecuarius,Kittlitz's Sandplover,Birds,species,"Uganda: Bunyampaka, Kasenyi, Kashaka, Kyambura Game Reserve, Kyambura Wildlife Reserve and other localities. Historical occurrence records.",,GBIF strict name match
gbif-2480325,Charadrius tricollaris,Charadrius tricollaris,Three-banded Plover,Birds,species,"Uganda: Bunyampaka, Kyambura Game Reserve, Lake Kasenyi, Lake Mutanda, Mongiro Hot Spring and other localities. Historical occurrence records.",,GBIF strict name match
gbif-2481120,Chlidonias leucopterus,Chlidonias leucopterus,White-winged Black Tern,Birds,species,"Uganda: Atura, Bunyampaka, Bunyoro, Butiaba, Butiaba Pier and other localities. Historical occurrence records.",,GBIF strict name match
gbif-2486174,Chlorocichla laetissima,Chlorocichla laetissima,Joyful Greenbul,Birds,species,"Uganda: Itwara Forest Reserve, Kasyoha-Kitomi FR, Kasyoha-Kitomi Forest Reserve, Kibale Forest NP, Lake Kifuruka and other localities. Historical occurrence records.",,GBIF strict name match
gbif-8818908,Chloropicus namaquus,Chloropicus namaquus,Bearded Woodpecker,Birds,species,"Uganda: Ajai's Game Reserve, Budongo Forest Reserve, Katonga Game Reserve, Lake Nkuruba, Maramagambo Forest Reserve and other localities. Historical occurrence records.",,GBIF strict name match
gbif-9215800,Chloropicus xantholophus,Chloropicus xantholophus,Yellow-crested Woodpecker,Birds,species,"Uganda: Budongo FR, Budongo Forest Reserve, Bugoma FR, Kagombe FR, Kalinzu FR and other localities. Historical occurrence records.",,GBIF strict name match
gbif-6065820,Chroicocephalus cirrocephalus,Chroicocephalus cirrocephalus,Grey-headed Gull,Birds,species,"Uganda: Bunyampaka, Butiaba Pier, Kahendoro, Kyambura Game Reserve, Lake Edward and other localities. Historical occurrence records.",,GBIF strict name match
gbif-6065810,Chroicocephalus genei,Chroicocephalus genei,Slender-billed Gull,Birds,species,Uganda: Queen Elizabeth NP. Historical occurrence records.,,GBIF strict name match
gbif-6065824,Chroicocephalus ridibundus,Chroicocephalus ridibundus,Black-headed Gull,Birds,species,"Uganda: QSD 21D, QSD 55B, Queen Elizabeth NP. Historical occurrence records.",,GBIF strict name match
gbif-2496333,Chrysococcyx caprius,Chrysococcyx caprius,Didric Cuckoo,Birds,species,"Uganda: Ajai Wildlife Reserve, Budongo Forest Reserve, Bugoma FR, Bugungu Game Reserve, Bwentale Ranger Post Area and other localities. Historical occurrence records.",,GBIF strict name match
gbif-2496324,Chrysococcyx cupreus,Chrysococcyx cupreus,Emerald Cuckoo,Birds,species,"Uganda: Budongo Forest Reserve, Bugoma FR, Bwentale Ranger Post Area, Bwindi Impenetrable NP, Itwara Forest Reserve and other localities. Historical occurrence records.",,GBIF strict name match
gbif-2496332,Chrysococcyx flavigularis,Chrysococcyx flavigularis,Yellow-throated Green Cuckoo,Birds,species,"Uganda: Kasangali, Kasyoha-Kitomi FR, Nsenyi, QSD 55B, Semliki Forest NP. Historical occurrence records.",,GBIF strict name match
gbif-2496316,Chrysococcyx klaas,Chrysococcyx klaas,Klaas' Cuckoo,Birds,species,"Uganda: A101, Ajai Wildlife Reserve, Budongo Forest Reserve, Bugoma FR, Bwindi Impenetrable NP and other localities. Historical occurrence records.",,GBIF strict name match
gbif-2492647,Cichladusa guttata,Cichladusa guttata,Spotted Morning Thrush,Birds,species,"Uganda: Budongo Forest Reserve, Bugungu Game Reserve, Bulisa, Murchison Falls NP, Murchison Falls National Park and other localities. Historical occurrence records.",,GBIF strict name match
gbif-2481915,Ciconia abdimii,Ciconia abdimii,Abdim's Stork,Birds,species,"Uganda: Ajai's Game Reserve, Budongo Forest Reserve, Era Forest Reserve, Hoima Town, Iyi FR and other localities. Historical occurrence records.",,GBIF strict name match
gbif-2481912,Ciconia ciconia,Ciconia ciconia,White Stork,Birds,species,"Uganda: Ajai Wildlife Reserve, Butiaba Pier, Kasese, Kisangi Forest Reserve, Murchison Falls National Park and other localities. Historical occurrence records.",,GBIF strict name match
gbif-2481918,Ciconia episcopus,Ciconia episcopus,Woolly-necked Stork,Birds,species,"Uganda: Fort-Portal, Kamuganguzi, Kasese, Kyambura Game Reserve, Kyambura Wildlife Reserve and other localities. Historical occurrence records.",,GBIF strict name match
gbif-2481909,Ciconia nigra,Ciconia nigra,Black Stork,Birds,species,"Uganda: Kyambura Game Reserve, QSD 33B, QSD 55B. Historical occurrence records.",,GBIF strict name match
gbif-2489057,Cinnyricinclus leucogaster,Cinnyricinclus leucogaster,Violet-backed Starling,Birds,species,"Uganda: Budongo Forest Reserve, Bwindi Impenetrable NP, Era Forest Reserve, Fort-Portal-Bundibugyo Road, Inve FR and other localities. Historical occurrence records.",,GBIF strict name match
gbif-6087832,Cinnyris bouvieri,Cinnyris bouvieri,Orange-tufted Sunbird,Birds,species,Uganda: Mt Kei FR. Historical occurrence records.,,GBIF strict name match
gbif-7340700,Cinnyris mariquensis,Cinnyris mariquensis,Mariqua Sunbird,Birds,species,"Uganda: Ajai Wildlife Reserve, Budongo Forest Reserve, Kasangali, Kasese, Kinyara Sugar Estate and other localities. Historical occurrence records.",,GBIF strict name match
gbif-7340734,Cinnyris reichenowi,Cinnyris reichenowi,Northern Double-collared Sunbird,Birds,species,"Uganda: Bwindi Impenetrable NP, Fort-Portal, Kasyoha-Kitomi FR, Kazingo, Kibale Forest NP and other localities. Historical occurrence records.",,GBIF strict name match
gbif-7340746,Cinnyris stuhlmanni,Cinnyris stuhlmanni,Rwenzori [Stuhlmann's] Double-collared S,Birds,species,"Uganda: Ihunga Village, Kasangali, Nsenyi, QSD 68B, Rukungiri Town and other localities. Historical occurrence records.",,GBIF strict name match
gbif-2480664,Circaetus cinerascens,Circaetus cinerascens,Banded Snake Eagle,Birds,species,"Uganda: Ajai Wildlife Reserve, Butiaba, Karuma Game Reserve, Kibale Forest NP, Kinyara Sugar Estate and other localities. Historical occurrence records.",,GBIF strict name match
gbif-2480665,Circaetus cinereus,Circaetus cinereus,Brown Snake Eagle,Birds,species,"Uganda: Ajai Wildlife Reserve, Bugungu Game Researve, Bwindi Impenetrable NP, Iyi FR, Karuma Game Reserve and other localities. Historical occurrence records.",,GBIF strict name match
gbif-2480666,Circaetus gallicus,Circaetus gallicus,Short-toed Snake Eagle,Birds,species,"Uganda: Ihunga Village, Kimengo, Kyambura Game Reserve, Kyambura Wildlife Reserve, Mt Otzi FR and other localities. Historical occurrence records.",,GBIF strict name match
gbif-2480482,Circus aeruginosus,Circus aeruginosus,Eurasian Marsh Harrier,Birds,species,"Uganda: A109A, Ajai Wildlife Reserve, Buhesi, Butiaba, Butiaba Town and other localities. Historical occurrence records.",,GBIF strict name match
gbif-2480491,Circus macrourus,Circus macrourus,Pallid Harrier,Birds,species,"Uganda: Kyambura Wildlife Reserve, Murchison Falls NP, QSD 21A, QSD 21C, QSD 33A and other localities. Historical occurrence records.",,GBIF strict name match
gbif-2480495,Circus pygargus,Circus pygargus,Montagu's Harrier,Birds,species,"Uganda: Murchison Falls NP, Murchison Falls National Park, QSD 21C, QSD 22C, QSD 33A and other localities. Historical occurrence records.",,GBIF strict name match
gbif-5229173,Circus ranivorus,Circus ranivorus,African Marsh Harrier,Birds,species,"Uganda: A104, Ajai Wildlife Reserve, Atura, Bwamba, Fort-Portal and other localities. Historical occurrence records.",,GBIF strict name match
gbif-9450689,Cisticola ayresii,Cisticola ayresii,Wing-snapping Cisticola,Birds,species,"Uganda: Kyambura Game Reserve, Kyambura Wildlife Reserve, Murchison Falls NP, QSD 68B, Queen Elizabeth and other localities. Historical occurrence records.",,GBIF strict name match
gbif-2492795,Cisticola cantans,Cisticola cantans,Singing Cisticola,Birds,species,"Uganda: Era FR, Era Forest Reserve, Inve FR, Iyi FR, Karuma Game Reserve and other localities. Historical occurrence records.",,GBIF strict name match
gbif-2492787,Cisticola carruthersi,Cisticola carruthersi,Carruthers' Cisticola,Birds,species,"Uganda: Ajai Wildlife Reserve, Bwindi Impenetrable NP, Kabale, Kibale Forest NP, Kyambura Wildlife Reserve and other localities. Historical occurrence records.",,GBIF strict name match
gbif-7340518,Cisticola chiniana,Cisticola chiniana,Rattling Cisticola,Birds,species,"Uganda: A104, A107, Ajai Wildlife Reserve, Butiaba, Butiaba-Wanseko Road and other localities. Historical occurrence records.",,GBIF strict name match
gbif-2492797,Cisticola chubbi,Cisticola chubbi,Chubb's Cisticola,Birds,species,"Uganda: Bwindi Impenetrable NP, Echuya Forest Reserve, Fort-Portal, Ibanda Town, Ihunga Village and other localities. Historical occurrence records.",,GBIF strict name match
gbif-2492793,Cisticola erythrops,Cisticola erythrops,Red-faced Cisticola,Birds,species,"Uganda: Anyavu, Budongo Forest Reserve, Era FR, Era Forest Reserve, Fort-Portal and other localities. Historical occurrence records.",,GBIF strict name match
gbif-2492804,Cisticola galactotes,Cisticola galactotes,Winding Cisticola,Birds,species,"Uganda: A111, Ajai Wildlife Reserve, B103, Butiaba, Butiaba Pier and other localities. Historical occurrence records.",,GBIF strict name match
gbif-2492822,Cisticola juncidis,Cisticola juncidis,Zitting Cisticola,Birds,species,"Uganda: A106, Ajai Wildlife Reserve, Butiaba, Kasangali, Kyambura Wildlife Reserve and other localities. Historical occurrence records.",,GBIF strict name match
gbif-2492806,Cisticola lateralis,Cisticola lateralis,Whistling Cisticola,Birds,species,"Uganda: Ajai Wildlife Reserve, Budongo Forest Reserve, Bugoma Forest Reserve, Bwindi Impenetrable NP, Era Forest Reserve and other localities. Historical occurrence records.",,GBIF strict name match
gbif-2492810,Cisticola natalensis,Cisticola natalensis,Croaking Cisticola,Birds,species,"Uganda: Ajai Wildlife Reserve, Anyavu, Budongo Forest Reserve, Butiaba, Era Forest Reserve and other localities. Historical occurrence records.",,GBIF strict name match
gbif-2492813,Cisticola ruficeps,Cisticola ruficeps,Red-pate Cisticola,Birds,species,"Uganda: Mt Kei FR, Mt Otzi FR, Zoka Forest Reserve. Historical occurrence records.",,GBIF strict name match
gbif-2492799,Cisticola troglodytes,Cisticola troglodytes,Foxy Cisticola,Birds,species,"Uganda: Ajai Wildlife Reserve, Butiaba, Era FR, Era Forest Reserve, Mt Kei FR and other localities. Historical occurrence records.",,GBIF strict name match
gbif-2492792,Cisticola woosnami,Cisticola woosnami,Trilling Cisticola,Birds,species,"Uganda: Kalinzu FR, Kasangali, Kasyoha-Kitomi FR, Kyambura Wildlife Reserve, Kyegegwa Savanna and other localities. Historical occurrence records.",,GBIF strict name match
gbif-2496464,Clamator glandarius,Clamator glandarius,Great Spotted Cuckoo,Birds,species,"Uganda: Laropi, Moyo Town, Murchison Falls NP, Otrevu FR, QSD 33A and other localities. Historical occurrence records.",,GBIF strict name match
gbif-2496468,Clamator jacobinus,Clamator jacobinus,Black and White Cuckoo,Birds,species,"Uganda: Budongo Forest Reserve, Kasangali, Murchison Falls NP, Murchison Falls National Park, Nsenyi and other localities. Historical occurrence records.",,GBIF strict name match
gbif-2496465,Clamator levaillantii,Clamator levaillantii,Levaillant's Cuckoo,Birds,species,"Uganda: A109A, Ajai Wildlife Reserve, Ajai's Game Reserve, Bwindi Impenetrable NP, Era FR and other localities. Historical occurrence records.",,GBIF strict name match
gbif-2493735,Clytospiza monteiri,Clytospiza monteiri,Brown Twinspot,Birds,species,"Uganda: Ajai Wildlife Reserve, Budongo Forest Reserve, Busingiro, Era Forest Reserve, Karuma Game Reserve and other localities. Historical occurrence records.",,GBIF strict name match
gbif-5229467,Colius striatus,Colius striatus,Speckled Mousebird,Birds,species,"Uganda: A106, A108, A109A, Ajai Wildlife Reserve, Ajai's Game Reserve and other localities. Historical occurrence records.",,GBIF strict name match
gbif-5231846,Columba albinucha,Columba albinucha,White-naped Pigeon,Birds,species,"Uganda: Kasangali, Kasyoha-Kitomi FR Corridor. Historical occurrence records.",,GBIF strict name match
gbif-5231873,Columba arquatrix,Columba arquatrix,Olive Pigeon,Birds,species,"Uganda: Bwindi Impenetrable NP, Echuya Forest Reserve, Kasangali, Kibale Forest NP, Mafuga Forest Reserve and other localities. Historical occurrence records.",,GBIF strict name match
gbif-5231865,Columba delegorguei,Columba delegorguei,Bronze-naped Pigeon,Birds,species,Uganda: Kasangali. Historical occurrence records.,,GBIF strict name match
gbif-5231817,Columba guinea,Columba guinea,Speckled Pigeon,Birds,species,"Uganda: Arua Town, Ibanda Town, Kabale Town, Kasangali, Kigezi and other localities. Historical occurrence records.",,GBIF strict name match
gbif-5231851,Columba iriditorques,Columba iriditorques,Western Bronze-naped Pigeon,Birds,species,"Uganda: Bwindi Impenetrable NP, Kalinzu, Kalinzu FR, Kalinzu FR Corridor, Kalinzu Forest Reserve and other localities. Historical occurrence records.",,GBIF strict name match
gbif-5231853,Columba larvata,Columba larvata,Lemon Dove,Birds,species,"Uganda: Bwindi Impenetrable NP, Kasangali, Kibale Forest NP, Maramagambo, Maramagambo Forest Reserve and other localities. Historical occurrence records.",,GBIF strict name match
gbif-2495414,Columba livia,Columba livia,Feral Pigeon,Birds,species,"Uganda: Fort-Portal, Hoima Town, Ibanda Town, Kahendero, Kasese and other localities. Historical occurrence records.",Terrestrial,GBIF strict name match
gbif-5231836,Columba unicincta,Columba unicincta,Afep Pigeon,Birds,species,"Uganda: A103B, Budongo Forest Reserve, Bugoma Forest Reserve, Bwindi Impenetrable NP, C113 and other localities. Historical occurrence records.",,GBIF strict name match
gbif-2475373,Coracias abyssinicus,Coracias abyssinicus,Abyssinian Roller,Birds,species,"Uganda: Aboke road, Ajai Wildlife Reserve, Ajai's Game Reserve, Budongo Forest Reserve, East Madi and other localities. Historical occurrence records.",,GBIF strict name match
gbif-2475360,Coracias caudatus,Coracias caudatus,Lilac-breasted Roller,Birds,species,"Uganda: Ajai's Game Reserve, Kasangali, Kimengo, Masindi Town, Murchison Falls NP and other localities. Historical occurrence records.",,GBIF strict name match
gbif-2475365,Coracias garrulus,Coracias garrulus,Eurasian Roller,Birds,species,"Uganda: Kinyara Sugar Estate, QSD 21A, QSD 21B, QSD 21D, QSD 33A and other localities. Historical occurrence records.",,GBIF strict name match
gbif-2486771,Coracina caesia,Coracina caesia,Grey Cuckoo Shrike,Birds,species,"Uganda: Bwindi Impenetrable NP, Mafuga Forest Reserve, Maramagambo Forest Reserve, Nsenyi, QSD 56A and other localities. Historical occurrence records.",,GBIF strict name match
gbif-2486795,Coracina pectoralis,Coracina pectoralis,White-breasted Cuckoo Shrike,Birds,species,"Uganda: Ajai Wildlife Reserve, Bibia, Era Forest Reserve, Karuma Game Reserve, Kasangali and other localities. Historical occurrence records.",,GBIF strict name match
gbif-5231300,Corvinella corvina,Corvinella corvina,Yellow-billed Shrike,Birds,species,"Uganda: Era Forest Reserve, Masindi Road, Mgahinga Gorilla NP, Mt Kei FR, Otrevu FR and other localities. Historical occurrence records.",,GBIF strict name match
gbif-2482478,Corvus albicollis,Corvus albicollis,White-necked Raven,Birds,species,"Uganda: Bwindi Impenetrable NP, Echuya Forest Reserve, Kasangali, Kasese, Kicheche Town and other localities. Historical occurrence records.",,GBIF strict name match
gbif-2482519,Corvus albus,Corvus albus,Pied Crow,Birds,species,"Uganda: A103B, Ajai's Game Reserve, Anyavu, Arua Town, Butogota Village and other localities. Historical occurrence records.",,GBIF strict name match
gbif-2482497,Corvus rhipidurus,Corvus rhipidurus,Fan-tailed Raven,Birds,species,Uganda: Mt Otzi FR. Historical occurrence records.,,GBIF strict name match
gbif-6095338,Corythornis cristatus,Corythornis cristatus,Malachite Kingfisher,Birds,species,"Uganda: Ajai Wildlife Reserve, Ajai's Game Reserve, Budongo Forest Reserve, Butiaba, Butiaba Pier and other localities. Historical occurrence records.",,GBIF strict name match
gbif-7342305,Corythornis leucogaster,Corythornis leucogaster,White-bellied Kingfisher,Birds,species,"Uganda: Kyambura Game Reserve, QSD 43B, Queen Elizabeth NP, Semliki Forest NP. Historical occurrence records.",,GBIF strict name match
gbif-2492591,Cossypha archeri,Cossypha archeri,Archer's Ground Robin,Birds,species,"Uganda: Bwindi Impenetrable NP, Echuya Forest Reserve, Kasangali, Mgahinga Gorilla NP, Nsenyi and other localities. Historical occurrence records.",,GBIF strict name match
gbif-2492582,Cossypha caffra,Cossypha caffra,Robin Chat,Birds,species,"Uganda: Kasangali, Mgahinga Gorilla NP, Mgahinga Gorilla NP Gate, QSD 68B. Historical occurrence records.",,GBIF strict name match
gbif-2492587,Cossypha cyanocampter,Cossypha cyanocampter,Blue-shouldered Robin Chat,Birds,species,"Uganda: Budongo Forest Reserve, Bugoma Forest Reserve, Bwindi Impenetrable NP, Itwara Forest Reserve, Kagombe FR and other localities. Historical occurrence records.",,GBIF strict name match
gbif-2492592,Cossypha heuglini,Cossypha heuglini,White-browed Robin Chat,Birds,species,"Uganda: Ajai Wildlife Reserve, Ajai's Game Reserve, Bugungu Game Reserve, Bwindi Impenetrable NP, C104 and other localities. Historical occurrence records.",,GBIF strict name match
gbif-2492593,Cossypha natalensis,Cossypha natalensis,Red-capped Robin Chat,Birds,species,"Uganda: Ajai's Game Reserve, Budongo Forest Reserve, Bugoma Forest Reserve, Bwindi Impenetrable NP, Itwara Forest Reserve and other localities. Historical occurrence records.",,GBIF strict name match
gbif-2492590,Cossypha niveicapilla,Cossypha niveicapilla,Snowy-headed Robin Chat,Birds,species,"Uganda: Ajai Wildlife Reserve, Budongo Forest Reserve, Bugoma Forest Reserve, Busingiro, Bwentale Ranger Post Area and other localities. Historical occurrence records.",,GBIF strict name match
gbif-7341514,Cossyphicula roberti,Cossyphicula roberti,White-bellied Robin Chat,Birds,species,"Uganda: Bwindi Impenetrable NP, QSD 21A. Historical occurrence records.",,GBIF strict name match
gbif-2474156,Coturnix coturnix,Coturnix coturnix,Quail,Birds,species,"Uganda: Echuya Forest Reserve, Kyambura Game Reserve, Murchison Falls NP, Nsenyi, QSD 21D and other localities. Historical occurrence records.",,GBIF strict name match
gbif-2474141,Coturnix delegorguei,Coturnix delegorguei,Harlequin Quail,Birds,species,"Uganda: Lake Katwe, Murchison Falls NP, QSD 33A, QSD 43D, QSD 44A and other localities. Historical occurrence records.",,GBIF strict name match
gbif-2489016,Creatophora cinerea,Creatophora cinerea,Wattled Starling,Birds,species,"Uganda: Ajai Wildlife Reserve, Itwara Forest Reserve, Murchison Falls NP, Murchison Falls National Park, QSD 33B and other localities. Historical occurrence records.",,GBIF strict name match
gbif-5228155,Crex egregia,Crex egregia,African Crake,Birds,species,"Uganda: Kyambura Game Reserve, Kyambura Wildlife Reserve, Murchison Falls NP, Ntungama Road, QSD 21A and other localities. Historical occurrence records.",,GBIF strict name match
gbif-2475212,Crinifer zonurus,Crinifer zonurus,Eastern Grey Plantain Eater,Birds,species,"Uganda: A105, A106, A108, A109A, A111 and other localities. Historical occurrence records.",,GBIF strict name match
gbif-5230289,Criniger calurus,Criniger calurus,Red-tailed Greenbul,Birds,species,"Uganda: Budongo FR, Budongo Forest Reserve, Bugoma Forest Reserve, Bwindi Impenetrable NP, Kagombe FR and other localities. Historical occurrence records.",,GBIF strict name match
gbif-5230287,Criniger chloronotus,Criniger chloronotus,Eastern Bearded Greenbul,Birds,species,Uganda: Budongo Forest Reserve. Historical occurrence records.,,GBIF strict name match
gbif-6100979,Crithagra atrogularis,Crithagra atrogularis,Yellow-rumped Seed-eater,Birds,species,"Uganda: Bwindi Impenetrable NP, Kasangali, QSD 21D, QSD 44C. Historical occurrence records.",,GBIF strict name match
gbif-6101004,Crithagra burtoni,Crithagra burtoni,Thick-billed Seed-eater,Birds,species,"Uganda: Bwindi Impenetrable NP, Fort-Portal, Kasangali, Kasyoha-Kitomi FR, Kibale Forest NP and other localities. Historical occurrence records.",,GBIF strict name match
gbif-6100986,Crithagra citrinelloides,Crithagra citrinelloides,African Citril,Birds,species,"Uganda: A101, A107, Budongo Forest Reserve, Bugoma FR, Bwindi Impenetrable NP and other localities. Historical occurrence records.",,GBIF strict name match
gbif-6100998,Crithagra gularis,Crithagra gularis,Streaky-headed Seed-eater,Birds,species,"Uganda: Kasangali, Mt Kei FR, Murchison Falls NP, QSD 21D, QSD 8D. Historical occurrence records.",,GBIF strict name match
gbif-6100977,Crithagra koliensis,Crithagra koliensis,Papyrus Canary,Birds,species,"Uganda: Kinyara Sugar Estate, Kyambura Game Reserve, Nyamuriro, Nyamuriro Swamp, QSD 56C and other localities. Historical occurrence records.",,GBIF strict name match
gbif-6100990,Crithagra leucopygia,Crithagra leucopygia,White-rumped Seed-eater,Birds,species,"Uganda: Murchison Falls NP, Murchison Falls National Park, Nebbi Town, Paila, QSD 21A and other localities. Historical occurrence records.",,GBIF strict name match
gbif-6100996,Crithagra mozambica,Crithagra mozambica,Yellow-fronted Canary,Birds,species,"Uganda: A103, A104, A107, A112, Ajai Wildlife Reserve and other localities. Historical occurrence records.",,GBIF strict name match
gbif-6101002,Crithagra striolata,Crithagra striolata,Streaky Seed-eater,Birds,species,"Uganda: Bwindi Impenetrable NP, Echuya Forest Reserve, Ihunga Village, Kabale, Kabale Town and other localities. Historical occurrence records.",,GBIF strict name match
gbif-6100973,Crithagra sulphurata,Crithagra sulphurata,Brimstone Canary,Birds,species,"Uganda: Bwindi Impenetrable NP, Echuya Forest Reserve, Fort-Portal, Ibanda Village, Kabale and other localities. Historical occurrence records.",,GBIF strict name match
gbif-2493693,Cryptospiza jacksoni,Cryptospiza jacksoni,Dusky Crimson-wing,Birds,species,"Uganda: Bwindi Impenetrable NP, Echuya Forest Reserve, Kasangali, Mafuga Forest Reserve, Mgahinga Gorilla NP and other localities. Historical occurrence records.",,GBIF strict name match
gbif-2493691,Cryptospiza reichenovii,Cryptospiza reichenovii,Red-faced Crimson-wing,Birds,species,"Uganda: Bwindi Impenetrable NP, QSD 68B, Rwenzori Mountains NP. Historical occurrence records.",,GBIF strict name match
gbif-2493694,Cryptospiza salvadorii,Cryptospiza salvadorii,Abyssinian Crimson-wing,Birds,species,"Uganda: Bwindi Impenetrable NP, QSD 44C, Rwenzori Mountains NP. Historical occurrence records.",,GBIF strict name match
gbif-2493692,Cryptospiza shelleyi,Cryptospiza shelleyi,Shelley's Crimson-wing,Birds,species,"Uganda: Bwindi Impenetrable NP, Kasangali, QSD 44A, Rwenzori Mountains NP. Historical occurrence records.",,GBIF strict name match
gbif-5231918,Cuculus canorus,Cuculus canorus,Eurasian Cuckoo,Birds,species,"Uganda: Kasangali, Kibale Forest NP, Kyambura Wildlife Reserve, Kyegegwa Savanna, Lake Bunyonyi and other localities. Historical occurrence records.",,GBIF strict name match
gbif-5231913,Cuculus clamosus,Cuculus clamosus,Black Cuckoo,Birds,species,"Uganda: A103B, Budongo Forest Reserve, Bugoma FR, Bwindi Impenetrable NP, Era Forest Reserve and other localities. Historical occurrence records.",,GBIF strict name match
gbif-5231916,Cuculus gularis,Cuculus gularis,African Cuckoo,Birds,species,"Uganda: Kasangali, Kyambura Wildlife Reserve, Kyenjojo, Masindi Road, Nsenyi and other localities. Historical occurrence records.",,GBIF strict name match
gbif-5231907,Cuculus rochii,Cuculus rochii,(Madagascar) Lesser Cuckoo,Birds,species,Uganda: Matiri Forest Reserve. Historical occurrence records.,,GBIF strict name match
gbif-5231903,Cuculus solitarius,Cuculus solitarius,Red-chested Cuckoo,Birds,species,"Uganda: Ajai Wildlife Reserve, Budongo FR, Budongo Forest Reserve, Bugoma FR, Bwentale Ranger Post Area and other localities. Historical occurrence records.",,GBIF strict name match
gbif-2480745,Cursorius temminckii,Cursorius temminckii,Temminck's Courser,Birds,species,"Uganda: Murchison Falls NP, QSD 21A, QSD 21D, QSD 22C, QSD 55D and other localities. Historical occurrence records.",,GBIF strict name match
gbif-7340928,Cyanomitra alinae,Cyanomitra alinae,Blue-headed Sunbird,Birds,species,"Uganda: Bwindi Impenetrable NP, Kanyanchu, Kasangali, Nsenyi, QSD 44A and other localities. Historical occurrence records.",,GBIF strict name match
gbif-7340949,Cyanomitra cyanolaema,Cyanomitra cyanolaema,Blue-throated Brown Sunbird,Birds,species,"Uganda: Budongo Forest Reserve, Bugoma Forest Reserve, Bwindi Impenetrable NP, Itwara Forest Reserve, Kabale and other localities. Historical occurrence records.",,GBIF strict name match
gbif-6088979,Cyanomitra olivacea,Cyanomitra olivacea,Olive Sunbird,Birds,species,"Uganda: B104, Budongo FR, Budongo Forest Reserve, Bugoma FR, Bugoma Forest Reserve and other localities. Historical occurrence records.",,GBIF strict name match
gbif-7340957,Cyanomitra verticalis,Cyanomitra verticalis,Green-headed Sunbird,Birds,species,"Uganda: Budongo Forest Reserve, Bwindi Impenetrable NP, Echuya Forest Reserve, Fort-Portal, Ihunga Village and other localities. Historical occurrence records.",,GBIF strict name match
gbif-2477093,Cypsiurus parvus,Cypsiurus parvus,Palm Swift,Birds,species,"Uganda: A101, A107, A110A, A111, A112 and other localities. Historical occurrence records.",,GBIF strict name match
gbif-2498402,Dendrocygna bicolor,Dendrocygna bicolor,Fulvous Whistling Duck,Birds,species,"Uganda: Kyambura Wildlife Reserve, Murchison Falls NP, Murchison Falls National Park, QSD 21D, QSD 33A and other localities. Historical occurrence records.",,GBIF strict name match
gbif-2498396,Dendrocygna viduata,Dendrocygna viduata,White-faced Whistling Duck,Birds,species,"Uganda: Bwamba, Kyambura Game Reserve, Kyambura Wildlife Reserve, Murchison Falls NP, Murchison Falls National Park and other localities. Historical occurrence records.",,GBIF strict name match
gbif-2478419,Dendropicos elliotii,Dendropicos elliotii,Elliot's Woodpecker,Birds,species,"Uganda: Bwindi Impenetrable NP, Kasyoha-Kitomi Forest Reserve, Kibale Forest NP, QSD 56A, QSD 68B and other localities. Historical occurrence records.",,GBIF strict name match
gbif-2478399,Dendropicos fuscescens,Dendropicos fuscescens,Cardinal Woodpecker,Birds,species,"Uganda: Ajai Wildlife Reserve, Ajai's Game Reserve, Budongo Forest Reserve, Bwindi Impenetrable NP, Kalinzu and other localities. Historical occurrence records.",,GBIF strict name match
gbif-2478392,Dendropicos gabonensis,Dendropicos gabonensis,Gabon Woodpecker,Birds,species,"Uganda: Ngoto Swamp, Nsenyi. Historical occurrence records.",,GBIF strict name match
gbif-2478424,Dendropicos goertae,Dendropicos goertae,Grey Woodpecker,Birds,species,"Uganda: Ajai Wildlife Reserve, Ajai's Game Reserve, Arua Town, Budongo Forest Reserve, Bugungu Game Reserve and other localities. Historical occurrence records.",,GBIF strict name match
gbif-2478411,Dendropicos griseocephalus,Dendropicos griseocephalus,Olive Woodpecker,Birds,species,"Uganda: Bwindi Impenetrable NP, Nsenyi, QSD 44C, QSD 68B, Rwenzori Mountains NP and other localities. Historical occurrence records.",,GBIF strict name match
gbif-2478385,Dendropicos obsoletus,Dendropicos obsoletus,Brown-backed Woodpecker,Birds,species,"Uganda: Karuma Game Reserve, Masindi Road, Mt Kei FR, Murchison Falls NP, QSD 21A and other localities. Historical occurrence records.",,GBIF strict name match
gbif-2478398,Dendropicos poecilolaemus,Dendropicos poecilolaemus,Uganda Spotted Woodpecker,Birds,species,"Uganda: Bwindi Impenetrable NP, Maramagambo, Mt Otzi FR, Ngoto Swamp, Nyabyeya Forest School and other localities. Historical occurrence records.",,GBIF strict name match
gbif-2493963,Dicrurus adsimilis,Dicrurus adsimilis,Drongo,Birds,species,"Uganda: A104, A111, A112, Ajai Wildlife Reserve, Ajai's Game Reserve and other localities. Historical occurrence records.",,GBIF strict name match
gbif-2493976,Dicrurus modestus,Dicrurus modestus,Velvet-mantled Drongo,Birds,species,"Uganda: Bwindi Impenetrable NP, QSD 33B, QSD 44A, QSD 44C, QSD 55D and other localities. Historical occurrence records.",,GBIF strict name match
gbif-2492414,Dioptrornis fischeri,Dioptrornis fischeri,White-eyed Slaty Flycatcher,Birds,species,"Uganda: Bwindi Impenetrable NP, Echuya Forest Reserve, Fort-Portal, Ihunga Village, Kabale and other localities. Historical occurrence records.",,GBIF strict name match
gbif-7340778,Drepanorhynchus reichenowi,Drepanorhynchus reichenowi,Golden-winged Sunbird,Birds,species,"Uganda: Kasangali, Nsenyi, QSD 56A. Historical occurrence records.",,GBIF strict name match
gbif-2492777,Drymocichla incana,Drymocichla incana,Red-winged Grey Warbler,Birds,species,"Uganda: Mt Kei FR, Murchison Falls NP, Murchison Falls National Park, QSD 21A, QSD 21C and other localities. Historical occurrence records.",,GBIF strict name match
gbif-2484828,Dryoscopus angolensis,Dryoscopus angolensis,Pink-footed Puffback,Birds,species,"Uganda: Bwindi Impenetrable NP, Kasangali, Kibale Forest NP, QSD 33A. Historical occurrence records.",,GBIF strict name match
gbif-2484830,Dryoscopus gambensis,Dryoscopus gambensis,Northern Puffback,Birds,species,"Uganda: Ajai Wildlife Reserve, Budongo Forest Reserve, Busingiro, Bwindi Impenetrable NP, C104 and other localities. Historical occurrence records.",,GBIF strict name match
gbif-2484829,Dryoscopus senegalensis,Dryoscopus senegalensis,Red-eyed Puffback,Birds,species,Uganda: Nsenyi. Historical occurrence records.,,GBIF strict name match
gbif-2480878,Egretta ardesiaca,Egretta ardesiaca,Black Heron,Birds,species,"Uganda: Kyambura Game Reserve, QSD 33A. Historical occurrence records.",,GBIF strict name match
gbif-2480876,Egretta garzetta,Egretta garzetta,Little Egret,Birds,species,"Uganda: Ajai's Game Reserve, Butiaba Pier, Bwamba, Fort-Portal, Hamukungu and other localities. Historical occurrence records.",,GBIF strict name match
gbif-2480880,Egretta intermedia,Egretta intermedia,Yellow-billed Egret,Birds,species,"Uganda: Butiaba, Kahendoro, Katwe Bay, Kisangi Forest Reserve, Kyambura Game Reserve and other localities. Historical occurrence records.",,GBIF strict name match
gbif-2480372,Elanus caeruleus,Elanus caeruleus,Black-shouldered Kite,Birds,species,"Uganda: Ajai Wildlife Reserve, Ajai's Game Reserve, Bibia, Budongo Forest Reserve, Fort-Portal and other localities. Historical occurrence records.",,GBIF strict name match
gbif-2486691,Elminia albicauda,Elminia albicauda,White-tailed Blue Flycatcher,Birds,species,"Uganda: Bwindi Impenetrable NP, Kabale, Kasyoha-Kitomi FR, Mafuga Forest Reserve, Mgahinga Gorilla NP and other localities. Historical occurrence records.",,GBIF strict name match
gbif-7342164,Elminia albiventris,Elminia albiventris,White-bellied Crested Flycatcher,Birds,species,"Uganda: Bwindi Impenetrable NP, Kasangali, Nsenyi, QSD 44A, QSD 44C and other localities. Historical occurrence records.",,GBIF strict name match
gbif-2486690,Elminia longicauda,Elminia longicauda,African Blue Flycatcher,Birds,species,"Uganda: Budongo Forest Reserve, Bugoma FR, Bwindi Impenetrable NP, Fort-Portal, Hoima Town and other localities. Historical occurrence records.",,GBIF strict name match
gbif-7342167,Elminia nigromitrata,Elminia nigromitrata,Dusky Crested Flycatcher,Birds,species,"Uganda: Budongo Forest Reserve, Bwindi Impenetrable NP, Kasangali, Kasyoha-Kitomi FR, Kasyoha-Kitomi FR Corridor and other localities. Historical occurrence records.",,GBIF strict name match
gbif-2491577,Emberiza affinis,Emberiza affinis,Brown-rumped Bunting,Birds,species,"Uganda: Mt Kei FR, Mt Otzi FR, Murchison Falls National Park, QSD 22C, QSD 33B. Historical occurrence records.",,GBIF strict name match
gbif-2491526,Emberiza cabanisi,Emberiza cabanisi,Cabanis' Bunting,Birds,species,"Uganda: Budongo Forest Reserve, Bwindi Impenetrable NP, Mt Kei FR, Murchison Falls NP, Murchison Falls National Park and other localities. Historical occurrence records.",,GBIF strict name match
gbif-2491478,Emberiza flaviventris,Emberiza flaviventris,Golden-breasted Bunting,Birds,species,"Uganda: Butiaba, Bwindi Impenetrable NP, Karuma Game Reserve, Kasangali, Kibale Forest NP and other localities. Historical occurrence records.",,GBIF strict name match
gbif-2491482,Emberiza hortulana,Emberiza hortulana,Ortolan Bunting,Birds,species,Uganda: Ntinga Village. Historical occurrence records.,,GBIF strict name match
gbif-2491576,Emberiza poliopleura,Emberiza poliopleura,Somali Golden-breasted Bunting,Birds,species,"Uganda: Kasangali, Kasyoha-Kitomi FR. Historical occurrence records.",,GBIF strict name match
gbif-2491491,Emberiza tahapisi,Emberiza tahapisi,Cinnamon-breasted Rock Bunting,Birds,species,"Uganda: Biso to Butiaba Road, Budongo Forest Reserve, Bwindi Impenetrable NP, Hoima, Nsenyi and other localities. Historical occurrence records.",,GBIF strict name match
gbif-5231294,Eminia lepida,Eminia lepida,Grey-capped Warbler,Birds,species,"Uganda: Ajai Wildlife Reserve, B102, Bugungu Game Reserve, Bwindi Impenetrable NP, Kabale and other localities. Historical occurrence records.",,GBIF strict name match
gbif-2492399,Empidornis semipartitus,Empidornis semipartitus,Silverbird,Birds,species,"Uganda: Murchison Falls NP, Murchison Falls National Park, Payongo, QSD 21A, QSD 9B and other localities. Historical occurrence records.",,GBIF strict name match
gbif-2492969,Eremomela badiceps,Eremomela badiceps,Brown-crowned Eremomela,Birds,species,"Uganda: Budongo FR, Budongo Forest Reserve, Kitwe, QSD 32D, QSD 44A. Historical occurrence records.",,GBIF strict name match
gbif-2492977,Eremomela icteropygialis,Eremomela icteropygialis,Yellow-bellied Eremomela,Birds,species,"Uganda: Ajai's Game Reserve, QSD 21A. Historical occurrence records.",,GBIF strict name match
gbif-2492971,Eremomela scotops,Eremomela scotops,Green-backed Eremomela,Birds,species,"Uganda: Ajai Wildlife Reserve, Budongo Forest Reserve, Karogoto, Karuma Game Reserve, Kibeka Forest Reserve and other localities. Historical occurrence records.",,GBIF strict name match
gbif-5788861,Erythropygia hartlaubi,Erythropygia hartlaubi,Brown-backed Scrub Robin,Birds,species,"Uganda: A111, Budongo Forest Reserve, Bwindi Impenetrable NP, Era FR, Itwara Forest Reserve and other localities. Historical occurrence records.",,GBIF strict name match
gbif-5788858,Erythropygia leucophrys,Erythropygia leucophrys,White-browed Scrub Robin,Birds,species,"Uganda: Ajai Wildlife Reserve, Budongo Forest Reserve, Inve FR, Kasangali, Kibale Forest NP and other localities. Historical occurrence records.",,GBIF strict name match
gbif-5788865,Erythropygia leucosticta,Erythropygia leucosticta,Northern Bearded Scrub Robin,Birds,species,Uganda: Semliki Forest NP. Historical occurrence records.,,GBIF strict name match
gbif-2493660,Estrilda astrild,Estrilda astrild,Waxbill,Birds,species,"Uganda: A105, A110A, Ajai Wildlife Reserve, Ajai's Game Reserve, Budongo Forest Reserve and other localities. Historical occurrence records.",,GBIF strict name match
gbif-2493655,Estrilda atricapilla,Estrilda atricapilla,Black-headed Waxbill,Birds,species,"Uganda: Bwindi Impenetrable NP, Echuya Forest Reserve, Kasangali, Kasyoha-Kitomi FR, Mafuga Forest Reserve and other localities. Historical occurrence records.",,GBIF strict name match
gbif-2493663,Estrilda charmosyna,Estrilda charmosyna,Black-cheeked Waxbill,Birds,species,"Uganda: Murchison Falls NP, QSD 33A. Historical occurrence records.",,GBIF strict name match
gbif-2493665,Estrilda nonnula,Estrilda nonnula,Black-crowned Waxbill,Birds,species,"Uganda: Anyavu, Budongo Forest Reserve, Bwindi Impenetrable NP, C118, Fort-Portal and other localities. Historical occurrence records.",,GBIF strict name match
gbif-9592933,Estrilda paludicola,Estrilda paludicola,Fawn-breasted Waxbill,Birds,species,"Uganda: Ajai Wildlife Reserve, Budongo Forest Reserve, Bugungu Game Reserve, Era Forest Reserve, Kabale and other localities. Historical occurrence records.",,GBIF strict name match
gbif-2493654,Estrilda rhodopyga,Estrilda rhodopyga,Crimson-rumped Waxbill,Birds,species,"Uganda: Budongo Forest Reserve, Bugungu Game Reserve, Kagombe FR, Kasangali, Kitechura Forest Reserve and other localities. Historical occurrence records.",,GBIF strict name match
gbif-2493662,Estrilda troglodytes,Estrilda troglodytes,Black-rumped Waxbill,Birds,species,"Uganda: Ajai Wildlife Reserve, Era Forest Reserve, Lake Bunyonyi, Mt Otzi FR, Murchison Falls National Park and other localities. Historical occurrence records.",,GBIF strict name match
gbif-2494091,Euplectes albonotatus,Euplectes albonotatus,White-winged Widowbird,Birds,species,"Uganda: Kasangali, Kyambura Game Reserve, Kyambura Wildlife Reserve, Murchison Falls NP, QSD 43D and other localities. Historical occurrence records.",,GBIF strict name match
gbif-2494098,Euplectes ardens,Euplectes ardens,Red-naped Widowbird,Birds,species,"Uganda: Kagombe FR, Kalinzu FR, Karuma Falls, Karuma Game Reserve, Kasangali and other localities. Historical occurrence records.",,GBIF strict name match
gbif-2494092,Euplectes axillaris,Euplectes axillaris,Fan-tailed Widowbird,Birds,species,"Uganda: A103B, Ajai Wildlife Reserve, C113A, Hamukungu, Ibanda Town and other localities. Historical occurrence records.",,GBIF strict name match
gbif-2494099,Euplectes capensis,Euplectes capensis,Yellow Bishop,Birds,species,"Uganda: Bwentale Ranger Post Area, Bwindi Impenetrable NP, Ihunga Village, Inve FR, Kalinzu FR and other localities. Historical occurrence records.",,GBIF strict name match
gbif-2494086,Euplectes franciscanus,Euplectes franciscanus,Northern Red Bishop,Birds,species,"Uganda: Ajai Wildlife Reserve, Ajai's Game Reserve, Bulisa, Butiaba, Karuma Falls and other localities. Historical occurrence records.",,GBIF strict name match
gbif-2494100,Euplectes gierowii,Euplectes gierowii,Black Bishop,Birds,species,"Uganda: Bulyango, Fort-Portal, Karuma Falls, Karuma Game Researve, Karuma Game Reserve and other localities. Historical occurrence records.",,GBIF strict name match
gbif-2494094,Euplectes hartlaubi,Euplectes hartlaubi,Marsh Widowbird,Birds,species,Uganda: Kinyara Sugar Estate. Historical occurrence records.,,GBIF strict name match
gbif-2494101,Euplectes hordeaceus,Euplectes hordeaceus,Black-winged Red Bishop,Birds,species,"Uganda: A101, A106, A108, Ajai Wildlife Reserve, Ajai's Game Reserve and other localities. Historical occurrence records.",,GBIF strict name match
gbif-2494088,Euplectes orix,Euplectes orix,Southern Red Bishop,Birds,species,"Uganda: Bwentale Ranger Post Area, Kasangali, Kyambura Wildlife Reserve, QSD 43D, QSD 44B and other localities. Historical occurrence records.",,GBIF strict name match
gbif-7340361,Eurillas curvirostris,Eurillas curvirostris,Cameroon Sombre Greenbul,Birds,species,"Uganda: Budongo Forest Reserve, Bugoma FR, Bugoma Forest Reserve, Bwamba, Bwindi Impenetrable NP and other localities. Historical occurrence records.",,GBIF strict name match
gbif-7340368,Eurillas gracilis,Eurillas gracilis,Little Grey Greenbul,Birds,species,"Uganda: Budongo Forest Reserve, Bwindi Impenetrable NP, Kagombe FR, Kasyoha-Kitomi FR, Kibale Forest NP and other localities. Historical occurrence records.",,GBIF strict name match
gbif-7340356,Eurillas latirostris,Eurillas latirostris,Yellow-whiskered Greenbul,Birds,species,"Uganda: Budongo FR, Budongo Forest Reserve, Bugoma FR, Bugoma Forest Reserve, Bwamba and other localities. Historical occurrence records.",,GBIF strict name match
gbif-7340348,Eurillas virens,Eurillas virens,Little Greenbul,Birds,species,"Uganda: A112, Budongo FR, Budongo Forest Reserve, Bugoma FR, Bugoma Forest Reserve and other localities. Historical occurrence records.",,GBIF strict name match
gbif-6100756,Eurocephalus ruppelli,Eurocephalus ruppelli,White-crowned Shrike,Birds,species,"Uganda: Ajai's Game Reserve, Arua Town, Toro-Semliki WR. Historical occurrence records.",,GBIF strict name match
gbif-5228294,Eurystomus glaucurus,Eurystomus glaucurus,Broad-billed Roller,Birds,species,"Uganda: A111, Ajai Wildlife Reserve, Budongo Forest Reserve, Bugoma FR, Bunyoro and other localities. Historical occurrence records.",,GBIF strict name match
gbif-5228291,Eurystomus gularis,Eurystomus gularis,Blue-throated Roller,Birds,species,"Uganda: A106, Budongo Forest Reserve, Bugoma FR, Bwindi Impenetrable NP, Itwara Forest Reserve and other localities. Historical occurrence records.",,GBIF strict name match
gbif-2493701,Euschistospiza cinereovinacea,Euschistospiza cinereovinacea,Dusky Twinspot,Birds,species,"Uganda: Bwindi Impenetrable NP, Kasangali, Mafuga Forest Reserve, Nyamuriro Swamp. Historical occurrence records.",,GBIF strict name match
gbif-2493700,Euschistospiza dybowskii,Euschistospiza dybowskii,Dybowski's Twinspot,Birds,species,"Uganda: Inve FR, Mt Kei FR, Mt Otzi FR. Historical occurrence records.",,GBIF strict name match
gbif-2481002,Falco alopex,Falco alopex,Fox Kestrel,Birds,species,"Uganda: Nebbi Town, QSD 8B. Historical occurrence records.",,GBIF strict name match
gbif-2481031,Falco ardosiaceus,Falco ardosiaceus,Grey Kestrel,Birds,species,"Uganda: Budongo Forest Reserve, Butiaba, Fort-Portal, Hoima Town, Ishaka and other localities. Historical occurrence records.",,GBIF strict name match
gbif-8014966,Falco biarmicus,Falco biarmicus,Lanner Falcon,Birds,species,"Uganda: Bwindi Impenetrable NP, C104, C104B, C105, C106 and other localities. Historical occurrence records.",,GBIF strict name match
gbif-2481019,Falco chicquera,Falco chicquera,Red-necked Falcon,Birds,species,"Uganda: Ajai Wildlife Reserve, Arua Town, Bondo, Butiaba Town, Bwamba and other localities. Historical occurrence records.",,GBIF strict name match
gbif-9584698,Falco naumanni,Falco naumanni,Lesser Kestrel,Birds,species,"Uganda: Murchison Falls NP, QSD 21D, QSD 22C, Queen Elizabeth NP. Historical occurrence records.",,GBIF strict name match
gbif-2481047,Falco peregrinus,Falco peregrinus,Peregrine Falcon,Birds,species,"Uganda: Budongo Forest Reserve, Bwindi Impenetrable NP, Kibale Forest NP, Kyambura Game Reserve, Kyambura Gorge and other localities. Historical occurrence records.",,GBIF strict name match
gbif-2481035,Falco subbuteo,Falco subbuteo,Eurasian Hobby,Birds,species,"Uganda: Budongo Forest Reserve, Butiaba, Bwindi Impenetrable NP, Kasangali, Kibangya and other localities. Historical occurrence records.",,GBIF strict name match
gbif-9616058,Falco tinnunculus,Falco tinnunculus,Kestrel,Birds,species,"Uganda: Arua Airfield, Kasangali, Kasese, Kyambura Gorge, Mt Kei FR and other localities. Historical occurrence records.",,GBIF strict name match
gbif-2492608,Ficedula semitorquata,Ficedula semitorquata,Semi-collared Flycatcher,Birds,species,"Uganda: Budongo Forest Reserve, Fort-Portal, Iyi FR, Kyambura Wildlife Reserve, Murchison Falls National Park and other localities. Historical occurrence records.",,GBIF strict name match
gbif-5231217,Fraseria ocreata,Fraseria ocreata,Forest Flycatcher,Birds,species,"Uganda: Budongo Forest Reserve, Kalinzu FR, Kalinzu Forest Reserve, Kasangali, Kasyoha-Kitomi FR and other localities. Historical occurrence records.",,GBIF strict name match
gbif-2474381,Fulica cristata,Fulica cristata,Red-knobbed Coot,Birds,species,"Uganda: Lake Mutanda, QSD 44A, QSD 55D, QSD 56C. Historical occurrence records.",,GBIF strict name match
gbif-2490670,Galerida modesta,Galerida modesta,Sun Lark,Birds,species,"Uganda: QSD 21A, QSD 21C, QSD 9A, QSD 9C, QSD 9D. Historical occurrence records.",,GBIF strict name match
gbif-2481819,Gallinago gallinago,Gallinago gallinago,Common Snipe,Birds,species,"Uganda: Kinyara Sugar Estate, Kyambura Wildlife Reserve, Lake Edward, Lake Kasenyi, Muchison Falls NP and other localities. Historical occurrence records.",,GBIF strict name match
gbif-2481831,Gallinago media,Gallinago media,Great Snipe,Birds,species,"Uganda: Murchison Falls National Park, QSD 21A, QSD 21D, QSD 33A, QSD 44A and other localities. Historical occurrence records.",,GBIF strict name match
gbif-2481809,Gallinago nigripennis,Gallinago nigripennis,African Snipe,Birds,species,"Uganda: Echuya Forest Reserve, Kyambura Wildlife Reserve, Lake Kasenyi, QSD 21D, QSD 33A and other localities. Historical occurrence records.",,GBIF strict name match
gbif-5228198,Gallinula angulata,Gallinula angulata,Lesser Moorhen,Birds,species,"Uganda: QSD 33B, Queen Elizabeth NP. Historical occurrence records.",,GBIF strict name match
gbif-5228199,Gallinula chloropus,Gallinula chloropus,Common Moorhen,Birds,species,"Uganda: Butiaba, Kanyamukari, Kigezi, Kyambura Game Reserve, Lake Kifuruka and other localities. Historical occurrence records.",,GBIF strict name match
gbif-2481263,Gelochelidon nilotica,Gelochelidon nilotica,Gull-billed Tern,Birds,species,"Uganda: Bunyampaka, Butiaba, Butiaba Town, Hamukungu, Katwe and other localities. Historical occurrence records.",,GBIF strict name match
gbif-6100884,Geokichla camaronensis,Geokichla camaronensis,Black-eared Ground Thrush,Birds,species,"Uganda: Budongo Forest Reserve, Bugoma Forest Reserve, QSD 32D, QSD 44C. Historical occurrence records.",,GBIF strict name match
gbif-6100875,Geokichla piaggiae,Geokichla piaggiae,Abyssinian Ground Thrush,Birds,species,"Uganda: Bwindi Impenetrable NP, Echuya Forest Reserve, Nsenyi, QSD 43D, QSD 44A and other localities. Historical occurrence records.",,GBIF strict name match
gbif-6100890,Geokichla princei,Geokichla princei,Grey Ground Thrush,Birds,species,Uganda: Semliki NP. Historical occurrence records.,,GBIF strict name match
gbif-2480758,Glareola nordmanni,Glareola nordmanni,Black-winged Pratincole,Birds,species,"Uganda: Murchison Falls National Park, Queen Elizabeth National Park. Historical occurrence records.",,GBIF strict name match
gbif-2480756,Glareola nuchalis,Glareola nuchalis,White-collared Pratincole,Birds,species,"Uganda: Murchison Falls NP, Murchison Falls National Park, QSD 21A, QSD 32C, QSD 55B. Historical occurrence records.",,GBIF strict name match
gbif-2480757,Glareola pratincola,Glareola pratincola,Common Pratincole,Birds,species,"Uganda: Kyambura Game Reserve, Kyambura Wildlife Reserve, Lake Edward, Murchison Falls NP, Murchison Falls National Park and other localities. Historical occurrence records.",,GBIF strict name match
gbif-5232086,Glaucidium perlatum,Glaucidium perlatum,Pearl-spotted Owlet,Birds,species,"Uganda: Ajai Wildlife Reserve, Ajai's Game Reserve, Kisangi Forest Reserve, Kyambura Wildlife Reserve, QSD 21D and other localities. Historical occurrence records.",,GBIF strict name match
gbif-5232096,Glaucidium tephronotum,Glaucidium tephronotum,Red-chested Owlet,Birds,species,"Uganda: Bwindi Impenetrable NP, Kasyoha-Kitomi Forest Reserve, Kibale Forest NP, Rwenzori Mountains NP. Historical occurrence records.",,GBIF strict name match
gbif-2480840,Gorsachius leuconotus,Gorsachius leuconotus,White-backed Night Heron,Birds,species,Uganda: Bwindi Impenetrable NP. Historical occurrence records.,,GBIF strict name match
gbif-5231302,Graueria vittata,Graueria vittata,Grauer's Warbler,Birds,species,"Uganda: Bwindi Impenetrable NP, Mt Otzi FR. Historical occurrence records.",,GBIF strict name match
gbif-2473325,Guttera pucherani,Guttera pucherani,Crested Guineafowl,Birds,species,"Uganda: Budongo Forest Reserve, Bugoma FR, Bwindi Impenetrable NP, Kagombe FR, Kalinzu and other localities. Historical occurrence records.",,GBIF strict name match
gbif-2478747,Gymnobucco bonapartei,Gymnobucco bonapartei,Grey-throated Barbet,Birds,species,"Uganda: Budongo Forest Reserve, Bwindi Impenetrable NP, Itwara Forest Reserve, Kalinzu, Kalinzu FR and other localities. Historical occurrence records.",,GBIF strict name match
gbif-6100970,Gymnoris pyrgita,Gymnoris pyrgita,Yellow-spotted Petronia,Birds,species,Uganda: Ajai Wildlife Reserve. Historical occurrence records.,,GBIF strict name match
gbif-2480393,Gypohierax angolensis,Gypohierax angolensis,Palm-nut Vulture,Birds,species,"Uganda: A109A, Bulisa, Fort-Portal, Kashaka, Kazingo and other localities. Historical occurrence records.",,GBIF strict name match
gbif-9487001,Gyps africanus,Gyps africanus,African White-backed Vulture,Birds,species,"Uganda: Budongo Forest Reserve, Kasyoha-Kitomi Forest Reserve, Kyambura Wildlife Reserve, Murchison Falls NP, Murchison Falls National Park and other localities. Historical occurrence records.",,GBIF strict name match
gbif-2480384,Gyps rueppellii,Gyps rueppellii,Ruppell's Vulture,Birds,species,"Uganda: Kyambura Game Reserve, Mt Otzi FR, Murchison Falls NP, QSD 20B, QSD 21D and other localities. Historical occurrence records.",,GBIF strict name match
gbif-5228344,Halcyon badia,Halcyon badia,Chocolate-backed Kingfisher,Birds,species,"Uganda: Budongo Forest Reserve, Bugoma Forest Reserve, Kyambura Game Reserve, Nyabyeya, QSD 32D and other localities. Historical occurrence records.",,GBIF strict name match
gbif-5228300,Halcyon chelicuti,Halcyon chelicuti,Striped Kingfisher,Birds,species,"Uganda: A101, A110, Ajai Wildlife Reserve, Ajai's Game Reserve, Bibia and other localities. Historical occurrence records.",,GBIF strict name match
gbif-5228304,Halcyon leucocephala,Halcyon leucocephala,Chestnut-bellied Kingfisher,Birds,species,"Uganda: A112, Ajai Wildlife Reserve, Ajai's Game Reserve, Budongo Forest Reserve, Bugoma FR and other localities. Historical occurrence records.",,GBIF strict name match
gbif-5228335,Halcyon malimbica,Halcyon malimbica,Blue-breasted Kingfisher,Birds,species,"Uganda: Budongo FR, Budongo Forest Reserve, Bugoma Forest Reserve, Bwentale Ranger Post Area, Bwindi Impenetrable NP and other localities. Historical occurrence records.",,GBIF strict name match
gbif-5228340,Halcyon senegalensis,Halcyon senegalensis,Woodland Kingfisher,Birds,species,"Uganda: Ajai Wildlife Reserve, Ajai's Game Reserve, Arua Town, Budongo Forest Reserve, Bugungu Game Reserve and other localities. Historical occurrence records.",,GBIF strict name match
gbif-2480454,Haliaeetus vocifer,Haliaeetus vocifer,Fish Eagle,Birds,species,"Uganda: Ajai Wildlife Reserve, Ajai's Game Reserve, B102, Butiaba, Butiaba Pier and other localities. Historical occurrence records.",,GBIF strict name match
gbif-7340984,Hedydipna collaris,Hedydipna collaris,Collared Sunbird,Birds,species,"Uganda: Budongo Forest Reserve, Bugoma FR, Busingiro, Bwindi Impenetrable NP, C104B and other localities. Historical occurrence records.",,GBIF strict name match
gbif-2480685,Hieraaetus pennatus,Hieraaetus pennatus,Ayres' Hawk Eagle,Birds,species,"Uganda: Budongo Forest Reserve, Bwindi Impenetrable NP, Kyambura Wildlife Reserve, Murchison Falls NP, Nyabyeya and other localities. Historical occurrence records.",,GBIF strict name match
gbif-5844448,Hieraaetus wahlbergi,Hieraaetus wahlbergi,Wahlberg's Eagle,Birds,species,"Uganda: Ajai Wildlife Reserve, Ajai's Game Reserve, Butiaba-Wanseko Road, Bwindi Impenetrable NP, Fort-Portal and other localities. Historical occurrence records.",,GBIF strict name match
gbif-5229126,Himantopus himantopus,Himantopus himantopus,Black-winged Stilt,Birds,species,"Uganda: Budongo Forest Reserve, Bunyampaka, Butiaba Pier, Butiaba Town, Kasenyi and other localities. Historical occurrence records.",,GBIF strict name match
gbif-2474398,Himantornis haematopus,Himantornis haematopus,Nkulengu Rail,Birds,species,"Uganda: Lake Edward, Semliki Forest NP. Historical occurrence records.",,GBIF strict name match
gbif-2493220,Hippolais icterina,Hippolais icterina,Icterine Warbler,Birds,species,"Uganda: QSD 21D, QSD 55B, QSD 68B, Queen Elizabeth NP. Historical occurrence records.",,GBIF strict name match
gbif-5230790,Hirundo aethiopica,Hirundo aethiopica,Ethiopian Swallow,Birds,species,Uganda: Murchison Falls NP. Historical occurrence records.,,GBIF strict name match
gbif-5230778,Hirundo angolensis,Hirundo angolensis,Angola Swallow,Birds,species,"Uganda: A101, A103, A104, A105, A106 and other localities. Historical occurrence records.",,GBIF strict name match
gbif-5230780,Hirundo atrocaerulea,Hirundo atrocaerulea,Blue Swallow,Birds,species,"Uganda: Kasangali, QSD 55B. Historical occurrence records.",,GBIF strict name match
gbif-5230764,Hirundo nigrita,Hirundo nigrita,White-throated Blue Swallow,Birds,species,Uganda: Semliki Forest NP. Historical occurrence records.,,GBIF strict name match
gbif-9515886,Hirundo rustica,Hirundo rustica,Eurasian Swallow,Birds,species,"Uganda: Ajai Wildlife Reserve, Bibia, Budongo Forest Reserve, Bugungu Game Reserve, Butiaba Junction and other localities. Historical occurrence records.",,GBIF strict name match
gbif-5230801,Hirundo smithii,Hirundo smithii,Wire-tailed Swallow,Birds,species,"Uganda: Ajai's Game Reserve, Arua Town, Budongo Forest Reserve, Bugoma FR, Butiaba Pier and other localities. Historical occurrence records.",,GBIF strict name match
gbif-8069697,Horizocerus albocristatus,Horizocerus albocristatus,White-crested Hornbill,Birds,species,"Uganda: Bwamba, QSD 43B, Semliki Forest NP. Historical occurrence records.",,GBIF strict name match
gbif-8320758,Horizocerus hartlaubi,Horizocerus hartlaubi,Black Dwarf Hornbill,Birds,species,"Uganda: Kisuba, Mongiro Hot Spring, Ntandi, Semliki Forest NP. Historical occurrence records.",,GBIF strict name match
gbif-2493098,Hylia prasina,Hylia prasina,Green Hylia,Birds,species,"Uganda: Budongo FR, Budongo Forest Reserve, Bugoma FR, Bugoma Forest Reserve, Bwamba and other localities. Historical occurrence records.",,GBIF strict name match
gbif-5231313,Hyliota flavigaster,Hyliota flavigaster,Yellow-bellied Hyliota,Birds,species,"Uganda: Ajai Wildlife Reserve, Butiaba, Iyi FR, Kyegegwa Savanna, Mt Kei FR and other localities. Historical occurrence records.",,GBIF strict name match
gbif-6100947,Hylopsar purpureiceps,Hylopsar purpureiceps,Purple-headed Glossy Starling,Birds,species,"Uganda: Budongo Forest Reserve, Bugoma FR, Bwindi Impenetrable NP, Era Forest Reserve, Fort-Portal and other localities. Historical occurrence records.",,GBIF strict name match
gbif-6101023,Iduna natalensis,Iduna natalensis,Dark-capped Yellow Warbler,Birds,species,"Uganda: Bwindi Impenetrable NP, Kabale, Kalinzu FR, Kasangali, Kyambura Game Reserve and other localities. Historical occurrence records.",,GBIF strict name match
gbif-5739361,Iduna pallida,Iduna pallida,Olivaceous Warbler,Birds,species,"Uganda: Kasese, Kyambura Wildlife Reserve, Murchison Falls NP, Otrevu FR, Paila and other localities. Historical occurrence records.",,GBIF strict name match
gbif-5845836,Iduna similis,Iduna similis,Mountain Yellow Warbler,Birds,species,"Uganda: Bwindi Impenetrable NP, Echuya Forest Reserve, Kasangali, Mafuga Forest Reserve, Nsenyi and other localities. Historical occurrence records.",,GBIF strict name match
gbif-2492905,Illadopsis albipectus,Illadopsis albipectus,Scaly-breasted Illadopsis,Birds,species,"Uganda: Budongo Forest Reserve, Bugoma FR, Bugoma Forest Reserve, Bwindi Impenetrable NP, Itwara Forest Reserve and other localities. Historical occurrence records.",,GBIF strict name match
gbif-2492904,Illadopsis fulvescens,Illadopsis fulvescens,Brown Illadopsis,Birds,species,"Uganda: Budongo Forest Reserve, Bugoma Forest Reserve, Bwamba, Bwindi Impenetrable NP, Itwara Forest Reserve and other localities. Historical occurrence records.",,GBIF strict name match
gbif-2492909,Illadopsis rufipennis,Illadopsis rufipennis,Pale-breasted Illadopsis,Birds,species,"Uganda: Budongo Forest Reserve, Bugoma FR, Bugoma Forest Reserve, Bwamba, Kalinzu Forest Reserve and other localities. Historical occurrence records.",,GBIF strict name match
gbif-5228973,Indicator conirostris,Indicator conirostris,Thick-billed Honeyguide,Birds,species,"Uganda: Bwindi Impenetrable NP, Kasyoha-Kitomi Forest Reserve, QSD 33B, QSD 44A, QSD 55D. Historical occurrence records.",,GBIF strict name match
gbif-5228981,Indicator exilis,Indicator exilis,Least Honeyguide,Birds,species,"Uganda: Bugoma Forest Reserve, Bwindi Impenetrable NP, Kalinzu FR, Kasyoha-Kitomi Forest Reserve, Kibale Forest NP and other localities. Historical occurrence records.",,GBIF strict name match
gbif-5228976,Indicator indicator,Indicator indicator,Black-throated Honeyguide,Birds,species,"Uganda: Ajai Wildlife Reserve, Ajai's Game Reserve, Budongo Forest Reserve, Butiaba Junction, Era FR and other localities. Historical occurrence records.",,GBIF strict name match
gbif-5228992,Indicator maculatus,Indicator maculatus,Spotted Honeyguide,Birds,species,"Uganda: Bundibugyo, Mongiro Hot Spring, Ntandi, Semliki, Semliki Forest NP. Historical occurrence records.",,GBIF strict name match
gbif-5228985,Indicator minor,Indicator minor,Lesser Honeyguide,Birds,species,"Uganda: Ajai Wildlife Reserve, Bwindi Impenetrable NP, C115, Era FR, Era Forest Reserve and other localities. Historical occurrence records.",,GBIF strict name match
gbif-5228972,Indicator pumilio,Indicator pumilio,Dwarf Honeyguide,Birds,species,"Uganda: Bwindi Impenetrable NP, QSD 55D. Historical occurrence records.",,GBIF strict name match
gbif-5228977,Indicator variegatus,Indicator variegatus,Scaly-throated Honeyguide,Birds,species,"Uganda: Ajai Wildlife Reserve, Budongo Forest Reserve, Bugoma FR, Iyi FR, Kalinzu FR and other localities. Historical occurrence records.",,GBIF strict name match
gbif-5228998,Indicator willcocksi,Indicator willcocksi,Willcocks' Honeyguide,Birds,species,"Uganda: Budongo Forest Reserve, Bwindi Impenetrable NP, Kalinzu FR, Kibale Forest NP, QSD 33B and other localities. Historical occurrence records.",,GBIF strict name match
gbif-2475832,Ispidina lecontei,Ispidina lecontei,Dwarf Kingfisher,Birds,species,"Uganda: Budongo Forest Reserve, Kyambura Game Reserve, Nyabyeya, QSD 43B, QSD 55B and other localities. Historical occurrence records.",,GBIF strict name match
gbif-2480850,Ixobrychus minutus,Ixobrychus minutus,Little Bittern,Birds,species,"Uganda: Ajai Wildlife Reserve, Kyambura Game Reserve, Lake Edward, Lake George, Murchison Falls NP and other localities. Historical occurrence records.",,GBIF strict name match
gbif-2480845,Ixobrychus sturmii,Ixobrychus sturmii,Dwarf Bittern,Birds,species,"Uganda: Ajai's Game Reserve, Murchison Falls National Park, QSD 33A, QSD 55B, QSD 55D and other localities. Historical occurrence records.",,GBIF strict name match
gbif-2486073,Ixonotus guttatus,Ixonotus guttatus,Spotted Greenbul,Birds,species,"Uganda: Budongo FR, Budongo Forest Reserve, Bugoma FR, QSD 33C. Historical occurrence records.",,GBIF strict name match
gbif-2478160,Jynx ruficollis,Jynx ruficollis,Red-throated Wryneck,Birds,species,"Uganda: Kasyoha-Kitomi FR, Kyambura Gorge, Lake Bunyonyi, QSD 21A, QSD 55D and other localities. Historical occurrence records.",,GBIF strict name match
gbif-2492990,Kakamega poliothorax,Kakamega poliothorax,Grey-chested Illadopsis,Birds,species,"Uganda: Bwindi Impenetrable NP, Kasangali, Kasyoha-Kitomi FR, Nsenyi, Rwenzori Mountains NP. Historical occurrence records.",,GBIF strict name match
gbif-2480440,Kaupifalco monogrammicus,Kaupifalco monogrammicus,Lizard Buzzard,Birds,species,"Uganda: A109A, Ajai Wildlife Reserve, Budongo Forest Reserve, Bugungu Game Reserve, C102 and other localities. Historical occurrence records.",,GBIF strict name match
gbif-2493682,Lagonosticta larvata,Lagonosticta larvata,Black-faced Firefinch,Birds,species,"Uganda: Mt Kei FR, Murchison Falls NP, QSD 9C. Historical occurrence records.",,GBIF strict name match
gbif-2493679,Lagonosticta rara,Lagonosticta rara,Black-bellied Firefinch,Birds,species,"Uganda: Ajai Wildlife Reserve, Budongo Forest Reserve, Era FR, Era Forest Reserve, Kibeka Forest Reserve and other localities. Historical occurrence records.",,GBIF strict name match
gbif-2493687,Lagonosticta rubricata,Lagonosticta rubricata,African Firefinch,Birds,species,"Uganda: A104, A107, Ajai's Game Reserve, Budongo Forest Reserve, Bugoma Forest Reserve and other localities. Historical occurrence records.",,GBIF strict name match
gbif-2493684,Lagonosticta rufopicta,Lagonosticta rufopicta,Bar-breasted Firefinch,Birds,species,"Uganda: Anyavu, QSD 21D, QSD 33A, QSD 9C. Historical occurrence records.",,GBIF strict name match
gbif-2493680,Lagonosticta senegala,Lagonosticta senegala,Red-billed Firefinch,Birds,species,"Uganda: Ajai's Game Reserve, Budongo Forest Reserve, Bugungu Game Reserve, Butiaba, Bwindi Impenetrable NP and other localities. Historical occurrence records.",,GBIF strict name match
gbif-2489083,Lamprotornis chalcurus,Lamprotornis chalcurus,Bronze-tailed Glossy Starling,Birds,species,"Uganda: Ajai Wildlife Reserve, Era Forest Reserve, Hoima, Hoima Town, Kibangya and other localities. Historical occurrence records.",,GBIF strict name match
gbif-2489071,Lamprotornis chalybaeus,Lamprotornis chalybaeus,Blue-eared Glossy Starling,Birds,species,"Uganda: A110A, Ajai Wildlife Reserve, Ajai's Game Reserve, Budongo Forest Reserve, Era FR and other localities. Historical occurrence records.",,GBIF strict name match
gbif-2489077,Lamprotornis chloropterus,Lamprotornis chloropterus,Lesser Blue-eared Glossy Starling,Birds,species,"Uganda: A109, A110A, Ajai Wildlife Reserve, Ajai's Game Reserve, Budongo Forest Reserve and other localities. Historical occurrence records.",,GBIF strict name match
gbif-2489080,Lamprotornis purpureus,Lamprotornis purpureus,Purple Glossy Starling,Birds,species,"Uganda: Ajai Wildlife Reserve, Ajai's Game Reserve, Bulyango, Bundibugyo, Kasyoha-Kitomi FR and other localities. Historical occurrence records.",,GBIF strict name match
gbif-2489089,Lamprotornis splendidus,Lamprotornis splendidus,Splendid Glossy Starling,Birds,species,"Uganda: Ajai Wildlife Reserve, Budongo Forest Reserve, Bugoma FR, Bwindi Impenetrable NP, Hoima Town and other localities. Historical occurrence records.",,GBIF strict name match
gbif-2489075,Lamprotornis superbus,Lamprotornis superbus,Superb Starling,Birds,species,"Uganda: Murchison Falls NP, QSD 21D, QSD 33B, QSD 9C. Historical occurrence records.",,GBIF strict name match
gbif-2484868,Laniarius aethiopicus,Laniarius aethiopicus,Tropical Boubou,Birds,species,"Uganda: A101, A103B, A106, A109, A109A and other localities. Historical occurrence records.",,GBIF strict name match
gbif-2484871,Laniarius erythrogaster,Laniarius erythrogaster,Black-headed Gonolek,Birds,species,"Uganda: A109, A109A, A110, A111, A112 and other localities. Historical occurrence records.",,GBIF strict name match
gbif-2484861,Laniarius funebris,Laniarius funebris,Slate-coloured Boubou,Birds,species,"Uganda: Kasangali, Murchison Falls NP, Nsenyi. Historical occurrence records.",,GBIF strict name match
gbif-2484865,Laniarius leucorhynchus,Laniarius leucorhynchus,Montane Sooty Boubou,Birds,species,"Uganda: Kasangali, Kitechura Forest Reserve, Matiri Forest Reserve, Mgahinga Gorilla NP, Nsenyi and other localities. Historical occurrence records.",,GBIF strict name match
gbif-2484862,Laniarius luehderi,Laniarius luehderi,Luehder's Bush Shrike,Birds,species,"Uganda: Bwindi Impenetrable NP, Kalinzu, Kasangali, Kasyoha-Kitomi FR, Kasyoha-Kitomi Forest Reserve and other localities. Historical occurrence records.",,GBIF strict name match
gbif-2484866,Laniarius mufumbiri,Laniarius mufumbiri,Papyrus Gonolek,Birds,species,"Uganda: A103B, Bwindi Impenetrable NP, Kibale Forest NP, Kinyara Sugar Estate, Kisangi Forest Reserve and other localities. Historical occurrence records.",,GBIF strict name match
gbif-2484874,Laniarius poensis,Laniarius poensis,Montane Black Boubou,Birds,species,"Uganda: Bwindi Impenetrable NP, Echuya Forest Reserve, Kasangali, Nsenyi, Rwenzori Mountains NP. Historical occurrence records.",,GBIF strict name match
gbif-2492863,Lanius collaris,Lanius collaris,Common Fiscal,Birds,species,"Uganda: Ajai's Game Reserve, Budongo Forest Reserve, Bwindi Impenetrable NP, Fort-Portal, Fort-Portal-Bundibugyo Road and other localities. Historical occurrence records.",,GBIF strict name match
gbif-7745240,Lanius collurio,Lanius collurio,Red-backed Shrike,Birds,species,"Uganda: Anyavu, Arua Town, Budongo Forest Reserve, Kinyara Sugar Estate, Kyambura Wildlife Reserve and other localities. Historical occurrence records.",,GBIF strict name match
gbif-2492881,Lanius gubernator,Lanius gubernator,Emin's Shrike,Birds,species,"Uganda: Ajai Wildlife Reserve, Murchison Falls NP. Historical occurrence records.",,GBIF strict name match
gbif-2492865,Lanius isabellinus,Lanius isabellinus,Red-tailed Shrike,Birds,species,"Uganda: Murchison Falls NP, Murchison Falls National Park, QSD 21C, QSD 22C, QSD 33A and other localities. Historical occurrence records.",,GBIF strict name match
gbif-2492844,Lanius mackinnoni,Lanius mackinnoni,Mackinnon's Shrike,Birds,species,"Uganda: Bwindi Impenetrable NP, Echuya Forest Reserve, Fort-Portal, Kabale, Kalinzu FR and other localities. Historical occurrence records.",,GBIF strict name match
gbif-2492854,Lanius minor,Lanius minor,Lesser Grey Shrike,Birds,species,"Uganda: Fort-Portal, Ihunga Village, Kabale Town, Karambi Centre, Kasangali and other localities. Historical occurrence records.",,GBIF strict name match
gbif-2492867,Lanius senator,Lanius senator,Woodchat Shrike,Birds,species,"Uganda: Murchison Falls NP, Murchison Falls National Park, QSD 21B, QSD 21C, QSD 33A and other localities. Historical occurrence records.",,GBIF strict name match
gbif-2481139,Larus argentatus,Larus argentatus,Herring Gull,Birds,species,Uganda: Queen Elizabeth NP. Historical occurrence records.,,GBIF strict name match
gbif-2481174,Larus fuscus,Larus fuscus,Lesser Black-backed Gull,Birds,species,"Uganda: Butiaba, Butiaba Pier, Katwe, Lake Edward, Lake Kasenyi and other localities. Historical occurrence records.",,GBIF strict name match
gbif-2481946,Leptoptilos crumeniferus,Leptoptilos crumeniferus,Marabou Stork,Birds,species,"Uganda: A111, Ajai Wildlife Reserve, Ajai's Game Reserve, Arua Town, Biso to Butiaba Road and other localities. Historical occurrence records.",,GBIF strict name match
gbif-2481685,Limosa limosa,Limosa limosa,Black-tailed Godwit,Birds,species,"Uganda: Lake Edward, Murchison Falls NP, QSD 33A, Queen Elizabeth NP, Queen Elizabeth National Park. Historical occurrence records.",,GBIF strict name match
gbif-2494410,Linurgus olivaceus,Linurgus olivaceus,Oriole Finch,Birds,species,"Uganda: Bwindi Impenetrable NP, QSD 55D, Rwenzori Mountains NP. Historical occurrence records.",,GBIF strict name match
gbif-2474850,Lissotis melanogaster,Lissotis melanogaster,Black-bellied Bustard,Birds,species,"Uganda: Ajai Wildlife Reserve, Katwe, Kinyara Sugar Estate, Kisangi Forest Reserve, Kyambura Game Reserve and other localities. Historical occurrence records.",,GBIF strict name match
gbif-2493613,Lonchura bicolor,Lonchura bicolor,Black and White Mannikin,Birds,species,"Uganda: A106, Ajai's Game Reserve, Budongo Forest Reserve, Bugoma FR, Bwindi Impenetrable NP and other localities. Historical occurrence records.",,GBIF strict name match
gbif-2493624,Lonchura cucullata,Lonchura cucullata,Bronze Mannikin,Birds,species,"Uganda: A101, A103, A105, A106, A107 and other localities. Historical occurrence records.",,GBIF strict name match
gbif-2493594,Lonchura fringilloides,Lonchura fringilloides,Magpie Mannikin,Birds,species,"Uganda: QSD 32C, QSD 43B, QSD 44A, QSD 55D, QSD 68B. Historical occurrence records.",,GBIF strict name match
gbif-2480475,Lophaetus occipitalis,Lophaetus occipitalis,Long-crested Eagle,Birds,species,"Uganda: A101, A110, Ajai Wildlife Reserve, Ajai's Game Reserve, B104 and other localities. Historical occurrence records.",,GBIF strict name match
gbif-7983173,Lophoceros alboterminatus,Lophoceros alboterminatus,Crowned Hornbill,Birds,species,"Uganda: Budongo Forest Reserve, Bugoma FR, Bwamba, Bwindi Impenetrable NP, Echuya Forest Reserve and other localities. Historical occurrence records.",,GBIF strict name match
gbif-7997307,Lophoceros camurus,Lophoceros camurus,Red-billed Dwarf Hornbill,Birds,species,"Uganda: QSD 43B, Semliki Forest NP. Historical occurrence records.",,GBIF strict name match
gbif-8335820,Lophoceros fasciatus,Lophoceros fasciatus,Pied Hornbill,Birds,species,"Uganda: Budongo Forest Reserve, Busingiro, Bwamba, Kyambura Wildlife Reserve, Matiri Forest Reserve and other localities. Historical occurrence records.",,GBIF strict name match
gbif-8101752,Lophoceros nasutus,Lophoceros nasutus,Grey Hornbill,Birds,species,"Uganda: Ajai Wildlife Reserve, Ajai's Game Reserve, Budongo Forest Reserve, Bulisa, Butiaba-Wanseko Road and other localities. Historical occurrence records.",,GBIF strict name match
gbif-7660710,Luscinia megarhynchos,Luscinia megarhynchos,Nightingale,Birds,species,"Uganda: Murchison Falls NP, Murchison Falls National Park, QSD 33A, QSD 33B, QSD 9C and other localities. Historical occurrence records.",,GBIF strict name match
gbif-2479015,Lybius bidentatus,Lybius bidentatus,Double-toothed Barbet,Birds,species,"Uganda: A109A, Ajai Wildlife Reserve, Ajai's Game Reserve, Bwindi Impenetrable NP, Era FR and other localities. Historical occurrence records.",,GBIF strict name match
gbif-2478997,Lybius guifsobalito,Lybius guifsobalito,Black-billed Barbet,Birds,species,"Uganda: Ajai Wildlife Reserve, Budongo Forest Reserve, Bugungu Game Researve, Era FR, Era Forest Reserve and other localities. Historical occurrence records.",,GBIF strict name match
gbif-2479018,Lybius leucocephalus,Lybius leucocephalus,White-headed Barbet,Birds,species,"Uganda: A106, A112, Ajai's Game Reserve, B102, B104 and other localities. Historical occurrence records.",,GBIF strict name match
gbif-2479001,Lybius rolleti,Lybius rolleti,Black-breasted Barbet,Birds,species,Uganda: QSD 8D. Historical occurrence records.,,GBIF strict name match
gbif-2479025,Lybius rubrifacies,Lybius rubrifacies,Red-faced Barbet,Birds,species,Uganda: QSD 56A. Historical occurrence records.,,GBIF strict name match
gbif-2481835,Lymnocryptes minimus,Lymnocryptes minimus,Jack Snipe,Birds,species,"Uganda: QSD 33A, QSD 55B, Queen Elizabeth NP. Historical occurrence records.",,GBIF strict name match
gbif-2480379,Macheiramphus alcinus,Macheiramphus alcinus,Bat Hawk,Birds,species,"Uganda: Budongo Forest Reserve, Bwindi Impenetrable NP, Fort-Portal, Kabale, Kyambura Game Reserve and other localities. Historical occurrence records.",,GBIF strict name match
gbif-5230851,Macronyx croceus,Macronyx croceus,Yellow-throated Longclaw,Birds,species,"Uganda: A101, A103B, A109A, Ajai Wildlife Reserve, Anyavu and other localities. Historical occurrence records.",,GBIF strict name match
gbif-2492917,Macrosphenus concolor,Macrosphenus concolor,Grey Longbill,Birds,species,"Uganda: Budongo Forest Reserve, Maramagambo, QSD 32C, QSD 32D. Historical occurrence records.",,GBIF strict name match
gbif-2492919,Macrosphenus flavicans,Macrosphenus flavicans,Yellow Longbill,Birds,species,"Uganda: Budongo Forest Reserve, Bugoma Forest Reserve, Bwamba, Bwindi Impenetrable NP, QSD 43B and other localities. Historical occurrence records.",,GBIF strict name match
gbif-2484814,Malaconotus blanchoti,Malaconotus blanchoti,Grey-headed Bush Shrike,Birds,species,"Uganda: Kibale Forest NP, Kyegegwa Savanna, Mt Kei FR, Mt Otzi FR, Murchison Falls NP and other localities. Historical occurrence records.",,GBIF strict name match
gbif-2484813,Malaconotus lagdeni,Malaconotus lagdeni,Lagden's Bush Shrike,Birds,species,"Uganda: Bwindi Impenetrable NP, Kasangali, Rwenzori Mountains NP. Historical occurrence records.",,GBIF strict name match
gbif-2493997,Malimbus erythrogaster,Malimbus erythrogaster,Red-bellied Malimbe,Birds,species,Uganda: Semliki Forest NP. Historical occurrence records.,,GBIF strict name match
gbif-2493996,Malimbus malimbicus,Malimbus malimbicus,Crested Malimbe,Birds,species,"Uganda: Budongo FR, Budongo Forest Reserve, Bugoma FR, Bwamba, Maramagambo and other localities. Historical occurrence records.",,GBIF strict name match
gbif-2494003,Malimbus nitens,Malimbus nitens,Blue-billed Malimbe,Birds,species,"Uganda: QSD 43B, Semliki Forest NP. Historical occurrence records.",,GBIF strict name match
gbif-2493995,Malimbus rubricollis,Malimbus rubricollis,Red-headed Malimbe,Birds,species,"Uganda: Ajai's Game Reserve, Budongo Forest Reserve, Bugoma FR, Busingiro, Bwindi Impenetrable NP and other localities. Historical occurrence records.",,GBIF strict name match
gbif-2493572,Mandingoa nitidula,Mandingoa nitidula,Green-backed Twinspot,Birds,species,"Uganda: Budongo Forest Reserve, Bugoma FR, Kagombe FR, Kasyoha-Kitomi FR, Kasyoha-Kitomi Forest Reserve and other localities. Historical occurrence records.",,GBIF strict name match
gbif-8000602,Mareca penelope,Mareca penelope,Wigeon,Birds,species,Uganda: QSD 55B. Historical occurrence records.,,GBIF strict name match
gbif-2475463,Megaceryle maxima,Megaceryle maxima,Giant Kingfisher,Birds,species,"Uganda: Bwamba, Kyambura Game Reserve, Kyambura Wildlife Reserve, Lake Edward, Mt Otzi FR and other localities. Historical occurrence records.",,GBIF strict name match
gbif-2478611,Melichneutes robustus,Melichneutes robustus,Lyre-tailed Honeyguide,Birds,species,Uganda: Semliki Forest NP. Historical occurrence records.,,GBIF strict name match
gbif-2480730,Melierax canorus,Melierax canorus,Pale Chanting Goshawk,Birds,species,"Uganda: Murchison Falls NP, QSD 9C. Historical occurrence records.",,GBIF strict name match
gbif-2480733,Melierax metabates,Melierax metabates,Dark Chanting Goshawk,Birds,species,"Uganda: Ajai Wildlife Reserve, Ajai's Game Reserve, Bugungu Game Reserve, Butiaba, Kimengo and other localities. Historical occurrence records.",,GBIF strict name match
gbif-2493533,Melocichla mentalis,Melocichla mentalis,Moustached Warbler,Birds,species,"Uganda: Ajai Wildlife Reserve, Budongo Forest Reserve, Bugungu Game Reserve, Era Forest Reserve, Iribata and other localities. Historical occurrence records.",,GBIF strict name match
gbif-2475448,Merops albicollis,Merops albicollis,White-throated Bee-eater,Birds,species,"Uganda: Budongo Forest Reserve, Bugoma FR, Bugoma Forest Reserve, Busingiro, Bwindi Impenetrable NP and other localities. Historical occurrence records.",,GBIF strict name match
gbif-2475443,Merops apiaster,Merops apiaster,European [Eurasian] Bee-eater,Birds,species,"Uganda: Atiak, Budongo Forest Reserve, Bugungu Game Reserve, Bwindi Impenetrable NP, C107 and other localities. Historical occurrence records.",,GBIF strict name match
gbif-2475423,Merops gularis,Merops gularis,Black Bee-eater,Birds,species,"Uganda: Bwindi Impenetrable NP, Itwara Forest Reserve, Kalinzu, Kalinzu FR, Kalinzu Forest Reserve and other localities. Historical occurrence records.",,GBIF strict name match
gbif-2475434,Merops hirundineus,Merops hirundineus,Swallow-tailed Bee-eater,Birds,species,"Uganda: Ajai Wildlife Reserve, Ajai's Game Reserve, Aringa, Budongo Forest Reserve, Bugungu Game Reserve and other localities. Historical occurrence records.",,GBIF strict name match
gbif-2475396,Merops nubicus,Merops nubicus,Carmine Bee-eater,Birds,species,"Uganda: Ajai Wildlife Reserve, Budongo Forest Reserve, Murchison Falls NP, Murchison Falls National Park, Pakwero and other localities. Historical occurrence records.",,GBIF strict name match
gbif-2475446,Merops oreobates,Merops oreobates,Cinnamon-chested Bee-eater,Birds,species,"Uganda: Budongo Forest Reserve, Bwamba, Bwentale Ranger Post Area, Bwindi Impenetrable NP, Echuya Forest Reserve and other localities. Historical occurrence records.",,GBIF strict name match
gbif-2475410,Merops orientalis,Merops orientalis,Little Green Bee-eater,Birds,species,"Uganda: Mt Kei FR, Nsenyi, QSD 21A. Historical occurrence records.",,GBIF strict name match
gbif-2475419,Merops persicus,Merops persicus,Blue-cheeked Bee-eater,Birds,species,"Uganda: Ajai Wildlife Reserve, Ara, Biso to Butiaba Road, Bundibugyo, Butiaba and other localities. Historical occurrence records.",,GBIF strict name match
gbif-2475403,Merops pusillus,Merops pusillus,Little Bee-eater,Birds,species,"Uganda: Ajai Wildlife Reserve, Ajai's Game Reserve, Budongo Forest Reserve, Bwindi Impenetrable NP, Era FR and other localities. Historical occurrence records.",,GBIF strict name match
gbif-2475440,Merops superciliosus,Merops superciliosus,Madagascar Bee-eater,Birds,species,"Uganda: Budongo Forest Reserve, Fort-Portal-Bundibugyo Road, Hoima, Kalinzu FR, Kalinzu Forest Reserve and other localities. Historical occurrence records.",,GBIF strict name match
gbif-2475429,Merops variegatus,Merops variegatus,Blue-breasted Bee-eater,Birds,species,"Uganda: Ajai Wildlife Reserve, Butiaba, Kibale Forest NP, Lake Bunyonyi, Masindi Town and other localities. Historical occurrence records.",,GBIF strict name match
gbif-6066519,Microcarbo africanus,Microcarbo africanus,Long-tailed Cormorant,Birds,species,"Uganda: A101, Ajai's Game Reserve, Butiaba Pier, Fort-Portal, Katwe Bay and other localities. Historical occurrence records.",,GBIF strict name match
gbif-5788495,Micronisus gabar,Micronisus gabar,Gabar Goshawk,Birds,species,"Uganda: Ajai's Game Reserve, Kasangali, Kisangi Forest Reserve, Kyambura Game Reserve, Murchison Falls NP and other localities. Historical occurrence records.",,GBIF strict name match
gbif-2481842,Microparra capensis,Microparra capensis,Lesser Jacana,Birds,species,"Uganda: Lake Edward, Lake Mutanda, Murchison Falls NP, QSD 9C, Queen Elizabeth NP. Historical occurrence records.",,GBIF strict name match
gbif-5229167,Milvus migrans,Milvus migrans,Black Kite,Birds,species,"Uganda: A104, A108, A109, A110A, A111 and other localities. Historical occurrence records.",,GBIF strict name match
gbif-9389539,Mirafra africana,Mirafra africana,Rufous-naped Lark,Birds,species,"Uganda: Kagombe FR, Kisangi Forest Reserve, Kyambura Game Reserve, Kyambura Wildlife Reserve, QSD 33B and other localities. Historical occurrence records.",,GBIF strict name match
gbif-2490595,Mirafra albicauda,Mirafra albicauda,Northern White-tailed Bush Lark,Birds,species,"Uganda: QSD 21D, QSD 33A, QSD 44A, QSD 55B, Queen Elizabeth NP and other localities. Historical occurrence records.",,GBIF strict name match
gbif-2490596,Mirafra rufocinnamomea,Mirafra rufocinnamomea,Flappet Lark,Birds,species,"Uganda: Ajai Wildlife Reserve, Butiaba, Bwentale Ranger Post Area, C117, Karuma Game Reserve and other localities. Historical occurrence records.",,GBIF strict name match
gbif-2490956,Monticola saxatilis,Monticola saxatilis,Rock Thrush,Birds,species,"Uganda: Mt Kei FR, Otrevu FR, QSD 21C, QSD 21D, QSD 22C and other localities. Historical occurrence records.",,GBIF strict name match
gbif-7405711,Motacilla aguimp,Motacilla aguimp,African Pied Wagtail,Birds,species,"Uganda: Ajai Wildlife Reserve, Arua Town, Budongo Forest Reserve, Bugoma FR, Bugungu Game Reserve and other localities. Historical occurrence records.",,GBIF strict name match
gbif-9687165,Motacilla alba,Motacilla alba,White Wagtail,Birds,species,"Uganda: QSD 21D, QSD 22C, QSD 33A, QSD 56C, Queen Elizabeth NP. Historical occurrence records.",,GBIF strict name match
gbif-2490296,Motacilla capensis,Motacilla capensis,Cape Wagtail,Birds,species,"Uganda: Bwamba, Bwindi Impenetrable NP, Kabale, Kakuka, Kasyoha-Kitomi Forest Reserve and other localities. Historical occurrence records.",,GBIF strict name match
gbif-2490310,Motacilla cinerea,Motacilla cinerea,Grey Wagtail,Birds,species,"Uganda: Budongo Forest Reserve, Bwindi Impenetrable NP, Kibale Forest NP, Kinyara Sugar Estate, Mt Otzi FR and other localities. Historical occurrence records.",,GBIF strict name match
gbif-2490305,Motacilla clara,Motacilla clara,Mountain Wagtail,Birds,species,"Uganda: Bwindi Impenetrable NP, Kasangali, Kasyoha-Kitomi Forest Reserve, Kibale Forest NP, Kyambura Gorge and other localities. Historical occurrence records.",,GBIF strict name match
gbif-9701857,Motacilla flava,Motacilla flava,Yellow Wagtail,Birds,species,"Uganda: Ajai Wildlife Reserve, Budongo Forest Reserve, Bulisa, Butiaba, Butiaba Pier and other localities. Historical occurrence records.",,GBIF strict name match
gbif-2492569,Muscicapa adusta,Muscicapa adusta,Dusky Flycatcher,Birds,species,"Uganda: Budongo Forest Reserve, Bwindi Impenetrable NP, Echuya Forest Reserve, Fort-Portal, Hoima Town and other localities. Historical occurrence records.",,GBIF strict name match
gbif-2492561,Muscicapa aquatica,Muscicapa aquatica,Swamp Flycatcher,Birds,species,"Uganda: Ajai Wildlife Reserve, Butiaba Pier, Hamukungu, Kabale, Kashaka and other localities. Historical occurrence records.",,GBIF strict name match
gbif-2492562,Muscicapa caerulescens,Muscicapa caerulescens,Ashy Flycatcher,Birds,species,"Uganda: Budongo Forest Reserve, Kasyoha-Kitomi Forest Reserve, Katwe Bay, Kibale Forest NP, Kitwe and other localities. Historical occurrence records.",,GBIF strict name match
gbif-2492578,Muscicapa cassini,Muscicapa cassini,Cassin's Grey Flycatcher,Birds,species,"Uganda: Bwamba, Bwindi Impenetrable NP, Kasyoha-Kitomi Forest Reserve, Kibale Forest NP, Kilembe Mine and other localities. Historical occurrence records.",,GBIF strict name match
gbif-2492559,Muscicapa comitata,Muscicapa comitata,Dusky Blue Flycatcher,Birds,species,"Uganda: Budongo Forest Reserve, Bwindi Impenetrable NP, Kalinzu FR, Kanyanchu, Kasyoha-Kitomi FR and other localities. Historical occurrence records.",,GBIF strict name match
gbif-2492572,Muscicapa gambagae,Muscicapa gambagae,Gambaga Flycatcher,Birds,species,"Uganda: Mt Kei FR, QSD 33B, Semliki Forest NP. Historical occurrence records.",,GBIF strict name match
gbif-2492564,Muscicapa infuscata,Muscicapa infuscata,Sooty Flycatcher,Birds,species,"Uganda: Budongo Forest Reserve, Bwindi Impenetrable NP, Kibale Forest NP, QSD 56A. Historical occurrence records.",,GBIF strict name match
gbif-2492573,Muscicapa lendu,Muscicapa lendu,Chapin's Flycatcher,Birds,species,Uganda: Bwindi Impenetrable NP. Historical occurrence records.,,GBIF strict name match
gbif-2492567,Muscicapa sethsmithi,Muscicapa sethsmithi,Yellow-footed Flycatcher,Birds,species,Uganda: Budongo Forest Reserve. Historical occurrence records.,,GBIF strict name match
gbif-2492576,Muscicapa striata,Muscicapa striata,Spotted Flycatcher,Birds,species,"Uganda: Arua Town, Budongo Forest Reserve, Busingiro, Butiaba, Fort-Portal and other localities. Historical occurrence records.",,GBIF strict name match
gbif-2475214,Musophaga rossae,Musophaga rossae,Ross' Turaco,Birds,species,"Uganda: Budongo Forest Reserve, Bugoma FR, Bwentale Ranger Post Area, Bwindi Impenetrable NP, Fort-Portal and other localities. Historical occurrence records.",,GBIF strict name match
gbif-2481936,Mycteria ibis,Mycteria ibis,Yellow-billed Stork,Birds,species,"Uganda: Bunyampaka, Bwamba, Fort-Portal, Hamukungu, Kabale and other localities. Historical occurrence records.",,GBIF strict name match
gbif-2492456,Myioparus griseigularis,Myioparus griseigularis,Grey-throated Flycatcher,Birds,species,"Uganda: Budongo Forest Reserve, Bugoma FR, Bugoma Forest Reserve, Bwindi Impenetrable NP, Kalinzu and other localities. Historical occurrence records.",,GBIF strict name match
gbif-2492457,Myioparus plumbeus,Myioparus plumbeus,Lead-coloured Flycatcher,Birds,species,"Uganda: Ajai Wildlife Reserve, Budongo Forest Reserve, Era FR, Karuma Game Reserve, Kasyoha-Kitomi Forest Reserve and other localities. Historical occurrence records.",,GBIF strict name match
gbif-2492696,Myrmecocichla nigra,Myrmecocichla nigra,Sooty Chat,Birds,species,"Uganda: Ajai Wildlife Reserve, Budongo Forest Reserve, C115, Fort-Portal, Ibanda Town and other localities. Historical occurrence records.",,GBIF strict name match
gbif-2477347,Neafrapus cassini,Neafrapus cassini,Cassin's Spinetail,Birds,species,"Uganda: Budongo Forest Reserve, Maramagambo Forest Reserve, QSD 44A. Historical occurrence records.",,GBIF strict name match
gbif-2480715,Necrosyrtes monachus,Necrosyrtes monachus,Hooded Vulture,Birds,species,"Uganda: Arua Town, Budongo Forest Reserve, Fort-Portal, Hoima Town, Kasangali and other localities. Historical occurrence records.",,GBIF strict name match
gbif-5229971,Nectarinia famosa,Nectarinia famosa,Malachite Sunbird,Birds,species,"Uganda: Echuya Forest Reserve, Kasangali, Maramagambo Forest Reserve, Mgahinga Gorilla NP, Nsenyi and other localities. Historical occurrence records.",,GBIF strict name match
gbif-5230017,Nectarinia johnstoni,Nectarinia johnstoni,Scarlet-tufted Malachite Sunbird,Birds,species,"Uganda: Echuya Forest Reserve, Kasangali, QSD 43B, QSD 68B, Rwenzori Mountains NP. Historical occurrence records.",,GBIF strict name match
gbif-5229993,Nectarinia kilimensis,Nectarinia kilimensis,Bronze Sunbird,Birds,species,"Uganda: A101, B104, Bwindi Impenetrable NP, C118, Echuya Forest Reserve and other localities. Historical occurrence records.",,GBIF strict name match
gbif-5230037,Nectarinia tacazze,Nectarinia tacazze,Tacazze Sunbird,Birds,species,Uganda: Mt Otzi FR. Historical occurrence records.,,GBIF strict name match
gbif-2490833,Neocossyphus poensis,Neocossyphus poensis,White-tailed Ant Thrush,Birds,species,"Uganda: Budongo Forest Reserve, Bugoma FR, Bugoma Forest Reserve, Bwamba, Bwindi Impenetrable NP and other localities. Historical occurrence records.",,GBIF strict name match
gbif-2490831,Neocossyphus rufus,Neocossyphus rufus,Red-tailed Ant Thrush,Birds,species,"Uganda: Budongo Forest Reserve, Kalinzu, Kalinzu FR, Kalinzu FR Corridor, Kasyoha-Kitomi FR and other localities. Historical occurrence records.",,GBIF strict name match
gbif-2480696,Neophron percnopterus,Neophron percnopterus,Egyptian Vulture,Birds,species,"Uganda: Kyambura Game Reserve, Masindi Town, QSD 44A, QSD 55D, QSD 56A and other localities. Historical occurrence records.",,GBIF strict name match
gbif-2474874,Neotis denhami,Neotis denhami,Denham's Bustard,Birds,species,"Uganda: Murchison Falls NP, Murchison Falls National Park, QSD 21A, QSD 21B, QSD 33B and other localities. Historical occurrence records.",,GBIF strict name match
gbif-5231428,Nesocharis ansorgei,Nesocharis ansorgei,White-collared Olive-back,Birds,species,"Uganda: Bwindi Impenetrable NP, Echuya Forest Reserve, Kasangali, Nsenyi, QSD 55D and other localities. Historical occurrence records.",,GBIF strict name match
gbif-5231427,Nesocharis capistrata,Nesocharis capistrata,Grey-headed Olive-back,Birds,species,"Uganda: Budongo Forest Reserve, Inve FR, Mt Kei FR, Murchison Falls NP, Murchison Falls National Park and other localities. Historical occurrence records.",,GBIF strict name match
gbif-2498177,Netta erythrophthalma,Netta erythrophthalma,Southern Pochard,Birds,species,"Uganda: Lake Mwamba, QSD 44A, QSD 55D, QSD 56C, QSD 68B. Historical occurrence records.",,GBIF strict name match
gbif-2498313,Nettapus auritus,Nettapus auritus,African Pygmy Goose,Birds,species,"Uganda: Lake Edward, QSD 22C, QSD 32D, QSD 55B, Queen Elizabeth NP and other localities. Historical occurrence records.",,GBIF strict name match
gbif-2486230,Nicator chloris,Nicator chloris,Nicator,Birds,species,"Uganda: Budongo FR, Budongo Forest Reserve, Bugoma Forest Reserve, Busingiro, C106 and other localities. Historical occurrence records.",,GBIF strict name match
gbif-2486228,Nicator vireo,Nicator vireo,Yellow-throated Nicator,Birds,species,"Uganda: Bwamba, Murchison Falls NP, Semliki Forest NP. Historical occurrence records.",,GBIF strict name match
gbif-2493675,Nigrita bicolor,Nigrita bicolor,Chestnut-breasted Negrofinch,Birds,species,"Uganda: Kibale Forest NP, Maramagambo Forest Reserve, QSD 44A. Historical occurrence records.",,GBIF strict name match
gbif-7340741,Nigrita fusconotus,Nigrita fusconotus,White-breasted Negrofinch,Birds,species,"Uganda: Budongo Forest Reserve, Bwindi Impenetrable NP, Iribata, Itwara Forest Reserve, Kalinzu and other localities. Historical occurrence records.",,GBIF strict name match
gbif-2493674,Nigrita luteifrons,Nigrita luteifrons,Pale-fronted Negrofinch,Birds,species,Uganda: Toro-Semliki WR. Historical occurrence records.,,GBIF strict name match
gbif-2484835,Nilaus afer,Nilaus afer,Brubru,Birds,species,"Uganda: Ajai Wildlife Reserve, Kyambura Wildlife Reserve, Murchison Falls NP, Murchison Falls National Park, QSD 22C and other localities. Historical occurrence records.",,GBIF strict name match
gbif-2481792,Numenius arquata,Numenius arquata,Curlew,Birds,species,"Uganda: QSD 21C, QSD 21D, QSD 33A, Queen Elizabeth NP. Historical occurrence records.",,GBIF strict name match
gbif-2481784,Numenius phaeopus,Numenius phaeopus,Whimbrel,Birds,species,"Uganda: QSD 21D, QSD 33A, QSD 55B. Historical occurrence records.",,GBIF strict name match
gbif-2473341,Numida meleagris,Numida meleagris,Helmeted Guinefowl,Birds,species,"Uganda: A110, Ajai Wildlife Reserve, Ajai's Game Reserve, Budongo Forest Reserve, Bugungu Game Researve and other localities. Historical occurrence records.",,GBIF strict name match
gbif-2480863,Nycticorax nycticorax,Nycticorax nycticorax,Night Heron,Birds,species,"Uganda: Katonga Game Reserve, Kyambura Game Reserve, Lake Edward, Murchison Falls NP, Murchison Falls National Park and other localities. Historical occurrence records.",,GBIF strict name match
gbif-2495342,Oena capensis,Oena capensis,Namaqua Dove,Birds,species,"Uganda: Ajai's Game Reserve, Bulisa, Kasangali, Mt Otzi FR, Murchison Falls NP and other localities. Historical occurrence records.",,GBIF strict name match
gbif-6100849,Oenanthe familiaris,Oenanthe familiaris,Red-tailed Chat,Birds,species,"Uganda: Mt Kei FR, Mt Otzi FR, QSD 21D, QSD 68B, QSD 9C. Historical occurrence records.",,GBIF strict name match
gbif-5231245,Oenanthe isabellina,Oenanthe isabellina,Isabelline Wheatear,Birds,species,"Uganda: Murchison Falls NP, QSD 21A, QSD 21D, QSD 22C, QSD 33A and other localities. Historical occurrence records.",,GBIF strict name match
gbif-5231240,Oenanthe oenanthe,Oenanthe oenanthe,Northern Wheatear,Birds,species,"Uganda: Iyi FR, Kasangali, Katugurukwa, Katwe, Mt Kei FR and other localities. Historical occurrence records.",,GBIF strict name match
gbif-5231233,Oenanthe pleschanka,Oenanthe pleschanka,Pied Wheatear,Birds,species,"Uganda: Murchison Falls NP, QSD 22C, QSD 55B, QSD 55D, Zoka Forest Reserve. Historical occurrence records.",,GBIF strict name match
gbif-5230742,Onychognathus fulgidus,Onychognathus fulgidus,Chestnut-winged Starling,Birds,species,"Uganda: Budongo Forest Reserve, Kanyanchu, Kibale Forest NP, QSD 33C, QSD 43B and other localities. Historical occurrence records.",,GBIF strict name match
gbif-5230739,Onychognathus morio,Onychognathus morio,Red-winged Starling,Birds,species,"Uganda: C102, Nebbi Town. Historical occurrence records.",,GBIF strict name match
gbif-5230741,Onychognathus salvadorii,Onychognathus salvadorii,Bristle-crowned Starling,Birds,species,Uganda: Queen Elizabeth NP. Historical occurrence records.,,GBIF strict name match
gbif-5230738,Onychognathus tenuirostris,Onychognathus tenuirostris,Slender-billed Chestnut-winged Starling,Birds,species,"Uganda: Bwindi Impenetrable NP, Kasangali, Kilembe Mines Valley, Nsenyi, Rwenzori Mountains NP and other localities. Historical occurrence records.",,GBIF strict name match
gbif-5230740,Onychognathus walleri,Onychognathus walleri,Waller's Chestnut-winged Starling,Birds,species,"Uganda: Bwindi Impenetrable NP, Kalinzu Forest Reserve, Kasangali, Kasyoha-Kitomi FR, Kibale Forest NP and other localities. Historical occurrence records.",,GBIF strict name match
gbif-5788674,Oreolais ruwenzorii,Oreolais ruwenzorii,Rwenzori Apalis,Birds,species,"Uganda: Bwindi Impenetrable NP, Echuya Forest Reserve, Kalinzu FR, Kasangali, Mafuga Forest Reserve and other localities. Historical occurrence records.",,GBIF strict name match
gbif-2488960,Oriolus auratus,Oriolus auratus,African Golden Oriole,Birds,species,"Uganda: Era Forest Reserve, Kigezi, Mt Otzi FR, Murchison Falls NP, Murchison Falls National Park and other localities. Historical occurrence records.",,GBIF strict name match
gbif-2488966,Oriolus larvatus,Oriolus larvatus,Black-headed Oriole,Birds,species,"Uganda: A110, Budongo Forest Reserve, Era Forest Reserve, Karuma Game Reserve, Kasangali and other localities. Historical occurrence records.",,GBIF strict name match
gbif-2488949,Oriolus oriolus,Oriolus oriolus,Golden Oriole,Birds,species,"Uganda: Budongo Forest Reserve, Bwindi Impenetrable NP, Kasangali, QSD 21D, QSD 44A and other localities. Historical occurrence records.",,GBIF strict name match
gbif-2488958,Oriolus percivali,Oriolus percivali,Montane Oriole,Birds,species,"Uganda: Bwindi Impenetrable NP, Kalinzu, Kalinzu FR, Kalinzu Forest Reserve, Kasangali and other localities. Historical occurrence records.",,GBIF strict name match
gbif-11366957,Ortygornis sephaena,Ortygornis sephaena,Crested Francolin,Birds,species,"Uganda: Ajai Wildlife Reserve, Bugungu Game Researve, Bugungu Game Reserve, Bulisa, Butiaba-Wanseko Road and other localities. Historical occurrence records.",,GBIF strict name match
gbif-2493711,Ortygospiza atricollis,Ortygospiza atricollis,Quailfinch,Birds,species,"Uganda: Murchison Falls NP, QSD 55D. Historical occurrence records.",,GBIF strict name match
gbif-2493712,Ortygospiza gabonensis,Ortygospiza gabonensis,Black-chinned Quailfinch,Birds,species,"Uganda: QSD 44B, QSD 55B, QSD 55D, Queen Elizabeth NP, Semliki Wildlife Reserve. Historical occurrence records.",,GBIF strict name match
gbif-2497701,Otus scops,Otus scops,Scops Owl,Birds,species,"Uganda: Ajai Wildlife Reserve, Budongo Forest Reserve, Karogoto, Katonga Game Researve, Kibeka Forest Reserve and other localities. Historical occurrence records.",,GBIF strict name match
gbif-2496619,Pachycoccyx audeberti,Pachycoccyx audeberti,Thick-billed Cuckoo,Birds,species,Uganda: Lodongo FR. Historical occurrence records.,,GBIF strict name match
gbif-2480726,Pandion haliaetus,Pandion haliaetus,Osprey,Birds,species,"Uganda: Budongo Forest Reserve, Kyambura Game Reserve, Kyambura Wildlife Reserve, Lake Edward, Lake Nyabikere and other localities. Historical occurrence records.",,GBIF strict name match
gbif-10975405,Pardipicus caroli,Pardipicus caroli,Brown-eared Woodpecker,Birds,species,"Uganda: Budongo Forest Reserve, Bugoma FR, Bugoma Forest Reserve, Bwindi Impenetrable NP, Kagombe Forest Reserve and other localities. Historical occurrence records.",,GBIF strict name match
gbif-11007905,Pardipicus nivosus,Pardipicus nivosus,Buff-spotted Woodpecker,Birds,species,"Uganda: Budongo Forest Reserve, Bugoma Forest Reserve, Bwamba, Bwindi Impenetrable NP, Kagombe FR and other localities. Historical occurrence records.",,GBIF strict name match
gbif-2493729,Parmoptila rubrifrons,Parmoptila rubrifrons,Red-fronted Antpecker,Birds,species,"Uganda: Budongo Forest Reserve, Bwindi Impenetrable NP, Kasyoha-Kitomi FR, Kasyoha-Kitomi Forest Reserve, Kibale Forest NP and other localities. Historical occurrence records.",,GBIF strict name match
gbif-2487933,Parus funereus,Parus funereus,Dusky Tit,Birds,species,"Uganda: Budongo Forest Reserve, Bugoma FR, Bwindi Impenetrable NP, Kalinzu, Kasangali and other localities. Historical occurrence records.",,GBIF strict name match
gbif-2487934,Parus leucomelas,Parus leucomelas,Black Tit,Birds,species,"Uganda: Ajai Wildlife Reserve, Budongo Forest Reserve, Bwindi Impenetrable NP, Era Forest Reserve, Kabale and other localities. Historical occurrence records.",,GBIF strict name match
gbif-5231200,Passer eminibey,Passer eminibey,Chestnut Sparrow,Birds,species,Uganda: QSD 21D. Historical occurrence records.,,GBIF strict name match
gbif-5231193,Passer griseus,Passer griseus,Grey-headed Sparrow,Birds,species,"Uganda: A106, Arua Town, Budongo Forest Reserve, Bugoma FR, Bulisa and other localities. Historical occurrence records.",,GBIF strict name match
gbif-5231196,Passer motitensis,Passer motitensis,Rufous Sparrow,Birds,species,"Uganda: Kitechura Forest Reserve, Murchison Falls NP, Murchison Falls National Park, Payongo. Historical occurrence records.",,GBIF strict name match
gbif-2480350,Pelecanus onocrotalus,Pelecanus onocrotalus,White Pelican,Birds,species,"Uganda: Ajai's Game Reserve, Bunyampaka, Butiaba Pier, Hamukungu, Kahendoro and other localities. Historical occurrence records.",,GBIF strict name match
gbif-2480352,Pelecanus rufescens,Pelecanus rufescens,Pink-backed Pelican,Birds,species,"Uganda: Bunyampaka, Butiaba Pier, Hamukungu, Hoima Town, Kasenyi and other localities. Historical occurrence records.",,GBIF strict name match
gbif-2473882,Peliperdix lathami,Peliperdix lathami,Forest Francolin,Birds,species,"Uganda: QSD 32D, QSD 33B, QSD 44A, QSD 44C, QSD 9C. Historical occurrence records.",,GBIF strict name match
gbif-6100841,Pentholaea albifrons,Pentholaea albifrons,White-fronted Black Chat,Birds,species,"Uganda: Lodongo FR, Semliki Wildlife Reserve. Historical occurrence records.",,GBIF strict name match
gbif-2480420,Pernis apivorus,Pernis apivorus,European Honey Buzzard,Birds,species,"Uganda: Budongo Forest Reserve, Kibale Forest NP, Kibangya, Murchison Falls NP, Murchison Falls National Park and other localities. Historical occurrence records.",,GBIF strict name match
gbif-2481890,Phalacrocorax carbo,Phalacrocorax carbo,Greater Cormorant,Birds,species,"Uganda: Ajai's Game Reserve, Hamukungu, Katwe Bay, Kyambura Game Reserve, Kyambura Wildlife Reserve and other localities. Historical occurrence records.",,GBIF strict name match
gbif-2481104,Phoeniconaias minor,Phoeniconaias minor,Lesser Flamingo,Birds,species,"Uganda: Bunyampaka, Itwara Forest Reserve, Kyambura Game Reserve, Kyambura Wildlife Reserve, Lake Kasenyi and other localities. Historical occurrence records.",,GBIF strict name match
gbif-9691034,Phoenicopterus ruber,Phoenicopterus ruber,Greater Flamingo,Birds,species,"Uganda: Katwe, Kyambura Game Reserve, Kyambura Wildlife Reserve, Lake Katwe, QSD 55B and other localities. Historical occurrence records.",,GBIF strict name match
gbif-2498448,Phoeniculus bollei,Phoeniculus bollei,White-headed Wood Hoopoe,Birds,species,"Uganda: Bugoma FR, Bwindi Impenetrable NP, Kalinzu FR, Kalinzu Forest Reserve, Karogoto and other localities. Historical occurrence records.",,GBIF strict name match
gbif-2498442,Phoeniculus castaneiceps,Phoeniculus castaneiceps,Forest Wood Hoopoe,Birds,species,"Uganda: Bugoma FR, Maramagambo, Nsenyi, QSD 32D, QSD 44A and other localities. Historical occurrence records.",,GBIF strict name match
gbif-2498452,Phoeniculus purpureus,Phoeniculus purpureus,Green Wood Hoopoe,Birds,species,"Uganda: Ajai Wildlife Reserve, Ajai's Game Reserve, Bwentale Ranger Post Area, C112, Era Forest Reserve and other localities. Historical occurrence records.",,GBIF strict name match
gbif-5739317,Phoenicurus phoenicurus,Phoenicurus phoenicurus,Redstart,Birds,species,"Uganda: Ajai Wildlife Reserve, Iyi FR, Kinyara Sugar Estate, Mt Kei FR, Murchison Falls NP and other localities. Historical occurrence records.",,GBIF strict name match
gbif-2487402,Pholidornis rushiae,Pholidornis rushiae,Tit Hylia,Birds,species,"Uganda: Budongo Forest Reserve, Bwindi Impenetrable NP, Kibale Forest NP. Historical occurrence records.",,GBIF strict name match
gbif-5231410,Phyllanthus atripennis,Phyllanthus atripennis,Capuchin Babbler,Birds,species,Uganda: Semliki Forest NP. Historical occurrence records.,,GBIF strict name match
gbif-2486093,Phyllastrephus albigularis,Phyllastrephus albigularis,White-throated Greenbul,Birds,species,"Uganda: Budongo FR, Budongo Forest Reserve, Bugoma FR, Bugoma Forest Reserve, Itwara Forest Reserve and other localities. Historical occurrence records.",,GBIF strict name match
gbif-2486087,Phyllastrephus cabanisi,Phyllastrephus cabanisi,Cabanis' Greenbul,Birds,species,"Uganda: Bwindi Impenetrable NP, Kalinzu, Kalinzu FR Corridor, Kasyoha-Kitomi FR, Maramagambo and other localities. Historical occurrence records.",,GBIF strict name match
gbif-2486089,Phyllastrephus flavostriatus,Phyllastrephus flavostriatus,Yellow-streaked Greenbul,Birds,species,"Uganda: Bwindi Impenetrable NP, Kasangali, Kasyoha-Kitomi FR, Kasyoha-Kitomi Forest Reserve, Kibale Forest NP and other localities. Historical occurrence records.",,GBIF strict name match
gbif-2486090,Phyllastrephus hypochloris,Phyllastrephus hypochloris,Toro Olive Greenbul,Birds,species,"Uganda: Budongo Forest Reserve, Bugoma Forest Reserve, Bwindi Impenetrable NP, Itwara Forest Reserve, Kalinzu and other localities. Historical occurrence records.",,GBIF strict name match
gbif-2486106,Phyllastrephus icterinus,Phyllastrephus icterinus,Icterine Greenbul,Birds,species,"Uganda: Budongo Forest Reserve, Bwamba, Kasyoha-Kitomi FR, Maramagambo, QSD 32D and other localities. Historical occurrence records.",,GBIF strict name match
gbif-2486092,Phyllastrephus scandens,Phyllastrephus scandens,Leaflove,Birds,species,"Uganda: Nyabyeya, QSD 43B, Semliki Forest NP, Semliki Wildlife Reserve. Historical occurrence records.",,GBIF strict name match
gbif-2486084,Phyllastrephus strepitans,Phyllastrephus strepitans,Northern Brownbul,Birds,species,"Uganda: Era Forest Reserve, QSD 21A. Historical occurrence records.",,GBIF strict name match
gbif-2486086,Phyllastrephus xavieri,Phyllastrephus xavieri,Xavier's Greenbul,Birds,species,"Uganda: Budongo Forest Reserve, Bugoma Forest Reserve, Bwamba, Kalinzu Forest Reserve, Kasyoha-Kitomi FR and other localities. Historical occurrence records.",,GBIF strict name match
gbif-2493359,Phyllolais pulchella,Phyllolais pulchella,Buff-bellied Warbler,Birds,species,"Uganda: Ajai Wildlife Reserve, Kasenyi, Kyambura Wildlife Reserve, Murchison Falls NP, Murchison Falls National Park and other localities. Historical occurrence records.",,GBIF strict name match
gbif-2493056,Phylloscopus budongoensis,Phylloscopus budongoensis,Uganda Woodland Warbler,Birds,species,"Uganda: Budongo Forest Reserve, QSD 44C. Historical occurrence records.",,GBIF strict name match
gbif-2493083,Phylloscopus laetus,Phylloscopus laetus,Red-faced Woodland Warbler,Birds,species,"Uganda: Bwindi Impenetrable NP, Echuya Forest Reserve, Kasangali, Mafuga Forest Reserve, Nsenyi and other localities. Historical occurrence records.",,GBIF strict name match
gbif-2493052,Phylloscopus trochilus,Phylloscopus trochilus,Willow Warbler,Birds,species,"Uganda: Ajai Wildlife Reserve, Arua Town, Budongo Forest Reserve, Bugungu Game Reserve, Busingiro and other localities. Historical occurrence records.",,GBIF strict name match
gbif-2493049,Phylloscopus umbrovirens,Phylloscopus umbrovirens,Brown Woodland Warbler,Birds,species,"Uganda: Bwindi Impenetrable NP, Mgahinga Gorilla NP, Murchison Falls NP, Rwenzori Mountains NP, Rwenzori Mountaints NP. Historical occurrence records.",,GBIF strict name match
gbif-2489502,Pitta angolensis,Pitta angolensis,African Pitta,Birds,species,"Uganda: Budongo Forest Reserve, Kibale Forest NP, QSD 32D, QSD 44A, QSD 45A and other localities. Historical occurrence records.",,GBIF strict name match
gbif-2489506,Pitta reichenowi,Pitta reichenowi,Green-breasted Pitta,Birds,species,"Uganda: Budongo Forest Reserve, Kibale Forest NP, QSD 32D, QSD 33B, QSD 55D and other localities. Historical occurrence records.",,GBIF strict name match
gbif-2480800,Platalea alba,Platalea alba,African Spoonbill,Birds,species,"Uganda: Hamukungu, Kyambura Game Reserve, Kyambura Wildlife Reserve, Lake Mutanda, Murchison Falls NP and other localities. Historical occurrence records.",,GBIF strict name match
gbif-2480801,Platalea leucorodia,Platalea leucorodia,Eurasian Spoonbill,Birds,species,"Uganda: Kyambura Game Reserve, Kyambura Wildlife Reserve, QSD 21C, Queen Elizabeth NP. Historical occurrence records.",,GBIF strict name match
gbif-2492313,Platysteira cyanea,Platysteira cyanea,Brown-throated Wattle-eye,Birds,species,"Uganda: A101, A106, A109, A109A, Ajai Wildlife Reserve and other localities. Historical occurrence records.",,GBIF strict name match
gbif-2492312,Platysteira peltata,Platysteira peltata,Black-throated Wattle-eye,Birds,species,"Uganda: Kagombe FR, Kibale Forest NP, Lake Nkuruba, Matiri Forest Reserve, Murchison Falls NP and other localities. Historical occurrence records.",,GBIF strict name match
gbif-2480773,Plegadis falcinellus,Plegadis falcinellus,Glossy Ibis,Birds,species,"Uganda: Ishasha, Kyambura Game Reserve, Kyambura Wildlife Reserve, Lake Edward, Murchison Falls NP and other localities. Historical occurrence records.",,GBIF strict name match
gbif-2492362,Plocepasser mahali,Plocepasser mahali,White-browed Sparrow Weaver,Birds,species,"Uganda: Ajai's Game Reserve, Murchison Falls NP, QSD 33B, QSD 34A, QSD 44C. Historical occurrence records.",,GBIF strict name match
gbif-2492361,Plocepasser superciliosus,Plocepasser superciliosus,Chestnus-crowned Sparrow Weaver,Birds,species,"Uganda: Ajai Wildlife Reserve, Budongo Forest Reserve, Butiaba, Era Forest Reserve, Mt Kei FR and other localities. Historical occurrence records.",,GBIF strict name match
gbif-2494048,Ploceus alienus,Ploceus alienus,Strange Weaver,Birds,species,"Uganda: Bwindi Impenetrable NP, Echuya Forest Reserve, Kasangali, Mafuga Forest Reserve, Nsenyi and other localities. Historical occurrence records.",,GBIF strict name match
gbif-2494028,Ploceus aurantius,Ploceus aurantius,Orange Weaver,Birds,species,"Uganda: Bwindi Impenetrable NP, Semliki Forest NP. Historical occurrence records.",,GBIF strict name match
gbif-2494061,Ploceus baglafecht,Ploceus baglafecht,Baglafecht Weaver,Birds,species,"Uganda: Arua Town, Butiaba, Butogota Village, Bwindi Impenetrable NP, C102 and other localities. Historical occurrence records.",,GBIF strict name match
gbif-2494065,Ploceus bicolor,Ploceus bicolor,Dark-backed Weaver,Birds,species,"Uganda: Kalinzu, Kalinzu FR, Kasangali, Kasyoha-Kitomi FR, Kasyoha-Kitomi FR Corridor and other localities. Historical occurrence records.",,GBIF strict name match
gbif-2494016,Ploceus castanops,Ploceus castanops,Northern Brown-throated Weaver,Birds,species,"Uganda: Ajai Wildlife Reserve, Bwindi Impenetrable NP, Fort-Portal, Murchison Falls National Park, Nyamuriro Swamp and other localities. Historical occurrence records.",,GBIF strict name match
gbif-2494058,Ploceus cucullatus,Ploceus cucullatus,Black-headed Weaver,Birds,species,"Uganda: A101, A108, A109, A109A, Ajai Wildlife Reserve and other localities. Historical occurrence records.",,GBIF strict name match
gbif-2494052,Ploceus heuglini,Ploceus heuglini,Heuglin's Masked Weaver,Birds,species,"Uganda: Mt Kei FR, Murchison Falls NP, QSD 21A, QSD 21D, QSD 32C and other localities. Historical occurrence records.",,GBIF strict name match
gbif-2494032,Ploceus insignis,Ploceus insignis,Brown-capped Weaver,Birds,species,"Uganda: Bwindi Impenetrable NP, Kasangali, Kibale Forest NP, Kitwe, Mafuga Forest Reserve and other localities. Historical occurrence records.",,GBIF strict name match
gbif-2494014,Ploceus intermedius,Ploceus intermedius,Masked Weaver,Birds,species,"Uganda: A111, Ajai Wildlife Reserve, Ajai's Game Reserve, Bwentale Ranger Post Area, Bwindi Impenetrable NP and other localities. Historical occurrence records.",,GBIF strict name match
gbif-2494066,Ploceus jacksoni,Ploceus jacksoni,Golden-backed Weaver,Birds,species,"Uganda: A106, C101, Kasangali, Kasenyi, Kyambura Game Reserve and other localities. Historical occurrence records.",,GBIF strict name match
gbif-2494045,Ploceus luteolus,Ploceus luteolus,Little Weaver,Birds,species,"Uganda: Ajai Wildlife Reserve, Era Forest Reserve, Hoima, Karuma Game Reserve, Mt Kei FR and other localities. Historical occurrence records.",,GBIF strict name match
gbif-2494070,Ploceus melanocephalus,Ploceus melanocephalus,Yellow-backed Weaver,Birds,species,"Uganda: Ajai Wildlife Reserve, Ajai's Game Reserve, Butiaba, Butiaba-Wanseko Road, Bwindi Impenetrable NP and other localities. Historical occurrence records.",,GBIF strict name match
gbif-2494059,Ploceus melanogaster,Ploceus melanogaster,Black-billed Weaver,Birds,species,"Uganda: Bwindi Impenetrable NP, Kasyoha-Kitomi FR, Kasyoha-Kitomi Forest Reserve, Kibale Forest NP, Masindi Town and other localities. Historical occurrence records.",,GBIF strict name match
gbif-2494063,Ploceus nigerrimus,Ploceus nigerrimus,Vieillot's Black Weaver,Birds,species,"Uganda: Budongo Forest Reserve, Bugoma Forest Reserve, Bwentale Ranger Post Area, Bwindi Impenetrable NP, Fort Portal and other localities. Historical occurrence records.",,GBIF strict name match
gbif-2494053,Ploceus nigricollis,Ploceus nigricollis,Black-necked Weaver,Birds,species,"Uganda: Budongo Forest Reserve, Bwindi Impenetrable NP, Kagombe FR, Karuma Game Reserve, Kasyoha-Kitomi FR and other localities. Historical occurrence records.",,GBIF strict name match
gbif-2494033,Ploceus ocularis,Ploceus ocularis,Spectacled Weaver,Birds,species,"Uganda: Ajai Wildlife Reserve, Ajai's Game Reserve, Budongo Forest Reserve, Bugoma Forest Reserve, Era Forest Reserve and other localities. Historical occurrence records.",,GBIF strict name match
gbif-2494067,Ploceus pelzelni,Ploceus pelzelni,Slender-billed Weaver,Birds,species,"Uganda: A108, Ajai Wildlife Reserve, Ajai's Game Reserve, Kabale, Kinyara Sugar Estate and other localities. Historical occurrence records.",,GBIF strict name match
gbif-5788940,Ploceus superciliosus,Ploceus superciliosus,Compact Weaver,Birds,species,"Uganda: A106, Ajai Wildlife Reserve, Bwindi Impenetrable NP, Kagadi, Kalinzu Forest Reserve and other localities. Historical occurrence records.",,GBIF strict name match
gbif-2494024,Ploceus tricolor,Ploceus tricolor,Yellow-mantled Weaver,Birds,species,"Uganda: Budongo Forest Reserve, Itwara Forest Reserve, Kanyanchu, Kasangali, Kasyoha-Kitomi FR and other localities. Historical occurrence records.",,GBIF strict name match
gbif-2494015,Ploceus velatus,Ploceus velatus,Vitelline Masked Weaver,Birds,species,"Uganda: Ajai Wildlife Reserve, Budongo Forest Reserve, Butiaba-Wanseko Road, Hoima, Kyambura Wildlife Reserve and other localities. Historical occurrence records.",,GBIF strict name match
gbif-2494047,Ploceus weynsi,Ploceus weynsi,Weyns' Weaver,Birds,species,"Uganda: Budongo Forest Reserve, Bugoma FR, Kalinzu FR, Kasangali, Mpanga and other localities. Historical occurrence records.",,GBIF strict name match
gbif-2494027,Ploceus xanthops,Ploceus xanthops,Holub's Golden Weaver,Birds,species,"Uganda: Bwindi Impenetrable NP, Fort-Portal-Bundibugyo Road, Kasangali, Kazingo, Kinyara Sugar Estate and other localities. Historical occurrence records.",,GBIF strict name match
gbif-2480327,Pluvialis squatarola,Pluvialis squatarola,Grey Plover,Birds,species,"Uganda: QSD 33A, Queen Elizabeth NP. Historical occurrence records.",,GBIF strict name match
gbif-2474345,Podica senegalensis,Podica senegalensis,African Finfoot,Birds,species,"Uganda: Kyambura Gorge, Murchison Falls NP, Murchison Falls National Park, QSD 33A, Queen Elizabeth NP and other localities. Historical occurrence records.",,GBIF strict name match
gbif-2482054,Podiceps cristatus,Podiceps cristatus,Great Crested Grebe,Birds,species,"Uganda: Fort-Portal, Kibale Forest NP, Lake Katanda, Lake Mwamba, Lake Saka and other localities. Historical occurrence records.",,GBIF strict name match
gbif-6100938,Poeoptera sharpii,Poeoptera sharpii,Sharpe's Starling,Birds,species,"Uganda: Bwindi Impenetrable NP, Kasangali, Kasyoha-Kitomi FR, Mafuga Forest Reserve, Nsenyi and other localities. Historical occurrence records.",,GBIF strict name match
gbif-2478911,Pogoniulus atroflavus,Pogoniulus atroflavus,Red-rumped Tinkerbird,Birds,species,"Uganda: QSD 44A, Semliki Forest NP. Historical occurrence records.",,GBIF strict name match
gbif-2478916,Pogoniulus bilineatus,Pogoniulus bilineatus,Yellow-rumped Tinkerbird,Birds,species,"Uganda: A106, A110, A112, Budongo Forest Reserve, Bugoma Forest Reserve and other localities. Historical occurrence records.",,GBIF strict name match
gbif-2478907,Pogoniulus chrysoconus,Pogoniulus chrysoconus,Yellow-fronted Tinkerbird,Birds,species,"Uganda: Ajai Wildlife Reserve, Arua Town, Budongo Forest Reserve, Bugungu Game Reserve, Butiaba and other localities. Historical occurrence records.",,GBIF strict name match
gbif-2478928,Pogoniulus pusillus,Pogoniulus pusillus,Red-fronted Tinkerbird,Birds,species,"Uganda: Kyambura Wildlife Reserve, Lodongo FR, Mt Kei FR, Mt Otzi FR, Murchison Falls NP and other localities. Historical occurrence records.",,GBIF strict name match
gbif-2478924,Pogoniulus scolopaceus,Pogoniulus scolopaceus,Speckled Tinkerbird,Birds,species,"Uganda: A109, Budongo Forest Reserve, Bugoma FR, Bwindi Impenetrable NP, Itwara Forest Reserve and other localities. Historical occurrence records.",,GBIF strict name match
gbif-2478932,Pogoniulus subsulphureus,Pogoniulus subsulphureus,Yellow-throated Tinkerbird,Birds,species,"Uganda: Budongo Forest Reserve, Bugoma Forest Reserve, Bwindi Impenetrable NP, Echuya Forest Reserve, Kagadi and other localities. Historical occurrence records.",,GBIF strict name match
gbif-2492637,Pogonocichla stellata,Pogonocichla stellata,White-starred Forest Robin,Birds,species,"Uganda: Bwindi Impenetrable NP, Echuya Forest Reserve, Kasangali, Mafuga Forest Reserve, Nsenyi and other localities. Historical occurrence records.",,GBIF strict name match
gbif-2479968,Poicephalus meyeri,Poicephalus meyeri,Brown Parrot,Birds,species,"Uganda: Ajai Wildlife Reserve, Ajai's Game Reserve, Budongo Forest Reserve, Era Forest Reserve, Goli and other localities. Historical occurrence records.",,GBIF strict name match
gbif-2479958,Poicephalus robustus,Poicephalus robustus,Brown-necked Parrot,Birds,species,Uganda: Bwindi Impenetrable NP. Historical occurrence records.,,GBIF strict name match
gbif-2480426,Polemaetus bellicosus,Polemaetus bellicosus,Martial Eagle,Birds,species,"Uganda: Ajai's Game Reserve, Budongo Forest Reserve, Bwindi Impenetrable NP, Itwara Forest Reserve, Kasangali and other localities. Historical occurrence records.",,GBIF strict name match
gbif-2481096,Polihierax semitorquatus,Polihierax semitorquatus,Pygmy Falcon,Birds,species,Uganda: Pokwero. Historical occurrence records.,,GBIF strict name match
gbif-2480659,Polyboroides typus,Polyboroides typus,African Harrier Hawk,Birds,species,"Uganda: Ajai Wildlife Reserve, Ajai's Game Reserve, Budongo Forest Reserve, Bwamba, Bwindi Impenetrable NP and other localities. Historical occurrence records.",,GBIF strict name match
gbif-4408502,Porphyrio alleni,Porphyrio alleni,Allen's Gallinule,Birds,species,"Uganda: Murchison Falls NP, QSD 33B, Queen Elizabeth NP. Historical occurrence records.",,GBIF strict name match
gbif-2474416,Porphyrio porphyrio,Porphyrio porphyrio,Purple Gallinule,Birds,species,"Uganda: Kyambura Game Reserve, Lake Mutanda, Murchison Falls NP, QSD 55D, QSD 56C and other localities. Historical occurrence records.",,GBIF strict name match
gbif-2474621,Porzana porzana,Porzana porzana,Spotted Crake,Birds,species,"Uganda: QSD 32C, QSD 55D, Queen Elizabeth NP. Historical occurrence records.",,GBIF strict name match
gbif-2492753,Prinia bairdii,Prinia bairdii,Banded Prinia,Birds,species,"Uganda: Bwindi Impenetrable NP, Echuya Forest Reserve, Kasangali, Kasyoha-Kitomi Forest Reserve, Kibale Forest NP and other localities. Historical occurrence records.",,GBIF strict name match
gbif-2492762,Prinia subflava,Prinia subflava,Tawny-flanked Prinia,Birds,species,"Uganda: A101, A107, A108, A109, Ajai Wildlife Reserve and other localities. Historical occurrence records.",,GBIF strict name match
gbif-2484840,Prionops rufiventris,Prionops rufiventris,Red-billed Helmet Shrike,Birds,species,"Uganda: Bwindi Impenetrable NP, QSD 32D, QSD 33B, Semliki Forest NP. Historical occurrence records.",,GBIF strict name match
gbif-2478619,Prodotiscus insignis,Prodotiscus insignis,Cassin's Honeybird,Birds,species,"Uganda: Bwindi Impenetrable NP, Kasyoha-Kitomi FR, Kibale Forest NP, Lake Nkuruba, Maramagambo and other localities. Historical occurrence records.",,GBIF strict name match
gbif-2478613,Prodotiscus regulus,Prodotiscus regulus,Wahlberg's Honeybird,Birds,species,"Uganda: Budongo Forest Reserve, QSD 33B. Historical occurrence records.",,GBIF strict name match
gbif-2489150,Psalidoprocne albiceps,Psalidoprocne albiceps,White-headed Roughwing,Birds,species,"Uganda: Ajai Wildlife Reserve, Budongo Forest Reserve, Bugoma FR, Bwentale Ranger Post Area, Bwindi Impenetrable NP and other localities. Historical occurrence records.",,GBIF strict name match
gbif-2489145,Psalidoprocne pristoptera,Psalidoprocne pristoptera,Black Saw-wing,Birds,species,"Uganda: Budongo Forest Reserve, Bwindi Impenetrable NP, Echuya Forest Reserve, Kalinzu, Kalinzu Forest Reserve and other localities. Historical occurrence records.",,GBIF strict name match
gbif-7341388,Pseudalethe poliocephala,Pseudalethe poliocephala,Brown-chested Alethe,Birds,species,"Uganda: Budongo Forest Reserve, Bugoma FR, Bugoma Forest Reserve, Bwamba, Bwindi Impenetrable NP and other localities. Historical occurrence records.",,GBIF strict name match
gbif-7341380,Pseudalethe poliophrys,Pseudalethe poliophrys,Red-throated Alethe,Birds,species,"Uganda: Bwindi Impenetrable NP, Echuya Forest Reserve, Kasangali, Murchison Falls NP, Nsenyi and other localities. Historical occurrence records.",,GBIF strict name match
gbif-7342186,Pseudhirundo griseopyga,Pseudhirundo griseopyga,Grey-rumped Swallow,Birds,species,"Uganda: Nyamuriro Swamp, QSD 33B, QSD 55D, QSD 68B. Historical occurrence records.",,GBIF strict name match
gbif-7342089,Pseudoalcippe abyssinica,Pseudoalcippe abyssinica,African Hill Babbler,Birds,species,"Uganda: Bwindi Impenetrable NP, Echuya Forest Reserve, Kasangali, Mafuga Forest Reserve, Nsenyi and other localities. Historical occurrence records.",,GBIF strict name match
gbif-2484500,Pseudocalyptomena graueri,Pseudocalyptomena graueri,African Green Broadbill,Birds,species,"Uganda: Bwindi Impenetrable NP, QSD 55D. Historical occurrence records.",,GBIF strict name match
gbif-2479226,Psittacula krameri,Psittacula krameri,Rose-ringed Parrakeet,Birds,species,"Uganda: QSD 33B, QSD 44A. Historical occurrence records.",,GBIF strict name match
gbif-2480181,Psittacus erithacus,Psittacus erithacus,Grey Parrot,Birds,species,"Uganda: Budongo Forest Reserve, Bugoma FR, Bwindi Impenetrable NP, Kalinzu, Kalinzu FR and other localities. Historical occurrence records.",,GBIF strict name match
gbif-2473787,Pternistis afer,Pternistis afer,Red-necked Spurfowl,Birds,species,"Uganda: Kyambura Wildlife Reserve, Mubuku, QSD 33B, QSD 43D, QSD 44A and other localities. Historical occurrence records.",,GBIF strict name match
gbif-2473843,Pternistis icterorhynchus,Pternistis icterorhynchus,Heuglin's Francolin,Birds,species,"Uganda: Ajai Wildlife Reserve, Budongo Forest Reserve, Bulyengo, Hoima Road, Karuma Game Reserve and other localities. Historical occurrence records.",,GBIF strict name match
gbif-2473901,Pternistis nobilis,Pternistis nobilis,Handsome Francolin,Birds,species,"Uganda: Bwindi Impenetrable NP, Kasangali, Nsenyi, QSD 44A, QSD 55D and other localities. Historical occurrence records.",,GBIF strict name match
gbif-2473828,Pternistis squamatus,Pternistis squamatus,Scaly Francolin,Birds,species,"Uganda: Budongo Forest Reserve, Bugoma FR, Bwindi Impenetrable NP, Itwara Forest Reserve, Kasangali and other localities. Historical occurrence records.",,GBIF strict name match
gbif-5844228,Ptilopachus nahani,Ptilopachus nahani,Nahan's Francolin,Birds,species,"Uganda: Budongo Forest Reserve, QSD 32D. Historical occurrence records.",,GBIF strict name match
gbif-2474089,Ptilopachus petrosus,Ptilopachus petrosus,Stone Partridge,Birds,species,"Uganda: Mt Otzi FR, QSD 21C. Historical occurrence records.",,GBIF strict name match
gbif-5232239,Ptilopsis leucotis,Ptilopsis leucotis,White-faced Scops Owl,Birds,species,Uganda: QSD 20B. Historical occurrence records.,,GBIF strict name match
gbif-2482461,Ptilostomus afer,Ptilostomus afer,Piapiac,Birds,species,"Uganda: A111, A112, Butiaba, Butiaba Pier, Butiaba Town and other localities. Historical occurrence records.",,GBIF strict name match
gbif-7340285,Ptyonoprogne fuligula,Ptyonoprogne fuligula,African Rock Martin,Birds,species,"Uganda: Bwindi Impenetrable NP, Fort-Portal, Ibanda Town, Ihunga Village, Kabale Town and other localities. Historical occurrence records.",,GBIF strict name match
gbif-2493636,Pyrenestes ostrinus,Pyrenestes ostrinus,Black-bellied Seed-cracker,Birds,species,"Uganda: Budongo Forest Reserve, Bugoma FR, Bugoma Forest Reserve, Kibale Forest NP, Kyambura Wildlife Reserve and other localities. Historical occurrence records.",,GBIF strict name match
gbif-2493716,Pytilia melba,Pytilia melba,Green-winged Pytilia,Birds,species,"Uganda: A109A, Ajai Wildlife Reserve, Butiaba, C115, Murchison Falls NP and other localities. Historical occurrence records.",,GBIF strict name match
gbif-2493714,Pytilia phoenicoptera,Pytilia phoenicoptera,Red-winged Pytilia,Birds,species,"Uganda: Ajai Wildlife Reserve, Budongo Forest Reserve, Butiaba, Karuma Game Reserve, Mt Otzi FR and other localities. Historical occurrence records.",,GBIF strict name match
gbif-2493989,Quelea cardinalis,Quelea cardinalis,Cardinal Quelea,Birds,species,"Uganda: Ajai Wildlife Reserve, Budongo Forest Reserve, Bugungu Game Reserve, Bwentale Ranger Post Area, Karuma Game Reserve and other localities. Historical occurrence records.",,GBIF strict name match
gbif-2493988,Quelea erythrops,Quelea erythrops,Red-headed Quelea,Birds,species,"Uganda: Budongo Forest Reserve, Era Forest Reserve, Ibanda Town, Karuma Game Reserve, Kibale Forest NP and other localities. Historical occurrence records.",,GBIF strict name match
gbif-2493987,Quelea quelea,Quelea quelea,Red-billed Quelea,Birds,species,"Uganda: A106, Ajai Wildlife Reserve, B102, B104, Budongo Forest Reserve and other localities. Historical occurrence records.",,GBIF strict name match
gbif-2474830,Rallus caerulescens,Rallus caerulescens,African Water Rail,Birds,species,"Uganda: QSD 21C, QSD 55D. Historical occurrence records.",,GBIF strict name match
gbif-2480259,Recurvirostra avosetta,Recurvirostra avosetta,Avocet,Birds,species,"Uganda: Kyambura Wildlife Reserve, Lake Katwe, Munyanyange, Ntoroko Fishing Village, QSD 21C and other localities. Historical occurrence records.",,GBIF strict name match
gbif-5228606,Rhaphidura sabini,Rhaphidura sabini,Sabine's Spinetail,Birds,species,"Uganda: Budongo Forest Reserve, Itwara Forest Reserve, Kanyachu Camp, Kibale Forest NP, Maramagambo Forest Reserve and other localities. Historical occurrence records.",,GBIF strict name match
gbif-2480735,Rhinoptilus chalcopterus,Rhinoptilus chalcopterus,Violet-tipped Courser,Birds,species,Uganda: QSD 45A. Historical occurrence records.,,GBIF strict name match
gbif-5230747,Riparia cincta,Riparia cincta,Banded Martin,Birds,species,"Uganda: A101, Bwentale Ranger Post Area, Kasangali, Kibale Forest NP, Kyambura Game Reserve and other localities. Historical occurrence records.",,GBIF strict name match
gbif-5230750,Riparia paludicola,Riparia paludicola,African Sand Martin,Birds,species,"Uganda: A101, A109, C113B, Hamukungu, Kasenyi and other localities. Historical occurrence records.",,GBIF strict name match
gbif-2489160,Riparia riparia,Riparia riparia,Sand Martin,Birds,species,"Uganda: A101, Ajai Wildlife Reserve, Ajai's Game Reserve, Bibia, Biso to Butiaba Road and other localities. Historical occurrence records.",,GBIF strict name match
gbif-2482029,Rostratula benghalensis,Rostratula benghalensis,Painted Snipe,Birds,species,"Uganda: Kyambura Game Reserve, Kyambura Wildlife Reserve, Lake Kasenyi, QSD 33A, QSD 55B and other localities. Historical occurrence records.",,GBIF strict name match
gbif-2475217,Ruwenzorornis johnstoni,Ruwenzorornis johnstoni,Rwenzori Turaco,Birds,species,"Uganda: Bwindi Impenetrable NP, Kasangali, Mgahinga Gorilla NP, Mgahinga Gorilla NP Gate, Nsenyi and other localities. Historical occurrence records.",,GBIF strict name match
gbif-2481208,Rynchops flavirostris,Rynchops flavirostris,African Skimmer,Birds,species,"Uganda: Kyambura Game Reserve, Lake Edward, Lake Kasenyi, Murchison Falls NP, Murchison Falls National Park and other localities. Historical occurrence records.",,GBIF strict name match
gbif-5229409,Sagittarius serpentarius,Sagittarius serpentarius,Secretary Bird,Birds,species,"Uganda: Murchison Falls NP, QSD 21A, QSD 21C, QSD 21D, QSD 22C and other localities. Historical occurrence records.",,GBIF strict name match
gbif-2498001,Sarkidiornis melanotos,Sarkidiornis melanotos,Knob-billed Duck,Birds,species,"Uganda: Ajai Wildlife Reserve, Bwamba, Kigezi, Kyambura Game Reserve, Kyambura Wildlife Reserve and other localities. Historical occurrence records.",,GBIF strict name match
gbif-5228161,Sarothrura elegans,Sarothrura elegans,Buff-spotted Flufftail,Birds,species,"Uganda: Budongo Forest Reserve, Bugoma FR, Bwindi Impenetrable NP, Kagombe FR, Kalinzu and other localities. Historical occurrence records.",,GBIF strict name match
gbif-5228167,Sarothrura pulchra,Sarothrura pulchra,White-spotted Flufftail,Birds,species,"Uganda: Budongo Forest Reserve, Bugoma FR, Bwindi Impenetrable NP, C105, Kagombe FR and other localities. Historical occurrence records.",,GBIF strict name match
gbif-5228157,Sarothrura rufa,Sarothrura rufa,Red-chested Flufftail,Birds,species,"Uganda: Bwindi Impenetrable NP, Echuya Forest Reserve, Kinyara Sugar Estate, QSD 44C. Historical occurrence records.",,GBIF strict name match
gbif-2478210,Sasia africana,Sasia africana,African Piculet,Birds,species,"Uganda: QSD 43B, Semliki Forest NP. Historical occurrence records.",,GBIF strict name match
gbif-2492521,Saxicola rubetra,Saxicola rubetra,Whinchat,Birds,species,"Uganda: A106, Ajai Wildlife Reserve, Budongo Forest Reserve, Bwamba, Ibanda Town and other localities. Historical occurrence records.",,GBIF strict name match
gbif-7340639,Schistolais leucopogon,Schistolais leucopogon,White-chinned Prinia,Birds,species,"Uganda: Budongo Forest Reserve, Bugoma FR, Bwentale Ranger Post Area, Bwindi Impenetrable NP, C108 and other localities. Historical occurrence records.",,GBIF strict name match
gbif-5231409,Schoenicola brevirostris,Schoenicola brevirostris,Broad-tailed Warbler,Birds,species,"Uganda: Ajai Wildlife Reserve, Kinyara Sugar Estate, Kyambura Game Reserve, Maramagambo, QSD 44C and other localities. Historical occurrence records.",,GBIF strict name match
gbif-2477333,Schoutedenapus myoptilus,Schoutedenapus myoptilus,Scarce Swift,Birds,species,"Uganda: A110, Budongo Forest Reserve, Bwindi Impenetrable NP, Kibale Forest NP, Kyegegwa Savanna and other localities. Historical occurrence records.",,GBIF strict name match
gbif-2473796,Scleroptila levaillantii,Scleroptila levaillantii,Red-winged Francolin,Birds,species,"Uganda: Kyambura Game Reserve, Nsenyi, QSD 43D, QSD 44B, QSD 44C and other localities. Historical occurrence records.",,GBIF strict name match
gbif-2473870,Scleroptila shelleyi,Scleroptila shelleyi,Shelley's Francolin,Birds,species,Uganda: Murchison Falls NP. Historical occurrence records.,,GBIF strict name match
gbif-6101189,Scleroptila streptophora,Scleroptila streptophora,Ring-necked Francolin,Birds,species,"Uganda: Budongo Forest Reserve, Murchison Falls NP, QSD 33B, QSD 44A. Historical occurrence records.",,GBIF strict name match
gbif-5229154,Scopus umbretta,Scopus umbretta,Hamerkop,Birds,species,"Uganda: A108, A109A, Ajai Wildlife Reserve, Ajai's Game Reserve, Bwindi Impenetrable NP and other localities. Historical occurrence records.",,GBIF strict name match
gbif-2497870,Scotopelia peli,Scotopelia peli,Pel's Fishing Owl,Birds,species,"Uganda: Ajai's Game Reserve, Murchison Falls NP, Murchison Falls National Park, Semliki River. Historical occurrence records.",,GBIF strict name match
gbif-5231530,Serinus canicollis,Serinus canicollis,Yellow-crowned Canary,Birds,species,"Uganda: Bwindi Impenetrable NP, Echuya Forest Reserve, Mafuga Forest Reserve. Historical occurrence records.",,GBIF strict name match
gbif-2492446,Sheppardia aequatorialis,Sheppardia aequatorialis,Equatorial Akalat,Birds,species,"Uganda: Bwindi Impenetrable NP, Echuya Forest Reserve, Itwara Forest Reserve, Kalinzu Forest Reserve, Kasyoha-Kitomi FR and other localities. Historical occurrence records.",,GBIF strict name match
gbif-2484506,Smithornis capensis,Smithornis capensis,African Broadbill,Birds,species,"Uganda: Budongo Forest Reserve, Bwindi Impenetrable NP, Itwara Forest Reserve, Kagombe FR, Kibale Forest NP and other localities. Historical occurrence records.",,GBIF strict name match
gbif-2484516,Smithornis rufolateralis,Smithornis rufolateralis,Red-sided Broadbill,Birds,species,"Uganda: Budongo Forest Reserve, Bugoma Forest Reserve, Kagombe FR, QSD 32D, QSD 33B and other localities. Historical occurrence records.",,GBIF strict name match
gbif-8332393,Spatula clypeata,Spatula clypeata,Shoveler,Birds,species,"Uganda: Kyambura Game Reserve, QSD 21D, QSD 55B. Historical occurrence records.",,GBIF strict name match
gbif-9496048,Spatula hottentota,Spatula hottentota,Hottentot Teal,Birds,species,"Uganda: Kyambura Game Reserve, Lake Kifuruka, Lake Mutanda, QSD 33B, QSD 44A and other localities. Historical occurrence records.",,GBIF strict name match
gbif-2489091,Speculipastor bicolor,Speculipastor bicolor,Magpie Starling,Birds,species,Uganda: C110B. Historical occurrence records.,,GBIF strict name match
gbif-2493642,Spermophaga poliogenys,Spermophaga poliogenys,Grant's Bluebill,Birds,species,"Uganda: Semliki Forest NP, Semliki NP. Historical occurrence records.",,GBIF strict name match
gbif-2493641,Spermophaga ruficapilla,Spermophaga ruficapilla,Red-headed Bluebill,Birds,species,"Uganda: Budongo Forest Reserve, Bugoma FR, Bugoma Forest Reserve, Bwindi Impenetrable NP, Itwara Forest Reserve and other localities. Historical occurrence records.",,GBIF strict name match
gbif-6101223,Spilopelia senegalensis,Spilopelia senegalensis,Laughing Dove,Birds,species,"Uganda: A103, A103B, A106, A108, Ajai Wildlife Reserve and other localities. Historical occurrence records.",,GBIF strict name match
gbif-2494084,Sporopipes frontalis,Sporopipes frontalis,Speckle-fronted Weaver,Birds,species,"Uganda: Ajai Wildlife Reserve, Murchison Falls NP, Murchison Falls National Park, QSD 21A. Historical occurrence records.",,GBIF strict name match
gbif-7340464,Stelgidillas gracilirostris,Stelgidillas gracilirostris,Slender-billed Greenbul,Birds,species,"Uganda: Budongo Forest Reserve, Bwindi Impenetrable NP, Itwara Forest Reserve, Kalinzu, Kalinzu FR and other localities. Historical occurrence records.",,GBIF strict name match
gbif-2480391,Stephanoaetus coronatus,Stephanoaetus coronatus,Crowned Eagle,Birds,species,"Uganda: Budongo Forest Reserve, Bwindi Impenetrable NP, Kalinzu, Kalinzu FR, Kalinzu FR Corridor and other localities. Historical occurrence records.",,GBIF strict name match
gbif-2492393,Stiphrornis erythrothorax,Stiphrornis erythrothorax,Forest Robin,Birds,species,"Uganda: Budongo Forest Reserve, Bugoma FR, Bugoma Forest Reserve, Bwamba, Kasangali and other localities. Historical occurrence records.",,GBIF strict name match
gbif-5789037,Stizorhina fraseri,Stizorhina fraseri,Rufous Thrush,Birds,species,"Uganda: Budongo FR, Budongo Forest Reserve, Bugoma Forest Reserve, Bwindi Impenetrable NP, Kagombe FR and other localities. Historical occurrence records.",,GBIF strict name match
gbif-2495667,Streptopelia capicola,Streptopelia capicola,Ring-necked Dove,Birds,species,"Uganda: A101, A103B, A106, A109A, A110 and other localities. Historical occurrence records.",,GBIF strict name match
gbif-2495674,Streptopelia decipiens,Streptopelia decipiens,Mourning Dove,Birds,species,"Uganda: A103B, A107, Ajai Wildlife Reserve, Kasese, Kyambura Game Reserve and other localities. Historical occurrence records.",,GBIF strict name match
gbif-2495699,Streptopelia lugens,Streptopelia lugens,Dusky Turtle Dove,Birds,species,"Uganda: Echuya Forest Reserve, Mgahinga Gorilla NP. Historical occurrence records.",,GBIF strict name match
gbif-2495707,Streptopelia semitorquata,Streptopelia semitorquata,Red-eyed Dove,Birds,species,"Uganda: A103, A108, A110, A110A, A112 and other localities. Historical occurrence records.",,GBIF strict name match
gbif-2495708,Streptopelia turtur,Streptopelia turtur,Turtle Dove,Birds,species,"Uganda: Murchison Falls NP, Nsenyi, QSD 21D. Historical occurrence records.",,GBIF strict name match
gbif-2495694,Streptopelia vinacea,Streptopelia vinacea,Vinaceous Dove,Birds,species,"Uganda: Ajai Wildlife Reserve, Budongo Forest Reserve, Bugungu Game Researve, Bugungu Game Reserve, Butiaba and other localities. Historical occurrence records.",,GBIF strict name match
gbif-2497530,Strix woodfordii,Strix woodfordii,African Wood Owl,Birds,species,"Uganda: Budongo Forest Reserve, Bugoma FR, Bwamba, Bwindi Impenetrable NP, Itwara Forest Reserve and other localities. Historical occurrence records.",,GBIF strict name match
gbif-2492956,Sylvia atricapilla,Sylvia atricapilla,Blackcap,Birds,species,"Uganda: Bwindi Impenetrable NP, Kanyachu Camp, Kasyoha-Kitomi FR, Mafuga Forest Reserve, Ngoto Swamp and other localities. Historical occurrence records.",,GBIF strict name match
gbif-2492942,Sylvia borin,Sylvia borin,Garden Warbler,Birds,species,"Uganda: Budongo Forest Reserve, Bwindi Impenetrable NP, Kinyara Sugar Estate, Maramagambo Forest Reserve, Murchison Falls National Park and other localities. Historical occurrence records.",,GBIF strict name match
gbif-2492943,Sylvia communis,Sylvia communis,Whitethroat,Birds,species,"Uganda: Budongo Forest Reserve, Murchison Falls NP, QSD 21D, QSD 55B, Queen Elizabeth NP. Historical occurrence records.",,GBIF strict name match
gbif-2492955,Sylvia nisoria,Sylvia nisoria,Barred Warbler,Birds,species,"Uganda: Murchison Falls NP, QSD 21D, QSD 22C, QSD 33A, QSD 55B and other localities. Historical occurrence records.",,GBIF strict name match
gbif-2493538,Sylvietta brachyura,Sylvietta brachyura,Northern Crombec,Birds,species,"Uganda: Ajai Wildlife Reserve, Budongo Forest Reserve, Era Forest Reserve, Kibeka Forest Reserve, Kyambura Game Reserve and other localities. Historical occurrence records.",,GBIF strict name match
gbif-2493537,Sylvietta denti,Sylvietta denti,Lemon-bellied Crombec,Birds,species,"Uganda: Budongo Forest Reserve, Murchison Falls NP. Historical occurrence records.",,GBIF strict name match
gbif-2493536,Sylvietta leucophrys,Sylvietta leucophrys,White-browed Crombec,Birds,species,"Uganda: Bwindi Impenetrable NP, Echuya Forest Reserve, Kasangali, Kasyoha-Kitomi FR, Mafuga Forest Reserve and other localities. Historical occurrence records.",,GBIF strict name match
gbif-2493541,Sylvietta virens,Sylvietta virens,Green Crombec,Birds,species,"Uganda: Budongo Forest Reserve, Bugoma FR, Bwindi Impenetrable NP, Kalinzu, Kalinzu Forest Reserve and other localities. Historical occurrence records.",,GBIF strict name match
gbif-2493539,Sylvietta whytii,Sylvietta whytii,Red-faced Crombec,Birds,species,"Uganda: Kagombe Forest Reserve, Karuma Game Reserve, Maramagambo, Mt Kei FR, Mubuku and other localities. Historical occurrence records.",,GBIF strict name match
gbif-8082581,Synoicus chinensis,Synoicus chinensis,Blue Quail,Birds,species,"Uganda: QSD 21A, QSD 43D, QSD 44A, QSD 44C, QSD 45A and other localities. Historical occurrence records.",,GBIF strict name match
gbif-2482048,Tachybaptus ruficollis,Tachybaptus ruficollis,Little Grebe,Birds,species,"Uganda: Fort-Portal, Hamukungu, Kanyamukari, Kyambura Game Reserve, Kyambura Wildlife Reserve and other localities. Historical occurrence records.",,GBIF strict name match
gbif-2477411,Tachymarptis melba,Tachymarptis melba,Alpine Swift,Birds,species,"Uganda: Ajai Wildlife Reserve, Budongo Forest Reserve, Bwindi Impenetrable NP, Fort-Portal, Hima and other localities. Historical occurrence records.",,GBIF strict name match
gbif-2475238,Tauraco leucolophus,Tauraco leucolophus,White-crested Turaco,Birds,species,"Uganda: Ajai Wildlife Reserve, Ajai's Game Reserve, Budongo Forest Reserve, Era Forest Reserve, Iyi FR and other localities. Historical occurrence records.",,GBIF strict name match
gbif-2484826,Tchagra australis,Tchagra australis,Brown-headed Tchagra,Birds,species,"Uganda: A108, Budongo Forest Reserve, Busingiro, Butiaba, Bwindi Impenetrable NP and other localities. Historical occurrence records.",,GBIF strict name match
gbif-2484824,Tchagra jamesi,Tchagra jamesi,Three-streaked Tchagra,Birds,species,Uganda: Murchison Falls NP. Historical occurrence records.,,GBIF strict name match
gbif-2477121,Telacanthura ussheri,Telacanthura ussheri,Mottle-throated Spinetail,Birds,species,"Uganda: B103, Budongo Forest Reserve, Kalinzu Forest Reserve, Kibale Forest NP, QSD 44A and other localities. Historical occurrence records.",,GBIF strict name match
gbif-2484851,Telophorus dohertyi,Telophorus dohertyi,Doherty's Bush Shrike,Birds,species,"Uganda: Bwindi Impenetrable NP, Echuya Forest Reserve, Mafuga Forest Reserve, Nsenyi. Historical occurrence records.",,GBIF strict name match
gbif-2480377,Terathopius ecaudatus,Terathopius ecaudatus,Bateleur,Birds,species,"Uganda: A109, Ajai Wildlife Reserve, Ajai's Game Reserve, B103, Biso to Butiaba Road and other localities. Historical occurrence records.",,GBIF strict name match
gbif-2498229,Thalassornis leuconotus,Thalassornis leuconotus,White-backed Duck,Birds,species,"Uganda: Lake Kifuruka, QSD 21C, QSD 44A, QSD 56C, QSD 68B. Historical occurrence records.",,GBIF strict name match
gbif-2492397,Thamnolaea cinnamomeiventris,Thamnolaea cinnamomeiventris,Cliff Chat,Birds,species,"Uganda: Kagadi, Kilembe Mines Valley, Mt Kei FR, Mt Otzi FR, Nebbi Town and other localities. Historical occurrence records.",,GBIF strict name match
gbif-2475965,Tockus erythrorhynchus,Tockus erythrorhynchus,Red-billed Hornbill,Birds,species,"Uganda: Era Forest Reserve, QSD 21A, QSD 9B. Historical occurrence records.",,GBIF strict name match
gbif-2475979,Tockus flavirostris,Tockus flavirostris,Yellow-billed Hornbill,Birds,species,"Uganda: Murchison Falls NP, QSD 21A. Historical occurrence records.",,GBIF strict name match
gbif-2475980,Tockus jacksoni,Tockus jacksoni,Jackson's Hornbill,Birds,species,Uganda: Murchison Falls NP. Historical occurrence records.,,GBIF strict name match
gbif-2480362,Torgos tracheliotus,Torgos tracheliotus,Lappet-faced Vulture,Birds,species,"Uganda: Ajai's Game Reserve, Bwindi Impenetrable NP, Kyambura Game Reserve, Murchison Falls NP, Murchison Falls National Park and other localities. Historical occurrence records.",,GBIF strict name match
gbif-2478893,Trachyphonus darnaudii,Trachyphonus darnaudii,D'Arnaud's Barbet,Birds,species,"Uganda: QSD 21C, QSD 21D, QSD 33B, QSD 44A. Historical occurrence records.",,GBIF strict name match
gbif-2478850,Trachyphonus purpuratus,Trachyphonus purpuratus,Yellow-billed Barbet,Birds,species,"Uganda: Budongo Forest Reserve, Bugoma Forest Reserve, Bwamba, Bwindi Impenetrable NP, Itwara Forest Reserve and other localities. Historical occurrence records.",,GBIF strict name match
gbif-2495756,Treron waalia,Treron waalia,Bruce's Green Pigeon,Birds,species,"Uganda: A110A, Ajai Wildlife Reserve, Era Forest Reserve, Masindi Road, Mt Kei FR and other localities. Historical occurrence records.",,GBIF strict name match
gbif-2481725,Tringa erythropus,Tringa erythropus,Spotted Redshank,Birds,species,"Uganda: Lake Kasenyi, Nyamugasani, QSD 21C, QSD 21D, Queen Elizabeth NP and other localities. Historical occurrence records.",,GBIF strict name match
gbif-2481713,Tringa glareola,Tringa glareola,Wood Sandpiper,Birds,species,"Uganda: Bulisa, Bunyampaka, Bwamba, Fort-Portal, Hamukungu and other localities. Historical occurrence records.",,GBIF strict name match
gbif-2481726,Tringa nebularia,Tringa nebularia,Greenshank,Birds,species,"Uganda: Bunyoro, Butiaba, Butiaba Pier, Butiaba Town, Kyambura Game Reserve and other localities. Historical occurrence records.",,GBIF strict name match
gbif-2481728,Tringa ochropus,Tringa ochropus,Green Sandpiper,Birds,species,"Uganda: Budongo Forest Reserve, Bwamba, Bwindi Impenetrable NP, Kazingo, Kinyara Sugar Estate and other localities. Historical occurrence records.",,GBIF strict name match
gbif-2481719,Tringa stagnatilis,Tringa stagnatilis,Marsh Sandpiper,Birds,species,"Uganda: Bwamba, Fort-Portal, Katwe Bay, Kyambura Game Reserve, Kyambura Wildlife Reserve and other localities. Historical occurrence records.",,GBIF strict name match
gbif-2481714,Tringa totanus,Tringa totanus,Redshank,Birds,species,"Uganda: Lake Kasenyi, Queen Elizabeth NP. Historical occurrence records.",,GBIF strict name match
gbif-2486673,Trochocercus cyanomelas,Trochocercus cyanomelas,Crested Flycatcher,Birds,species,"Uganda: Bwindi Impenetrable NP, Kasyoha-Kitomi FR, Kasyoha-Kitomi FR Corridor, Kasyoha-Kitomi Forest Reserve, Nsenyi and other localities. Historical occurrence records.",,GBIF strict name match
gbif-2486669,Trochocercus nitens,Trochocercus nitens,Blue-headed Crested Flycatcher,Birds,species,Uganda: Semliki Forest NP. Historical occurrence records.,,GBIF strict name match
gbif-2493313,Turdoides jardineii,Turdoides jardineii,Arrow-marked Babbler,Birds,species,"Uganda: A106, A109A, Budongo Forest Reserve, Kagadi, Karuma Game Reserve and other localities. Historical occurrence records.",,GBIF strict name match
gbif-2493315,Turdoides plebejus,Turdoides plebejus,Brown Babbler,Birds,species,"Uganda: A109A, Budongo Forest Reserve, Bwindi Impenetrable NP, Iyi FR, Kalinzu and other localities. Historical occurrence records.",,GBIF strict name match
gbif-2493307,Turdoides sharpei,Turdoides sharpei,Black-lored Babbler,Birds,species,"Uganda: Ajai Wildlife Reserve, Budongo Forest Reserve, Fort-Portal, Kasangali, Kimengo and other localities. Historical occurrence records.",,GBIF strict name match
gbif-9363452,Turdus olivaceus,Turdus olivaceus,Northern Olive Thrush,Birds,species,"Uganda: Bwindi Impenetrable NP, Echuya Forest Reserve, Kasangali, Kitechura Forest Reserve, Mafuga Forest Reserve and other localities. Historical occurrence records.",,GBIF strict name match
gbif-9348895,Turdus pelios,Turdus pelios,African Thrush,Birds,species,"Uganda: A109, Ajai Wildlife Reserve, Arua Town, Budongo Forest Reserve, Bugoma FR and other localities. Historical occurrence records.",,GBIF strict name match
gbif-5231791,Turtur abyssinicus,Turtur abyssinicus,Black-billed Wood Dove,Birds,species,"Uganda: Ajai Wildlife Reserve, Butiaba-Wanseko Road, Era Forest Reserve, Inve FR, Kagombe FR and other localities. Historical occurrence records.",,GBIF strict name match
gbif-5231792,Turtur afer,Turtur afer,Blue-spotted Wood Dove,Birds,species,"Uganda: A101, A103, A103B, A104, A105 and other localities. Historical occurrence records.",,GBIF strict name match
gbif-5231793,Turtur chalcospilos,Turtur chalcospilos,Emerald-spotted Wood Dove,Birds,species,"Uganda: Kyambura Wildlife Reserve, Mt Otzi FR, Murchison Falls NP, Ngoto Swamp. Historical occurrence records.",,GBIF strict name match
gbif-5231790,Turtur tympanistria,Turtur tympanistria,Tambourine Dove,Birds,species,"Uganda: A109A, Ajai Wildlife Reserve, B102, Budongo FR, Budongo Forest Reserve and other localities. Historical occurrence records.",,GBIF strict name match
gbif-2497921,Tyto alba,Tyto alba,Barn Owl,Birds,species,"Uganda: Kinyara Sugar Estate, Kyambura Game Reserve, Nebbi Town, Nyabyeya, QSD 21D and other localities. Historical occurrence records.",,GBIF strict name match
gbif-5232363,Tyto capensis,Tyto capensis,Cape Grass Owl,Birds,species,Uganda: Echuya Forest Reserve. Historical occurrence records.,,GBIF strict name match
gbif-2498415,Upupa epops,Upupa epops,Hoopoe,Birds,species,"Uganda: Ajai Wildlife Reserve, Budongo Forest Reserve, Bugungu Game Reserve, Butiaba, Butiaba-Wanseko Road and other localities. Historical occurrence records.",,GBIF strict name match
gbif-2493723,Uraeginthus bengalus,Uraeginthus bengalus,Red-cheeked Cordon Bleu,Birds,species,"Uganda: A108, A109, A109A, Ajai Wildlife Reserve, Ajai's Game Reserve and other localities. Historical occurrence records.",,GBIF strict name match
gbif-2482321,Urocolius macrourus,Urocolius macrourus,Blue-naped Mousebird,Birds,species,"Uganda: Ajai Wildlife Reserve, Ajai's Game Reserve, B103, Bugungu Game Reserve, C102 and other localities. Historical occurrence records.",,GBIF strict name match
gbif-7593822,Urosphena neumanni,Urosphena neumanni,Short-tailed Warbler,Birds,species,"Uganda: Bwindi Impenetrable NP, Kasangali, QSD 68B. Historical occurrence records.",,GBIF strict name match
gbif-5229137,Vanellus coronatus,Vanellus coronatus,Crowned Plover,Birds,species,"Uganda: Kyambura Game Reserve, Kyambura Wildlife Reserve, Lake Edward, Murchison Falls NP, QSD 21A and other localities. Historical occurrence records.",,GBIF strict name match
gbif-5229130,Vanellus crassirostris,Vanellus crassirostris,Long-toed Plover,Birds,species,"Uganda: Bwindi Impenetrable NP, Kyambura Game Reserve, Kyambura Wildlife Reserve, Lake Mulehe, Lake Mutanda and other localities. Historical occurrence records.",,GBIF strict name match
gbif-5229139,Vanellus lugubris,Vanellus lugubris,Senegal Plover,Birds,species,"Uganda: Kisangi Forest Reserve, Kisindi Seed Farm, Kyambura Game Reserve, Kyambura Wildlife Reserve, Lake Edward and other localities. Historical occurrence records.",,GBIF strict name match
gbif-5229150,Vanellus senegallus,Vanellus senegallus,Wattled Plover,Birds,species,"Uganda: Ajai Wildlife Reserve, Ajai's Game Reserve, Bunyampaka, Butiaba, Butiaba-Wanseko Road and other localities. Historical occurrence records.",,GBIF strict name match
gbif-5229142,Vanellus spinosus,Vanellus spinosus,Spur-winged Plover,Birds,species,"Uganda: Bunyampaka, Butiaba, Butiaba Pier, Butiaba Town, Hamukungu and other localities. Historical occurrence records.",,GBIF strict name match
gbif-5229151,Vanellus superciliosus,Vanellus superciliosus,Brown-chested Wattled Plover,Birds,species,"Uganda: Kyambura Game Reserve, QSD 21D, QSD 55B, QSD 55D, QSD 56A. Historical occurrence records.",,GBIF strict name match
gbif-5229143,Vanellus tectus,Vanellus tectus,Black-headed Plover,Birds,species,"Uganda: Ajai's Game Reserve, Murchison Falls NP, Murchison Falls National Park, QSD 21C, QSD 9A. Historical occurrence records.",,GBIF strict name match
gbif-2484613,Vidua chalybeata,Vidua chalybeata,Village Indigobird,Birds,species,"Uganda: Ajai Wildlife Reserve, Fort-Portal, Kasangali, Kyambura Game Reserve, Murchison Falls NP and other localities. Historical occurrence records.",,GBIF strict name match
gbif-2484628,Vidua macroura,Vidua macroura,Pin-tailed Whydah,Birds,species,"Uganda: A101, A108, A109A, Ajai Wildlife Reserve, Ajai's Game Reserve and other localities. Historical occurrence records.",,GBIF strict name match
gbif-2484625,Vidua obtusa,Vidua obtusa,Broad-tailed Paradise Whydah,Birds,species,Uganda: Kasangali. Historical occurrence records.,,GBIF strict name match
gbif-2481703,Xenus cinereus,Xenus cinereus,Terek Sandpiper,Birds,species,Uganda: Kyambura Game Reserve. Historical occurrence records.,,GBIF strict name match
gbif-2489344,Zosterops senegalensis,Zosterops senegalensis,Yellow White-eye,Birds,species,"Uganda: A101, Ajai Wildlife Reserve, Anyavu, Budongo Forest Reserve, Bugoma FR and other localities. Historical occurrence records.",,GBIF strict name match
gbif-5201728,Bagrus docmak,Bagrus docmak,Cat Fish,Fish,species,"Uganda: Hamukungu, Hamukungu Bay, Kazinga Channel, Kibenga Breeding area, Kibengo and other localities. Historical occurrence records.",,GBIF strict name match
gbif-5202793,Clarias gariepinus,Clarias gariepinus,,Fish,species,"Uganda: Hamukungu, Hamukungu Bay, Kazinga Channel, Kibenga Breeding area, Kibengo and other localities. Historical occurrence records.",,GBIF strict name match
gbif-5202664,Clarias liocephalus,Clarias liocephalus,,Fish,species,"Uganda: Hamukungu Bay, Lake Bunyonyi, Omukanana, Ruhuhuma Swamp. Historical occurrence records.",,GBIF strict name match
gbif-9312593,Coptodon rendalli,Coptodon rendalli,,Fish,species,Uganda. Listed as introduced or of uncertain origin.,Freshwater|Brackish,GBIF strict name match
gbif-2362030,Ctenopharyngodon idella,Ctenopharyngodon idella,,Fish,species,Uganda. Listed as introduced or of uncertain origin.,Freshwater|Brackish,GBIF strict name match
gbif-4286975,Cyprinus carpio,Cyprinus carpio,,Fish,species,Uganda. Listed as introduced or of uncertain origin.,Freshwater|Brackish,GBIF strict name match
gbif-9573924,Enteromius apleurogramma,Enteromius apleurogramma,,Fish,species,"Uganda: Kazinga Channel, Mweya, Rwemihunda. Historical occurrence records.",,GBIF strict name match
gbif-9503298,Enteromius perince,Enteromius perince,,Fish,species,"Uganda: Kazinga Channel, Mweya. Historical occurrence records.",,GBIF strict name match
gbif-2373268,Haplochromis aeneocolor,Haplochromis aeneocolor,,Fish,species,"Uganda: Hamukungu, Hamukungu Bay, Mweya, Omukanana, Rwemihunda. Historical occurrence records.",,GBIF strict name match
gbif-2373401,Haplochromis angustifrons,Haplochromis angustifrons,,Fish,species,"Uganda: Hamukungu, Kazinga Channel, Kibenga Breeding area, Omukanana. Historical occurrence records.",,GBIF strict name match
gbif-2373504,Haplochromis eduardianus,Haplochromis eduardianus,,Fish,species,"Uganda: Kazinga Channel, Mweya, Omukanana, Rwemihunda, Rwemihunda Breeding area. Historical occurrence records.",,GBIF strict name match
gbif-2373328,Haplochromis elegans,Haplochromis elegans,,Fish,species,"Uganda: Hamukungu Bay, Kibengo, Mweya, Omukanana. Historical occurrence records.",,GBIF strict name match
gbif-2373326,Haplochromis limax,Haplochromis limax,,Fish,species,"Uganda: Kibengo, Mweya. Historical occurrence records.",,GBIF strict name match
gbif-2373292,Haplochromis mylodon,Haplochromis mylodon,,Fish,species,"Uganda: Hamukungu, Kazinga Channel, Kibenga Breeding area, Kibengo, Omukanana and other localities. Historical occurrence records.",,GBIF strict name match
gbif-2373585,Haplochromis nigripinnis,Haplochromis nigripinnis,,Fish,species,"Uganda: Hamukungu, Hamukungu Bay, Kazinga Channel, Kibenga Breeding area, Kibengo and other localities. Historical occurrence records.",,GBIF strict name match
gbif-2373587,Haplochromis oregosoma,Haplochromis oregosoma,,Fish,species,"Uganda: Mweya, Omukanana, Rwemihunda. Historical occurrence records.",,GBIF strict name match
gbif-2373553,Haplochromis pappenheimi,Haplochromis pappenheimi,,Fish,species,"Uganda: Hamukungu Bay, Kazinga Channel, Kibenga Breeding area, Mweya. Historical occurrence records.",,GBIF strict name match
gbif-2373372,Haplochromis petronius,Haplochromis petronius,,Fish,species,"Uganda: Hamukungu, Kibengo. Historical occurrence records.",,GBIF strict name match
gbif-2373334,Haplochromis schubotzi,Haplochromis schubotzi,,Fish,species,"Uganda: Hamukungu, Hamukungu Bay, Kazinga Channel, Kibenga Breeding area, Kibengo and other localities. Historical occurrence records.",,GBIF strict name match
gbif-2373763,Haplochromis squamipinnis,Haplochromis squamipinnis,,Fish,species,"Uganda: Hamukungu, Hamukungu Bay, Kazinga Channel, Kibenga Breeding area, Kibengo and other localities. Historical occurrence records.",,GBIF strict name match
gbif-2373631,Haplochromis taurinus,Haplochromis taurinus,,Fish,species,"Uganda: Hamukungu, Hamukungu Bay, Kazinga Channel, Kibenga Breeding area, Kibengo and other localities. Historical occurrence records.",,GBIF strict name match
gbif-4286671,Hyperopisus bebe,Hyperopisus bebe,,Fish,species,Uganda: Rhino Camp. Historical occurrence records.,,GBIF strict name match
gbif-5206101,Labeo forskalii,Labeo forskalii,,Fish,species,Uganda: Rhino Camp. Historical occurrence records.,,GBIF strict name match
gbif-2350526,Laciris pelagicus,Laciris pelagicus,,Fish,species,"Uganda: Hamukungu, Kibenga Breeding area, Kibengo, Mweya, Omurugyezi. Historical occurrence records.",,GBIF strict name match
gbif-2393184,Lates niloticus,Lates niloticus,,Fish,species,"Uganda: Kanara, Rhino Camp. Historical occurrence records.",Freshwater,GBIF strict name match
gbif-2342026,Malapterurus electricus,Malapterurus electricus,,Fish,species,Uganda: Rhino Camp. Historical occurrence records.,,GBIF strict name match
gbif-2394563,Micropterus salmoides,Micropterus salmoides,,Fish,species,Uganda. Listed as introduced or of uncertain origin.,Freshwater,GBIF strict name match
gbif-2402771,Mormyrops anguilloides,Mormyrops anguilloides,,Fish,species,Uganda: Rhino Camp. Historical occurrence records.,,GBIF strict name match
gbif-2402713,Mormyrus caschive,Mormyrus caschive,,Fish,species,Uganda: Rhino Camp. Historical occurrence records.,,GBIF strict name match
gbif-2402697,Mormyrus kannume,Mormyrus kannume,,Fish,species,Uganda: Rwemihunda. Historical occurrence records.,,GBIF strict name match
gbif-2402721,Mormyrus niloticus,Mormyrus niloticus,,Fish,species,Uganda: Rhino Camp. Historical occurrence records.,,GBIF strict name match
gbif-2372367,Oreochromis aureus,Oreochromis aureus,,Fish,species,Uganda. Listed as introduced or of uncertain origin.,Freshwater|Brackish,GBIF strict name match
gbif-2372381,Oreochromis leucostictus,Oreochromis leucostictus,,Fish,species,"Uganda: Hamukungu, Hamukungu Bay, Kazinga Channel, Kibenga Breeding area, Kitanga and other localities. Historical occurrence records.",,GBIF strict name match
gbif-2372396,Oreochromis mossambicus,Oreochromis mossambicus,,Fish,species,Uganda. Listed as introduced or of uncertain origin.,Freshwater|Brackish,GBIF strict name match
gbif-4285694,Oreochromis niloticus,Oreochromis niloticus,,Fish,species,"Uganda: Hamukungu, Hamukungu Bay, Kazinga Channel, Kibenga Breeding area, Kibengo and other localities. Historical occurrence records.",Freshwater|Brackish,GBIF strict name match
gbif-4285686,Oreochromis spilurus,Oreochromis spilurus,,Fish,species,Uganda. Listed as introduced or of uncertain origin.,Freshwater|Brackish,GBIF strict name match
gbif-2394154,Osphronemus goramy,Osphronemus goramy,,Fish,species,Uganda. Listed as introduced or of uncertain origin.,Freshwater|Brackish,GBIF strict name match
gbif-4286669,Petrocephalus catostoma,Petrocephalus catostoma,,Fish,species,"Uganda: Hamukungu, Omukanana, Omurugyezi. Historical occurrence records.",,GBIF strict name match
gbif-2350050,Poecilia reticulata,Poecilia reticulata,,Fish,species,Uganda. Listed as introduced or of uncertain origin.,Freshwater|Brackish,GBIF strict name match
gbif-2344411,Synodontis frontosus,Synodontis frontosus,,Fish,species,Uganda: Rhino Camp. Historical occurrence records.,,GBIF strict name match
gbif-1428409,Acisoma panorpoides,Acisoma panorpoides,,Insects,species,"Uganda: Acha Swamp, Kichumbi Swamp, Queen Elizabeth NP. Historical occurrence records.",,GBIF strict name match
gbif-5135738,Acraea acrita,Acraea acrita,Fiery Acraea,Insects,species,Uganda: Budongo Forest Reserve. Historical occurrence records.,,GBIF strict name match
gbif-5135711,Acraea eponina,Acraea eponina,Orange Acraea,Insects,species,"Uganda: Budongo Forest Reserve, Murchison Falls NP. Historical occurrence records.",,GBIF strict name match
gbif-5136208,Acraea viviana,Acraea viviana,,Insects,species,Uganda: Budongo Forest Reserve. Historical occurrence records.,,GBIF strict name match
gbif-1429397,Aethriamanta rezia,Aethriamanta rezia,,Insects,species,Uganda: Kichumbi Swamp. Historical occurrence records.,,GBIF strict name match
gbif-1422429,Africallagma pseudelongatum,Africallagma pseudelongatum,,Insects,species,Uganda: Rhino Camp. Historical occurrence records.,,GBIF strict name match
gbif-1422437,Africallagma vaginale,Africallagma vaginale,,Insects,species,Uganda: Budongo Forest Reserve. Historical occurrence records.,,GBIF strict name match
gbif-2012137,Aleurothrixus floccosus,Aleurothrixus floccosus,,Insects,species,Uganda. Listed as introduced or of uncertain origin.,Host,GBIF strict name match
gbif-10743939,Allocnemis marshalli,Allocnemis marshalli,,Insects,species,Uganda: Kibale Forest NP. Historical occurrence records.,,GBIF strict name match
gbif-10854291,Allocnemis pauli,Allocnemis pauli,,Insects,species,Uganda: Kibale Forest NP. Historical occurrence records.,,GBIF strict name match
gbif-10852542,Allocnemis superba,Allocnemis superba,,Insects,species,Uganda: Kalinzu Forest Reserve. Historical occurrence records.,,GBIF strict name match
gbif-1906014,Amauris albimaculata,Amauris albimaculata,Layman,Insects,species,Uganda: Budongo Forest Reserve. Historical occurrence records.,,GBIF strict name match
gbif-1906063,Amauris tartarea,Amauris tartarea,Monk,Insects,species,Uganda: Budongo Forest Reserve. Historical occurrence records.,,GBIF strict name match
gbif-5051775,Anax imperator,Anax imperator,,Insects,species,Uganda: Lake Nyabikere. Historical occurrence records.,,GBIF strict name match
gbif-5051767,Anax tristis,Anax tristis,,Insects,species,"Uganda: Budongo Forest Reserve, Kibale Forest NP. Historical occurrence records.",,GBIF strict name match
gbif-1925615,Anthene definita,Anthene definita,Common Ciliate Blue,Insects,species,Uganda: Budongo Forest Reserve. Historical occurrence records.,,GBIF strict name match
gbif-1925694,Anthene larydas,Anthene larydas,Spotted Ciliate Blue,Insects,species,Uganda: Budongo Forest Reserve. Historical occurrence records.,,GBIF strict name match
gbif-1925730,Anthene rubricinctus,Anthene rubricinctus,,Insects,species,Uganda: Budongo Forest Reserve. Historical occurrence records.,,GBIF strict name match
gbif-5133668,Ariadne enotrea,Ariadne enotrea,African Castor,Insects,species,Uganda: Sango Bay. Historical occurrence records.,,GBIF strict name match
gbif-1429516,Atoconeura biordinata,Atoconeura biordinata,,Insects,species,Uganda: Kalinzu Forest Reserve. Historical occurrence records.,,GBIF strict name match
gbif-1926531,Azanus natalensis,Azanus natalensis,Natal Babul Blue,Insects,species,"Uganda: Budongo Forest Reserve, Murchison Falls NP. Historical occurrence records.",,GBIF strict name match
gbif-1919213,Belenois creona,Belenois creona,African Caper,Insects,species,"Uganda: Budongo Forest Reserve, Murchison Falls NP. Historical occurrence records.",,GBIF strict name match
gbif-1919204,Belenois solilucis,Belenois solilucis,,Insects,species,Uganda: Budongo Forest Reserve. Historical occurrence records.,,GBIF strict name match
gbif-1919208,Belenois subeida,Belenois subeida,,Insects,species,Uganda: Murchison Falls NP. Historical occurrence records.,,GBIF strict name match
gbif-1919194,Belenois thysa,Belenois thysa,False Dotted Border,Insects,species,Uganda: Murchison Falls NP. Historical occurrence records.,,GBIF strict name match
gbif-2012126,Bemisia tabaci,Bemisia tabaci,,Insects,species,Uganda. Listed as introduced or of uncertain origin.,Host,GBIF strict name match
gbif-1912566,Bicyclus istaris,Bicyclus istaris,,Insects,species,Uganda: Budongo Forest Reserve. Historical occurrence records.,,GBIF strict name match
gbif-1912525,Bicyclus jefferyi,Bicyclus jefferyi,Jeffery's Bush Brown,Insects,species,"Uganda: Budongo Forest Reserve, Murchison Falls NP. Historical occurrence records.",,GBIF strict name match
gbif-1912553,Bicyclus smithi,Bicyclus smithi,Smith's Bush Brown,Insects,species,Uganda: Budongo Forest Reserve. Historical occurrence records.,,GBIF strict name match
gbif-1912557,Bicyclus sophrosyne,Bicyclus sophrosyne,,Insects,species,Uganda: Budongo Forest Reserve. Historical occurrence records.,,GBIF strict name match
gbif-1428575,Brachythemis lacustris,Brachythemis lacustris,,Insects,species,"Uganda: Lake Rubi, Oyu. Historical occurrence records.",,GBIF strict name match
gbif-1428570,Brachythemis leucosticta,Brachythemis leucosticta,,Insects,species,"Uganda: Acha Swamp, Echuya FR, Kahendero, Kasenyi Landing, Kaymbura Game Reserve and other localities. Historical occurrence records.",,GBIF strict name match
gbif-1892554,Byblia anvatara,Byblia anvatara,African Joker,Insects,species,"Uganda: Budongo Forest Reserve, Murchison Falls NP. Historical occurrence records.",,GBIF strict name match
gbif-1932751,Cacyreus lingeus,Cacyreus lingeus,Common Bush Blue,Insects,species,"Uganda: Budongo Forest Reserve, Murchison Falls NP. Historical occurrence records.",,GBIF strict name match
gbif-1919346,Catopsilia florella,Catopsilia florella,African Emigrant,Insects,species,Uganda: Budongo Forest Reserve. Historical occurrence records.,,GBIF strict name match
gbif-1626096,Ceratitis capitata,Ceratitis capitata,,Insects,species,Uganda. Listed as introduced or of uncertain origin.,Terrestrial,GBIF strict name match
gbif-1423214,Ceriagrion glabrum,Ceriagrion glabrum,,Insects,species,"Uganda: Budongo Forest Reserve, Kahendero, Kichumbi Swamp, Queen Elizabeth NP. Historical occurrence records.",,GBIF strict name match
gbif-5128741,Charaxes achaemenes,Charaxes achaemenes,Bush Charaxes,Insects,species,Uganda: Murchison Falls NP. Historical occurrence records.,,GBIF strict name match
gbif-5128985,Charaxes etesipe,Charaxes etesipe,Savannah Charaxes,Insects,species,Uganda: Murchison Falls NP. Historical occurrence records.,,GBIF strict name match
gbif-1896957,Charaxes jasius,Charaxes jasius,Foxy Charaxes,Insects,species,Uganda: Murchison Falls NP. Historical occurrence records.,,GBIF strict name match
gbif-5128781,Charaxes tiridates,Charaxes tiridates,,Insects,species,Uganda: Murchison Falls NP. Historical occurrence records.,,GBIF strict name match
gbif-9087922,Charaxes varanes,Charaxes varanes,Pearl Charaxes,Insects,species,Uganda: Murchison Falls NP. Historical occurrence records.,,GBIF strict name match
gbif-1426979,Chlorocypha trifaria,Chlorocypha trifaria,,Insects,species,"Uganda: Budongo Forest Reserve, Kibale Forest NP, Semliki Forest NP. Historical occurrence records.",,GBIF strict name match
gbif-1906679,Chloropoea eurytus,Chloropoea eurytus,False Wanderer,Insects,species,Uganda: Budongo Forest Reserve. Historical occurrence records.,,GBIF strict name match
gbif-2073544,Cinara cupressi,Cinara cupressi,,Insects,species,Uganda. Listed as introduced or of uncertain origin.,Host,GBIF strict name match
gbif-1920401,Colotis antevippe,Colotis antevippe,Large Orange Tip,Insects,species,Uganda: Murchison Falls NP. Historical occurrence records.,,GBIF strict name match
gbif-1920392,Colotis eucharis,Colotis eucharis,Sulphur Orange Tip,Insects,species,Uganda: Murchison Falls NP. Historical occurrence records.,,GBIF strict name match
gbif-1920370,Colotis euippe,Colotis euippe,Round Winged Orange Tip,Insects,species,Uganda: Murchison Falls NP. Historical occurrence records.,,GBIF strict name match
gbif-1427717,Crocothemis sanguinolenta,Crocothemis sanguinolenta,,Insects,species,Uganda: Budongo Forest Reserve. Historical occurrence records.,,GBIF strict name match
gbif-1929059,Cupidopsis jobates,Cupidopsis jobates,Tailed Meadow Blue,Insects,species,Uganda: Budongo Forest Reserve. Historical occurrence records.,,GBIF strict name match
gbif-5132571,Cymothoe coccinata,Cymothoe coccinata,,Insects,species,Uganda: Budongo Forest Reserve. Historical occurrence records.,,GBIF strict name match
gbif-7642610,Danaus chrysippus,Danaus chrysippus,African Queen,Insects,species,"Uganda: Budongo Forest Reserve, Murchison Falls NP. Historical occurrence records.",,GBIF strict name match
gbif-1428431,Diplacodes luminans,Diplacodes luminans,,Insects,species,"Uganda: Acha Swamp, Rhino Camp. Historical occurrence records.",,GBIF strict name match
gbif-1923465,Eicochrysops hippocrates,Eicochrysops hippocrates,White Tipped Blue,Insects,species,Uganda: Budongo Forest Reserve. Historical occurrence records.,,GBIF strict name match
gbif-1932332,Euchrysops malathana,Euchrysops malathana,Smoky Bean Cupid,Insects,species,"Uganda: Budongo Forest Reserve, Murchison Falls NP. Historical occurrence records.",,GBIF strict name match
gbif-8833509,Euchrysops osiris,Euchrysops osiris,African Cupid,Insects,species,Uganda: Budongo Forest Reserve. Historical occurrence records.,,GBIF strict name match
gbif-5137828,Eurema brigitta,Eurema brigitta,Small Grass Yellow,Insects,species,"Uganda: Budongo Forest Reserve, Murchison Falls NP. Historical occurrence records.",,GBIF strict name match
gbif-5137827,Eurema floricola,Eurema floricola,Malagasy Grass Yellow,Insects,species,Uganda: Murchison Falls NP. Historical occurrence records.,,GBIF strict name match
gbif-5137857,Eurema hapale,Eurema hapale,Marsh Grass Yellow,Insects,species,"Uganda: Budongo Forest Reserve, Murchison Falls NP. Historical occurrence records.",,GBIF strict name match
gbif-5137849,Eurema hecabe,Eurema hecabe,Common Grass Yellow,Insects,species,Uganda: Budongo Forest Reserve. Historical occurrence records.,,GBIF strict name match
gbif-5137829,Eurema regularis,Eurema regularis,Regular Grass Yellow,Insects,species,"Uganda: Budongo Forest Reserve, Murchison Falls NP. Historical occurrence records.",,GBIF strict name match
gbif-5137811,Eurema senegalensis,Eurema senegalensis,Forest Grass Yellow,Insects,species,Uganda: Murchison Falls NP. Historical occurrence records.,,GBIF strict name match
gbif-1920795,Glutophrissa epaphia,Glutophrissa epaphia,African Albatross,Insects,species,Uganda: Murchison Falls NP. Historical occurrence records.,,GBIF strict name match
gbif-5127794,Gnophodes parmeno,Gnophodes parmeno,Banded Evening Brown,Insects,species,Uganda: Budongo Forest Reserve. Historical occurrence records.,,GBIF strict name match
gbif-1203278,Gonipterus scutellatus,Gonipterus scutellatus,,Insects,species,Uganda. Listed as introduced or of uncertain origin.,Terrestrial,GBIF strict name match
gbif-5141216,Graphium policenes,Graphium policenes,Small Striped Swordtail,Insects,species,Uganda: Budongo Forest Reserve. Historical occurrence records.,,GBIF strict name match
gbif-1424687,Gynacantha bullata,Gynacantha bullata,,Insects,species,Uganda: Kalinzu Forest Reserve. Historical occurrence records.,,GBIF strict name match
gbif-1424755,Gynacantha villosa,Gynacantha villosa,,Insects,species,Uganda: Kitanga. Historical occurrence records.,,GBIF strict name match
gbif-1429609,Hadrothemis coacta,Hadrothemis coacta,,Insects,species,"Uganda: Budongo Forest Reserve, Kalinzu Forest Reserve, Semliki Forest NP. Historical occurrence records.",,GBIF strict name match
gbif-1899071,Hamanumida daedalus,Hamanumida daedalus,Guineafowl,Insects,species,"Uganda: Budongo Forest Reserve, Murchison Falls NP. Historical occurrence records.",,GBIF strict name match
gbif-8370390,Insignorthezia insignis,Insignorthezia insignis,,Insects,species,Uganda. Listed as introduced or of uncertain origin.,Host,GBIF strict name match
gbif-1423286,Ischnura senegalensis,Ischnura senegalensis,,Insects,species,Uganda: Semliki Forest NP. Historical occurrence records.,,GBIF strict name match
gbif-11726907,Junonia archesia,Junonia archesia,Garden Inspector,Insects,species,Uganda: Murchison Falls NP. Historical occurrence records.,,GBIF strict name match
gbif-5130335,Junonia chorimene,Junonia chorimene,Golden Pansy,Insects,species,"Uganda: Budongo Forest Reserve, Murchison Falls NP. Historical occurrence records.",,GBIF strict name match
gbif-5130392,Junonia oenone,Junonia oenone,Dark Blue Pansy,Insects,species,Uganda: Murchison Falls NP. Historical occurrence records.,,GBIF strict name match
gbif-5130467,Junonia sophia,Junonia sophia,Little Commodore,Insects,species,Uganda: Budongo Forest Reserve. Historical occurrence records.,,GBIF strict name match
gbif-5130347,Junonia terea,Junonia terea,Soldier Commodore,Insects,species,Uganda: Budongo Forest Reserve. Historical occurrence records.,,GBIF strict name match
gbif-11623814,Junonia tugela,Junonia tugela,Eared Commodore,Insects,species,Uganda: Budongo Forest Reserve. Historical occurrence records.,,GBIF strict name match
gbif-1380757,Leptocybe invasa,Leptocybe invasa,,Insects,species,Uganda. Listed as introduced or of uncertain origin.,Terrestrial,GBIF strict name match
gbif-5137863,Leptosia alcesta,Leptosia alcesta,African Wood White,Insects,species,Uganda: Budongo Forest Reserve. Historical occurrence records.,,GBIF strict name match
gbif-5137871,Leptosia hybrida,Leptosia hybrida,Hybrid Wood White,Insects,species,Uganda: Murchison Falls NP. Historical occurrence records.,,GBIF strict name match
gbif-5137869,Leptosia nupta,Leptosia nupta,Immaculate Wood White,Insects,species,"Uganda: Budongo Forest Reserve, Murchison Falls NP. Historical occurrence records.",,GBIF strict name match
gbif-1895956,Melanitis leda,Melanitis leda,Common Evening Brown,Insects,species,Uganda: Budongo Forest Reserve. Historical occurrence records.,,GBIF strict name match
gbif-1429564,Micromacromia camerunica,Micromacromia camerunica,,Insects,species,"Uganda: Budongo Forest Reserve, Kalinzu Forest Reserve, Kibale Forest NP. Historical occurrence records.",,GBIF strict name match
gbif-1893747,Mycalesis funebris,Mycalesis funebris,,Insects,species,Uganda: Budongo Forest Reserve. Historical occurrence records.,,GBIF strict name match
gbif-1893575,Mycalesis mandanes,Mycalesis mandanes,,Insects,species,Uganda: Budongo Forest Reserve. Historical occurrence records.,,GBIF strict name match
gbif-1893562,Mycalesis rhacotis,Mycalesis rhacotis,Common Bush Brown,Insects,species,"Uganda: Budongo Forest Reserve, Murchison Falls NP. Historical occurrence records.",,GBIF strict name match
gbif-1893909,Mycalesis sandace,Mycalesis sandace,,Insects,species,Uganda: Budongo Forest Reserve. Historical occurrence records.,,GBIF strict name match
gbif-5131483,Neptis kiriakoffi,Neptis kiriakoffi,,Insects,species,Uganda: Budongo Forest Reserve. Historical occurrence records.,,GBIF strict name match
gbif-5131591,Neptis melicerta,Neptis melicerta,Streaked Sailer,Insects,species,Uganda: Budongo Forest Reserve. Historical occurrence records.,,GBIF strict name match
gbif-5131196,Neptis morosa,Neptis morosa,Morose Sailer,Insects,species,Uganda: Murchison Falls NP. Historical occurrence records.,,GBIF strict name match
gbif-5131347,Neptis saclava,Neptis saclava,Small Spotted Sailer,Insects,species,Uganda: Budongo Forest Reserve. Historical occurrence records.,,GBIF strict name match
gbif-1428910,Nesciothemis farinosa,Nesciothemis farinosa,,Insects,species,"Uganda: Budongo Forest Reserve, Lake Nyabikere, Semliki Forest NP. Historical occurrence records.",,GBIF strict name match
gbif-1426653,Notogomphus leroyi,Notogomphus leroyi,,Insects,species,"Uganda: Budongo Forest Reserve, Kalinzu Forest Reserve. Historical occurrence records.",,GBIF strict name match
gbif-1426233,Onychogomphus styx,Onychogomphus styx,,Insects,species,Uganda: Budongo Forest Reserve. Historical occurrence records.,,GBIF strict name match
gbif-1428661,Orthetrum abbotti,Orthetrum abbotti,,Insects,species,Uganda: Kitanga. Historical occurrence records.,,GBIF strict name match
gbif-1428599,Orthetrum austeni,Orthetrum austeni,,Insects,species,Uganda: Lake Nyabikere. Historical occurrence records.,,GBIF strict name match
gbif-1428673,Orthetrum chrysostigma,Orthetrum chrysostigma,,Insects,species,"Uganda: Kichumbi Swamp, Kitanga. Historical occurrence records.",,GBIF strict name match
gbif-1428738,Orthetrum julia,Orthetrum julia,,Insects,species,"Uganda: Budongo Forest Reserve, Kalinzu Forest Reserve, Kibale Forest NP, Lake Nyabikere, Oyu and other localities. Historical occurrence records.",,GBIF strict name match
gbif-1428955,Palpopleura lucia,Palpopleura lucia,,Insects,species,"Uganda: Budongo Forest Reserve, Echuya FR, Kichumbi Swamp, Kitanga, Semliki Forest NP. Historical occurrence records.",,GBIF strict name match
gbif-1427855,Pantala flavescens,Pantala flavescens,,Insects,species,Uganda: Budongo Forest Reserve. Historical occurrence records.,,GBIF strict name match
gbif-1937667,Papilio dardanus,Papilio dardanus,Mocker Swallowtail,Insects,species,Uganda: Budongo Forest Reserve. Historical occurrence records.,,GBIF strict name match
gbif-1938125,Papilio demodocus,Papilio demodocus,Citrus Swallowtail,Insects,species,"Uganda: Budongo Forest Reserve, Murchison Falls NP. Historical occurrence records.",,GBIF strict name match
gbif-5051803,Paragomphus genei,Paragomphus genei,,Insects,species,Uganda: Oyu. Historical occurrence records.,,GBIF strict name match
gbif-1325561,Paratrechina longicornis,Paratrechina longicornis,,Insects,species,Uganda. Listed as introduced or of uncertain origin.,Terrestrial,GBIF strict name match
gbif-1931403,Pentila pauli,Pentila pauli,Spotted Pentila,Insects,species,Uganda: Murchison Falls NP. Historical occurrence records.,,GBIF strict name match
gbif-5806166,Phalanta phalantha,Phalanta phalantha,Common Leopard Fritillary,Insects,species,"Uganda: Budongo Forest Reserve, Murchison Falls NP. Historical occurrence records.",,GBIF strict name match
gbif-2096139,Phenacoccus manihoti,Phenacoccus manihoti,,Insects,species,Uganda. Listed as introduced or of uncertain origin.,Host,GBIF strict name match
gbif-1923051,Phlyaria cyara,Phlyaria cyara,Pied Blue,Insects,species,Uganda: Budongo Forest Reserve. Historical occurrence records.,,GBIF strict name match
gbif-1430199,Phyllomacromia aureozona,Phyllomacromia aureozona,,Insects,species,Uganda: Budongo Forest Reserve. Historical occurrence records.,,GBIF strict name match
gbif-2049572,Pineus pini,Pineus pini,,Insects,species,Uganda. Listed as introduced or of uncertain origin.,Host,GBIF strict name match
gbif-1426787,Platycypha caligata,Platycypha caligata,,Insects,species,Uganda: Semliki Forest NP. Historical occurrence records.,,GBIF strict name match
gbif-1426793,Platycypha lacustris,Platycypha lacustris,,Insects,species,Uganda: Lake Nyabikere. Historical occurrence records.,,GBIF strict name match
gbif-1422894,Pseudagrion angolense,Pseudagrion angolense,,Insects,species,Uganda: Kalinzu Forest Reserve. Historical occurrence records.,,GBIF strict name match
gbif-1422870,Pseudagrion hageni,Pseudagrion hageni,,Insects,species,"Uganda: Budongo Forest Reserve, Kibale Forest NP. Historical occurrence records.",,GBIF strict name match
gbif-1422973,Pseudagrion kersteni,Pseudagrion kersteni,,Insects,species,"Uganda: Budongo Forest Reserve, Kalinzu Forest Reserve, Kitanga. Historical occurrence records.",,GBIF strict name match
gbif-1422951,Pseudagrion kibalense,Pseudagrion kibalense,,Insects,species,"Uganda: Kalinzu Forest Reserve, Kibale Forest NP. Historical occurrence records.",,GBIF strict name match
gbif-1422897,Pseudagrion massaicum,Pseudagrion massaicum,,Insects,species,Uganda: Lake Nyabikere. Historical occurrence records.,,GBIF strict name match
gbif-1422888,Pseudagrion melanicterum,Pseudagrion melanicterum,,Insects,species,Uganda: Budongo Forest Reserve. Historical occurrence records.,,GBIF strict name match
gbif-1422803,Pseudagrion spernatum,Pseudagrion spernatum,,Insects,species,"Uganda: Budongo Forest Reserve, Kibale Forest NP, Kitanga, Lake Mulehe, Lake Mutanda and other localities. Historical occurrence records.",,GBIF strict name match
gbif-9914811,Stenocypha tenuis,Stenocypha tenuis,,Insects,species,Uganda: Kalinzu Forest Reserve. Historical occurrence records.,,GBIF strict name match
gbif-8727750,Tirumala petiverana,Tirumala petiverana,African Blue Tiger,Insects,species,Uganda: Budongo Forest Reserve. Historical occurrence records.,,GBIF strict name match
gbif-1428512,Tramea basilaris,Tramea basilaris,,Insects,species,"Uganda: Kahendero, Kitanga, Lake Nyabikere, Murchison Falls NP, Ntoroko and other localities. Historical occurrence records.",,GBIF strict name match
gbif-1428835,Trithemis annulata,Trithemis annulata,,Insects,species,"Uganda: Acha Swamp, Kahendero, Kichumbi Swamp, Kyambura Game Reserve, Lake Kanyamukali and other localities. Historical occurrence records.",,GBIF strict name match
gbif-1428848,Trithemis arteriosa,Trithemis arteriosa,,Insects,species,"Uganda: Budongo Forest Reserve, Rhino Camp. Historical occurrence records.",,GBIF strict name match
gbif-1428810,Trithemis basitincta,Trithemis basitincta,,Insects,species,"Uganda: Kalinzu Forest Reserve, Kichumbi Swamp, Kitanga. Historical occurrence records.",,GBIF strict name match
gbif-1428882,Trithemis furva,Trithemis furva,,Insects,species,Uganda: Semliki Forest NP. Historical occurrence records.,,GBIF strict name match
gbif-1428831,Trithemis nuptialis,Trithemis nuptialis,,Insects,species,Uganda: Budongo Forest Reserve. Historical occurrence records.,,GBIF strict name match
gbif-1428829,Trithemis stictica,Trithemis stictica,,Insects,species,Uganda: Budongo Forest Reserve. Historical occurrence records.,,GBIF strict name match
gbif-1427251,Umma saphirina,Umma saphirina,,Insects,species,"Uganda: Budongo Forest Reserve, Kalinzu Forest Reserve, Kibale Forest NP, Semliki Forest NP. Historical occurrence records.",,GBIF strict name match
gbif-5052230,Urothemis assignata,Urothemis assignata,,Insects,species,Uganda: Acha Swamp. Historical occurrence records.,,GBIF strict name match
gbif-1907685,Ypthima albida,Ypthima albida,Silver Ringlet,Insects,species,"Uganda: Budongo Forest Reserve, Murchison Falls NP. Historical occurrence records.",,GBIF strict name match
gbif-1933649,Zizeeria knysna,Zizeeria knysna,African Grass Blue,Insects,species,Uganda: Murchison Falls NP. Historical occurrence records.,,GBIF strict name match
gbif-8177775,Zizina antanossa,Zizina antanossa,Dark Grass Blue,Insects,species,"Uganda: Budongo Forest Reserve, Murchison Falls NP. Historical occurrence records.",,GBIF strict name match
gbif-1922244,Zizula hylax,Zizula hylax,Tiny Grass Blue,Insects,species,"Uganda: Budongo Forest Reserve, Murchison Falls NP. Historical occurrence records.",,GBIF strict name match
gbif-6242909,Zosteraeschna ellioti,Zosteraeschna ellioti,,Insects,species,"Uganda: Budongo Forest Reserve, Kibale Forest NP. Historical occurrence records.",,GBIF strict name match
gbif-1429131,Zygonyx natalensis,Zygonyx natalensis,,Insects,species,Uganda: Lake Nyabikere. Historical occurrence records.,,GBIF strict name match
gbif-4264827,Acomys cineraceus,Acomys cineraceus,Sahel Spiny Mouse,Mammals,species,"Uganda: Mt Kei FR, Mt Otzi FR. Historical occurrence records.",,GBIF strict name match
gbif-2438265,Acomys percivali,Acomys percivali,Grey Spiny Mouse,Mammals,species,"Uganda: Chei camp, Mt Kei FR, Mt Otzi FR. Historical occurrence records.",,GBIF strict name match
gbif-2438169,Aethomys hindei,Aethomys hindei,Northern Bush Rat,Mammals,species,"Uganda: Dufile, Karuma Game Reserve, Metu, Moyo, Mt Kei FR and other localities. Historical occurrence records.",,GBIF strict name match
gbif-2438175,Aethomys kaiseri,Aethomys kaiseri,Kaiser's Bush Rat,Mammals,species,Uganda: Hoima Town. Historical occurrence records.,,GBIF strict name match
gbif-11201913,Afronycteris nanus,Afronycteris nanus,Banana Bat,Mammals,species,"Uganda: Budongo FR, Bulyengo, Bwindi Impenetrable NP, C118, Chei camp. Historical occurrence records.",,GBIF strict name match
gbif-5220185,Alcelaphus buselaphus,Alcelaphus buselaphus,Coke's Hartebeest,Mammals,species,"Uganda: Karuma Game Reserve, Murchison Falls NP. Historical occurrence records.",,GBIF strict name match
gbif-9733997,Arvicanthis niloticus,Arvicanthis niloticus,Nile Grass Rat,Mammals,species,"Uganda: Bwentale Ranger Post Area, Metu, Queen Elizabeth NP, Semliki Forest NP. Historical occurrence records.",,GBIF strict name match
gbif-2434188,Atilax paludinosus,Atilax paludinosus,Marsh Mongoose,Mammals,species,"Uganda: A101, A109, A109A, A111, B101 and other localities. Historical occurrence records.",,GBIF strict name match
gbif-5219146,Canis adustus,Canis adustus,Side-stripped Jackal,Mammals,species,"Uganda: A106, A108, A109, A109A, A110 and other localities. Historical occurrence records.",,GBIF strict name match
gbif-2441168,Cephalophus natalensis,Cephalophus natalensis,Harvey's/Red Forest Duiker,Mammals,species,"Uganda: Budongo Forest Reserve, Kasyoha-Kitomi Forest Reserve, Keitampungu Hill, Kibale Forest NP. Historical occurrence records.",,GBIF strict name match
gbif-2441154,Cephalophus nigrifrons,Cephalophus nigrifrons,Black-fronted Duiker,Mammals,species,"Uganda: Bwindi Impenetrable NP, Kasyoha-Kitomi FR, Kyambura GR. Historical occurrence records.",,GBIF strict name match
gbif-2441161,Cephalophus rufilatus,Cephalophus rufilatus,Red-flanked Duiker,Mammals,species,"Uganda: Kyambura Gr, Rwenzori Mountains NP. Historical occurrence records.",,GBIF strict name match
gbif-2441163,Cephalophus silvicultor,Cephalophus silvicultor,Yellow-backed Duiker,Mammals,species,"Uganda: Kasyoha-Kitomi FR, Maramagambo FR. Historical occurrence records.",,GBIF strict name match
gbif-2441162,Cephalophus weynsi,Cephalophus weynsi,Weyns' Duiker,Mammals,species,Uganda: Maramagambo FR. Historical occurrence records.,,GBIF strict name match
gbif-2436545,Cercocebus galeritus,Cercocebus galeritus,Sanje Crested Mangabey,Mammals,species,Uganda: Kibale Forest NP. Historical occurrence records.,,GBIF strict name match
gbif-5219569,Cercopithecus ascanius,Cercopithecus ascanius,Schmidt's Red-tailed Monkey,Mammals,species,"Uganda: Budongo Forest Reserve, Bulyengo, Bwindi Impenetrable NP, Itwara Forest Reserve, Kalinzu Forest Reserve and other localities. Historical occurrence records.",,GBIF strict name match
gbif-5219578,Cercopithecus mitis,Cercopithecus mitis,Blue/Mitis/Sykes Monkey,Mammals,species,"Uganda: Budongo Forest Reserve, Bulyengo, Busingiro, Bwindi Impenetrable NP, C109 and other localities. Historical occurrence records.",,GBIF strict name match
gbif-5219567,Cercopithecus neglectus,Cercopithecus neglectus,De Brazza's Monkey,Mammals,species,Uganda: Semliki Forest NP. Historical occurrence records.,,GBIF strict name match
gbif-2436566,Chlorocebus aethiops,Chlorocebus aethiops,Vervet Monkey,Mammals,species,"Uganda: A106, A107, A109A, A110, A110A and other localities. Historical occurrence records.",,GBIF strict name match
gbif-2432178,Chrysochloris stuhlmanni,Chrysochloris stuhlmanni,Stuhlmann's Golden Mole,Mammals,species,"Uganda: A106, C111. Historical occurrence records.",,GBIF strict name match
gbif-2434634,Civettictis civetta,Civettictis civetta,East African Civet,Mammals,species,"Uganda: A106, A110, A110A, C104B, Kibale Forest NP and other localities. Historical occurrence records.",,GBIF strict name match
gbif-5963047,Colobus angolensis,Colobus angolensis,Angolan Colobus,Mammals,species,Uganda: Rwenzori Mountains NP. Historical occurrence records.,,GBIF strict name match
gbif-5963045,Colobus guereza,Colobus guereza,Guereza Colobus,Mammals,species,"Uganda: Budongo Forest Reserve, Bulyengo, Bwindi Impenetrable NP, C104, C109 and other localities. Historical occurrence records.",,GBIF strict name match
gbif-2438551,Cricetomys emini,Cricetomys emini,Savanna Pouched Rat,Mammals,species,"Uganda: A106, A107, A110, A110A, A112 and other localities. Historical occurrence records.",,GBIF strict name match
gbif-2438550,Cricetomys gambianus,Cricetomys gambianus,Forest Pouched Rat,Mammals,species,"Uganda: Mt Kei FR, Mt Otzi FR. Historical occurrence records.",,GBIF strict name match
gbif-2435567,Crocidura dolichura,Crocidura dolichura,Long-tailed Musk Shrew,Mammals,species,Uganda: Rwenzori Mountains NP. Historical occurrence records.,,GBIF strict name match
gbif-2435679,Crocidura gracilipes,Crocidura gracilipes,Peter's Musk Shrew,Mammals,species,Uganda: Mt Otzi FR. Historical occurrence records.,,GBIF strict name match
gbif-2435725,Crocidura hildegardeae,Crocidura hildegardeae,Hildegarde's Musk Shrew,Mammals,species,"Uganda: Budongo Forest Reserve, Hoima Town, Karuma Game Reserve, Semliki Forest NP. Historical occurrence records.",,GBIF strict name match
gbif-2435572,Crocidura luna,Crocidura luna,Greater Grey-brown Musk Shrew,Mammals,species,"Uganda: Mt Otzi FR, Murchison Falls NP, Pabidi South. Historical occurrence records.",,GBIF strict name match
gbif-2435716,Crocidura montis,Crocidura montis,Eastern Montane Musk Shrew,Mammals,species,Uganda: Rwenzori Mountains NP. Historical occurrence records.,,GBIF strict name match
gbif-2435615,Crocidura nanilla,Crocidura nanilla,Dwarf Musk Shrew,Mammals,species,Uganda: Katonga Game Reserve. Historical occurrence records.,,GBIF strict name match
gbif-2435626,Crocidura niobe,Crocidura niobe,Ruwenzori Musk Shrew,Mammals,species,"Uganda: Rwenzori Mountains NP, Rwenzori Mountaints NP. Historical occurrence records.",,GBIF strict name match
gbif-2435579,Crocidura olivieri,Crocidura olivieri,Northern Giant Musk Shrew,Mammals,species,"Uganda: Hoima Town, Kalinzu Forest Reserve, Kasyoha-Kitomi Forest Reserve, Maramagambo Forest Reserve, Moyo and other localities. Historical occurrence records.",,GBIF strict name match
gbif-2435711,Crocidura parvipes,Crocidura parvipes,Small-footed Musk Shrew,Mammals,species,Uganda: Murchison Falls NP. Historical occurrence records.,,GBIF strict name match
gbif-2435611,Crocidura planiceps,Crocidura planiceps,Lado Musk Shrew,Mammals,species,Uganda: Hoima Town. Historical occurrence records.,,GBIF strict name match
gbif-2435704,Crocidura turba,Crocidura turba,Southern Woodland Musk Shrew,Mammals,species,"Uganda: Hoima Town, Kasyoha-Kitomi Forest Reserve, Mt Kei FR, Mt Otzi FR, Murchison Falls NP and other localities. Historical occurrence records.",,GBIF strict name match
gbif-5218781,Crocuta crocuta,Crocuta crocuta,Spotted Hyaena,Mammals,species,"Uganda: Kasyoha-Kitomi Forest Reserve, Kigezi Game Reserve, Murchison Falls NP. Historical occurrence records.",,GBIF strict name match
gbif-2437217,Cryptomys mechowi,Cryptomys mechowi,Giant Common Mole-rat,Mammals,species,"Uganda: Budongo Forest Reserve, C104B. Historical occurrence records.",,GBIF strict name match
gbif-2441041,Damaliscus lunatus,Damaliscus lunatus,Topi,Mammals,species,Uganda: Queen Elizabeth NP. Historical occurrence records.,,GBIF strict name match
gbif-2438420,Dasymys incomtus,Dasymys incomtus,Shaggy Marsh Rat,Mammals,species,"Uganda: Bwentale Ranger Post Area, Kasyoha-Kitomi Forest Reserve, Semliki Forest NP. Historical occurrence records.",,GBIF strict name match
gbif-2438418,Dasymys montanus,Dasymys montanus,Montane Marsh Rat,Mammals,species,Uganda: Rwenzori Mountains NP. Historical occurrence records.,,GBIF strict name match
gbif-2437044,Dendrohyrax arboreus,Dendrohyrax arboreus,Southern Tree Hyrax,Mammals,species,"Uganda: Budongo Forest Reserve, Kalinzu Forest Reserve, Kasyoha-Kitomi Forest Reserve, Keitampungu Hill, Maramagambo Forest Reserve and other localities. Historical occurrence records.",,GBIF strict name match
gbif-5219770,Dendromus mesomelas,Dendromus mesomelas,Brant's Climbing Mouse,Mammals,species,"Uganda: Karuma Game Reserve, Rwenzori Mountains NP. Historical occurrence records.",,GBIF strict name match
gbif-2438901,Deomys ferrugineus,Deomys ferrugineus,Congo Forest Mouse,Mammals,species,"Uganda: Bulyengo, Semliki Forest NP. Historical occurrence records.",,GBIF strict name match
gbif-4264984,Dipodillus somalicus,Dipodillus somalicus,Somali Grass Rat,Mammals,species,Uganda: Queen Elizabeth NP. Historical occurrence records.,,GBIF strict name match
gbif-2434115,Dologale dybowskii,Dologale dybowskii,Savanna Mongoose,Mammals,species,Uganda: Kasyoha-Kitomi FR. Historical occurrence records.,,GBIF strict name match
gbif-10862803,Doryrhina camerunensis,Doryrhina camerunensis,Greater Cyclops Leaf-nosed Bat,Mammals,species,"Uganda: Budongo FR, Bwamba, Bwindi Impenentrable NP. Historical occurrence records.",,GBIF strict name match
gbif-10744489,Doryrhina cyclops,Doryrhina cyclops,Cyclops Leaf-nosed Bat,Mammals,species,"Uganda: Budongo FR, Bwamba, Kalinzu FR, Kibale Forest NP, Mongiro and other localities. Historical occurrence records.",,GBIF strict name match
gbif-2432851,Eidolon helvum,Eidolon helvum,Straw-coloured Fruit Bat,Mammals,species,"Uganda: Budongo FR, Bwamba, Fort-Portal, Kabale Town, Kalinzu FR and other localities. Historical occurrence records.",,GBIF strict name match
gbif-2432790,Epomophorus gambianus,Epomophorus gambianus,Gambian Epauletted Fruit Bat,Mammals,species,"Uganda: Dufile School, Metu. Historical occurrence records.",,GBIF strict name match
gbif-2432791,Epomophorus labiatus,Epomophorus labiatus,Little Epauletted Fruit Bat,Mammals,species,"Uganda: Adjumani, Arua, Budongo FR, Budongo Forest Reserve, Buhuka and other localities. Historical occurrence records.",,GBIF strict name match
gbif-4265716,Epomophorus minor,Epomophorus minor,Pygmy Epauletted Fruit Bat,Mammals,species,"Uganda: Bulyengo, Bwentale Ranger Post Area, Itwara Forest Reserve, Kasyoha-Kitomi Forest Reserve, Mt Kei FR and other localities. Historical occurrence records.",,GBIF strict name match
gbif-7447191,Epomophorus pusillus,Epomophorus pusillus,Dwarf Epauletted Fruit Bat,Mammals,species,"Uganda: Adjumani, Budongo FR, Chei camp, Karuma Game Reserve, Metu and other localities. Historical occurrence records.",,GBIF strict name match
gbif-2432802,Epomops franqueti,Epomops franqueti,Franquet's Fruit Bat,Mammals,species,"Uganda: Budongo FR, Bundibugyo, Bwentale Ranger Post Area, Fort-Portal, Hakitengya and other localities. Historical occurrence records.",,GBIF strict name match
gbif-2436548,Erythrocebus patas,Erythrocebus patas,Patas Monkey,Mammals,species,"Uganda: C113, Mt Kei FR, Mt Otzi FR. Historical occurrence records.",,GBIF strict name match
gbif-7964291,Felis silvestris,Felis silvestris,African Wild Cat,Mammals,species,"Uganda: A108, A109. Historical occurrence records.",,GBIF strict name match
gbif-2437416,Funisciurus carruthersi,Funisciurus carruthersi,Carruthers' Mountain Tree Squirrel,Mammals,species,"Uganda: Keitampungu Hill, Rwenzori Mountains NP. Historical occurrence records.",,GBIF strict name match
gbif-9198359,Galago senegalensis,Galago senegalensis,Senegal Galago,Mammals,species,Uganda: Semliki Forest NP. Historical occurrence records.,,GBIF strict name match
gbif-5219098,Galerella sanguinea,Galerella sanguinea,Slender Mongoose,Mammals,species,"Uganda: A101, B101, B104, C101, Keitampungu Hill and other localities. Historical occurrence records.",,GBIF strict name match
gbif-5219362,Genetta genetta,Genetta genetta,Small-spotted Genet,Mammals,species,"Uganda: Kibale Forest NP, Kyambura GR, Zoka Forest Reserve. Historical occurrence records.",,GBIF strict name match
gbif-5219342,Genetta servalina,Genetta servalina,Servaline Genet,Mammals,species,"Uganda: A110, A110A, Kyambura GR, Rwenzori Mountains NP, Semliki Forest NP and other localities. Historical occurrence records.",,GBIF strict name match
gbif-5219356,Genetta tigrina,Genetta tigrina,Rusty Spotted Genet,Mammals,species,"Uganda: Kasyoha-Kitomi FR, Queen Elizabeth NP. Historical occurrence records.",,GBIF strict name match
gbif-5219348,Genetta victoriae,Genetta victoriae,Giant Forest Genet,Mammals,species,Uganda: Kibale Forest NP. Historical occurrence records.,,GBIF strict name match
gbif-4264948,Gerbilliscus leucogaster,Gerbilliscus leucogaster,Savanna Woodland Gerbil,Mammals,species,"Uganda: Karuma Game Reserve, Kigezi Game Reserve. Historical occurrence records.",,GBIF strict name match
gbif-4264944,Gerbilliscus validus,Gerbilliscus validus,Northern Savanna Gerbil,Mammals,species,"Uganda: Hoima Town, Kabarole, Lutoto, Metu, Mt Otzi FR and other localities. Historical occurrence records.",,GBIF strict name match
gbif-2441205,Giraffa camelopardalis,Giraffa camelopardalis,Giraffe,Mammals,species,Uganda: Murchison Falls NP. Historical occurrence records.,,GBIF strict name match
gbif-4266162,Glauconycteris argentata,Glauconycteris argentata,Silvered Butterfly Bat,Mammals,species,"Uganda: Budongo FR, Busingiro, Bwindi FR, Murchison Falls NP. Historical occurrence records.",,GBIF strict name match
gbif-4266153,Glauconycteris beatrix,Glauconycteris beatrix,Beatrix Butterfly Bat,Mammals,species,"Uganda: Budongo FR, Bwindi FR, Bwindi Impenentrable NP, Kabala FR, Wasa River. Historical occurrence records.",,GBIF strict name match
gbif-4266163,Glauconycteris egeria,Glauconycteris egeria,Bibundi Butterfly Bat,Mammals,species,Uganda: Budongo FR. Historical occurrence records.,,GBIF strict name match
gbif-4266160,Glauconycteris poensis,Glauconycteris poensis,Abo Butterfly Bat,Mammals,species,"Uganda: Budongo FR, Kibale Forest NP. Historical occurrence records.",,GBIF strict name match
gbif-4266156,Glauconycteris variegata,Glauconycteris variegata,Variegated Butterfly Bat,Mammals,species,"Uganda: Budongo FR, Kibale Forest NP. Historical occurrence records.",,GBIF strict name match
gbif-2436441,Gorilla gorilla,Gorilla gorilla,Mountain Gorilla,Mammals,species,Uganda: Bwindi Impenetrable NP. Historical occurrence records.,,GBIF strict name match
gbif-2439202,Grammomys dolichurus,Grammomys dolichurus,Common Thicket Rat,Mammals,species,"Uganda: Budongo Forest Reserve, Kabarole, Karuma Game Reserve, Kasyoha-Kitomi FR, Kasyoha-Kitomi Forest Reserve and other localities. Historical occurrence records.",,GBIF strict name match
gbif-5219911,Graphiurus murinus,Graphiurus murinus,African Common Dormouse,Mammals,species,"Uganda: Kalinzu Forest Reserve, Keitampungu Hill, Rwenzori Mountains NP, Semliki Forest NP, Zoka Forest Reserve. Historical occurrence records.",,GBIF strict name match
gbif-2437541,Heliosciurus gambianus,Heliosciurus gambianus,Gambian Sun Squirrel,Mammals,species,"Uganda: Mt Kei FR, Zoka Forest Reserve. Historical occurrence records.",,GBIF strict name match
gbif-2437540,Heliosciurus rufobrachium,Heliosciurus rufobrachium,Red-legged Sun Squirrel,Mammals,species,"Uganda: Budongo Forest Reserve, Queen Elizabeth NP. Historical occurrence records.",,GBIF strict name match
gbif-2437543,Heliosciurus ruwenzorii,Heliosciurus ruwenzorii,Montane Sun Squirrel,Mammals,species,Uganda: Kibale Forest NP. Historical occurrence records.,,GBIF strict name match
gbif-2434165,Helogale parvula,Helogale parvula,Dwarf Mongoose,Mammals,species,Uganda: A109. Historical occurrence records.,,GBIF strict name match
gbif-2434255,Herpestes ichneumon,Herpestes ichneumon,Egyptian Mongoose,Mammals,species,"Uganda: A101, A102, A106, A107, A111 and other localities. Historical occurrence records.",,GBIF strict name match
gbif-2441247,Hippopotamus amphibius,Hippopotamus amphibius,Hippopotamus,Mammals,species,"Uganda: A101, A103B, A111, B101, B102 and other localities. Historical occurrence records.",,GBIF strict name match
gbif-5218580,Hipposideros abae,Hipposideros abae,Aba Leaf-nosed Bat,Mammals,species,"Uganda: Metu, Mt Otzi FR. Historical occurrence records.",,GBIF strict name match
gbif-5218602,Hipposideros beatus,Hipposideros beatus,Sundevall's Leaf-nosed Bat,Mammals,species,"Uganda: Budongo FR, Ntandi. Historical occurrence records.",,GBIF strict name match
gbif-5218575,Hipposideros caffer,Hipposideros caffer,Sundevall's Leaf-nosed Bat,Mammals,species,"Uganda: Budongo FR, Chei camp, Kaina mine, Kibale Forest NP, Mt Kei FR and other localities. Historical occurrence records.",,GBIF strict name match
gbif-5218556,Hipposideros ruber,Hipposideros ruber,Noack's Leaf-nosed Bat,Mammals,species,"Uganda: Budongo FR, Bulyengo, Bundibugyo, Busingiro, Bwindi Impenetrable NP and other localities. Historical occurrence records.",,GBIF strict name match
gbif-2439071,Hybomys univittatus,Hybomys univittatus,Peters' Striped Mouse,Mammals,species,"Uganda: Itwara Forest Reserve, Kasyoha-Kitomi Forest Reserve, Kigezi Game Reserve, Maramagambo Forest Reserve, Rwenzori Mountains NP and other localities. Historical occurrence records.",,GBIF strict name match
gbif-2434094,Hydrictis maculicollis,Hydrictis maculicollis,African Spot-necked Otter,Mammals,species,"Uganda: A101, B101, C101, C112. Historical occurrence records.",,GBIF strict name match
gbif-2441228,Hylochoerus meinertzhageni,Hylochoerus meinertzhageni,Giant Forest Hog,Mammals,species,"Uganda: Kalinzu Forest Reserve, Kasyoha-Kitomi Forest Reserve, Keitampungu Hill, Kigezi Game Reserve, Maramagambo FR and other localities. Historical occurrence records.",,GBIF strict name match
gbif-2439338,Hylomyscus denniae,Hylomyscus denniae,East African Montane Wood Mouse,Mammals,species,"Uganda: Rwenzori Mountains NP, Rwenzori Mountaints NP. Historical occurrence records.",,GBIF strict name match
gbif-2439340,Hylomyscus stella,Hylomyscus stella,Stella Wood Mouse,Mammals,species,"Uganda: Bulyengo, Itwara Forest Reserve, Kalinzu Forest Reserve, Kasyoha-Kitomi Forest Reserve, Keitampungu Hill and other localities. Historical occurrence records.",,GBIF strict name match
gbif-2432958,Hypsignathus monstrosus,Hypsignathus monstrosus,Hammer-headed Fruit Bat,Mammals,species,"Uganda: Bwamba, Bwindi FR, Ithama Mine, Itwara Forest Reserve, Kayonza FR and other localities. Historical occurrence records.",,GBIF strict name match
gbif-5219888,Hystrix cristata,Hystrix cristata,Crested Porcupine,Mammals,species,"Uganda: A107, A109A, A110, A110A, A112 and other localities. Historical occurrence records.",,GBIF strict name match
gbif-2434150,Ichneumia albicauda,Ichneumia albicauda,White-tailed Mongoose,Mammals,species,"Uganda: A106, A110, A110A, Kyambura GR, Masindi and other localities. Historical occurrence records.",,GBIF strict name match
gbif-2432538,Kerivoula cuprosa,Kerivoula cuprosa,Copper Woolly Bat,Mammals,species,Uganda: Kibale Forest NP. Historical occurrence records.,,GBIF strict name match
gbif-2432558,Kerivoula lanosa,Kerivoula lanosa,Lesser Wooly Bat,Mammals,species,Uganda: Ntandi. Historical occurrence records.,,GBIF strict name match
gbif-2432552,Kerivoula phalaena,Kerivoula phalaena,,Mammals,species,"Uganda: Kayonza FR, Ntandi. Historical occurrence records.",,GBIF strict name match
gbif-2432553,Kerivoula smithii,Kerivoula smithii,Smith's Woolly Bat,Mammals,species,Uganda: Kayonza FR. Historical occurrence records.,,GBIF strict name match
gbif-5220160,Kobus ellipsiprymnus,Kobus ellipsiprymnus,Waterbuck,Mammals,species,"Uganda: C110, C111, C113, Kalinzu Forest Reserve, Kasyoha-Kitomi Forest Reserve and other localities. Historical occurrence records.",,GBIF strict name match
gbif-5220161,Kobus kob,Kobus kob,Ugandan Kob,Mammals,species,"Uganda: A102, A106, A109A, C113, Kigezi Game Reserve and other localities. Historical occurrence records.",,GBIF strict name match
gbif-11178463,Laephotis capensis,Laephotis capensis,Cape Serotine,Mammals,species,"Uganda: Budongo FR, Busingiro, Kigumba, Masindi, Semliki Forest NP and other localities. Historical occurrence records.",,GBIF strict name match
gbif-2433354,Lavia frons,Lavia frons,Yellow-winged Bat,Mammals,species,"Uganda: Kabamba cave, Karuma Falls, Katonga GR, Katwe, Kigezi Game Reserve and other localities. Historical occurrence records.",,GBIF strict name match
gbif-2438207,Lemniscomys barbarus,Lemniscomys barbarus,Barbary Striped Grass Rat,Mammals,species,Uganda: Zoka Forest Reserve. Historical occurrence records.,,GBIF strict name match
gbif-2438204,Lemniscomys striatus,Lemniscomys striatus,Common Striped Grass Rat,Mammals,species,"Uganda: Budongo Forest Reserve, Chei camp, Hoima Town, Kabarole, Karuma Game Reserve and other localities. Historical occurrence records.",,GBIF strict name match
gbif-2435172,Leptailurus serval,Leptailurus serval,Serval,Mammals,species,"Uganda: A110, A110A, B103, C104B, C113A and other localities. Historical occurrence records.",,GBIF strict name match
gbif-7261733,Lissonycteris angolensis,Lissonycteris angolensis,Bocage's Fruit Bat,Mammals,species,"Uganda: Budongo FR, Budongo Forest Reserve, Bulyengo, Bwindi FR, Ithama Mine and other localities. Historical occurrence records.",,GBIF strict name match
gbif-2436589,Lophocebus albigena,Lophocebus albigena,Grey-cheeked Mangabey,Mammals,species,"Uganda: Itwara Forest Reserve, Kibale Forest NP, Mpanga River Edge, Semliki Forest NP. Historical occurrence records.",,GBIF strict name match
gbif-2437675,Lophuromys sikapusi,Lophuromys sikapusi,Common Brush-furred Rat,Mammals,species,"Uganda: Dufile, Hoima, Hoima Town, Itwara Forest Reserve, Karuma Game Reserve and other localities. Historical occurrence records.",,GBIF strict name match
gbif-2437674,Lophuromys woosnami,Lophuromys woosnami,Woosnam's Brush-furred Rat,Mammals,species,"Uganda: Rwenzori Mountains NP, Rwenzori Mountaints NP. Historical occurrence records.",,GBIF strict name match
gbif-2435350,Loxodonta africana,Loxodonta africana,African Elephant,Mammals,species,"Uganda: Budongo Forest Reserve, Bwentale Ranger Post Area, Bwindi Impenetrable NP, Kasyoha-Kitomi FR, Kasyoha-Kitomi Forest Reserve and other localities. Historical occurrence records.",,GBIF strict name match
gbif-2439147,Malacomys longipes,Malacomys longipes,Long-footed Rat,Mammals,species,"Uganda: Bulyengo, Kalinzu Forest Reserve, Kasyoha-Kitomi Forest Reserve, Keitampungu Hill. Historical occurrence records.",,GBIF strict name match
gbif-5219630,Manis temminckii,Manis temminckii,Ground Pangolin,Mammals,species,"Uganda: A110A, C107. Historical occurrence records.",,GBIF strict name match
gbif-2438911,Mastomys natalensis,Mastomys natalensis,Northern Savanna Multimammate Rat,Mammals,species,"Uganda: Budongo Forest Reserve, Bwentale Ranger Post Area, Chei camp, Kabarole, Karuma Game Reserve and other localities. Historical occurrence records.",,GBIF strict name match
gbif-2432799,Megaloglossus woermanni,Megaloglossus woermanni,African Long-tongued Fruit Bat,Mammals,species,Uganda: Maramagambo Forest Reserve. Historical occurrence records.,,GBIF strict name match
gbif-2432527,Mimetillus moloneyi,Mimetillus moloneyi,Moloney's Flat-headed Bat,Mammals,species,"Uganda: Budongo FR, Bwindi Impenetrable NP, Kabale, Kibale Forest NP, Moyo and other localities. Historical occurrence records.",,GBIF strict name match
gbif-2432507,Miniopterus inflatus,Miniopterus inflatus,Greater Long-fingered Bat,Mammals,species,"Uganda: Bwindi Impenentrable NP, Kasese, Rwenzori Mountains NP. Historical occurrence records.",,GBIF strict name match
gbif-7261853,Miniopterus natalensis,Miniopterus natalensis,,Mammals,species,"Uganda: Metu, Mt Wahi. Historical occurrence records.",,GBIF strict name match
gbif-2433075,Mops condylurus,Mops condylurus,Angolan Free-tailed Bat,Mammals,species,Uganda: Murchison Falls NP. Historical occurrence records.,,GBIF strict name match
gbif-2433066,Mops congicus,Mops congicus,Congo Free-tailed Bat,Mammals,species,Uganda: Budongo FR. Historical occurrence records.,,GBIF strict name match
gbif-2433071,Mops demonstrator,Mops demonstrator,Mongalla Free-tailed Bat,Mammals,species,"Uganda: Budongo FR, Moyo, River Sonso. Historical occurrence records.",,GBIF strict name match
gbif-2433079,Mops thersites,Mops thersites,Railer Free-tailed Bat,Mammals,species,"Uganda: Budongo FR, Bwamba. Historical occurrence records.",,GBIF strict name match
gbif-2433069,Mops trevori,Mops trevori,Trevor's Free-tailed Bat,Mammals,species,Uganda: Metu. Historical occurrence records.,,GBIF strict name match
gbif-5219080,Mungos mungo,Mungos mungo,Banded Mongoose,Mammals,species,"Uganda: A105, A106, A107, A108, A112 and other localities. Historical occurrence records.",,GBIF strict name match
gbif-2438788,Mus bufo,Mus bufo,Western Rift Pygmy Mouse,Mammals,species,"Uganda: Bwindi Impenentrable NP, Echuya Swamp, Kasyoha-Kitomi Forest Reserve, Rwenzori Mountains NP, Rwenzori Mountaints NP. Historical occurrence records.",,GBIF strict name match
gbif-2438796,Mus minutoides,Mus minutoides,Pygmy Mouse,Mammals,species,"Uganda: Budongo Forest Reserve, Bulyengo, Hoima Town, Karuma Game Reserve, Katonga Game Reserve and other localities. Historical occurrence records.",,GBIF strict name match
gbif-2438784,Mus triton,Mus triton,Grey-bellied Pygmy Mouse,Mammals,species,"Uganda: Hoima Town, Kalinzu Forest Reserve, Karuma Game Reserve, Kasyoha-Kitomi Forest Reserve, Keitampungu Hill and other localities. Historical occurrence records.",,GBIF strict name match
gbif-2432942,Myonycteris torquata,Myonycteris torquata,Little Collared Fruit Bat,Mammals,species,"Uganda: Budongo FR, Kalinzu FR, Kalinzu Forest Reserve, Semliki Forest NP. Historical occurrence records.",,GBIF strict name match
gbif-2435932,Myosorex blarina,Myosorex blarina,Ruwenzori Mouse-shrew,Mammals,species,"Uganda: Rwenzori Mountains NP, Rwenzori Mountaints NP. Historical occurrence records.",,GBIF strict name match
gbif-2432469,Myotis welwitschii,Myotis welwitschii,Welwitch's Bat,Mammals,species,"Uganda: Murchison Falls NP, River Kyoha, Rwenzori Mountains NP, Rwenzori Mountaints NP. Historical occurrence records.",,GBIF strict name match
gbif-7990922,Neoromicia somalica,Neoromicia somalica,Somali Serotine,Mammals,species,"Uganda: Arua, Budongo FR, Masindi. Historical occurrence records.",,GBIF strict name match
gbif-5218607,Nycteris arge,Nycteris arge,Bate's Slit-faced Bat,Mammals,species,"Uganda: Budongo FR, Kalinzu FR, Kibale Forest NP, Maramagambo Forest Reserve, Mwela and other localities. Historical occurrence records.",,GBIF strict name match
gbif-5218608,Nycteris hispida,Nycteris hispida,Hairy Slit-faced Bat,Mammals,species,"Uganda: Budongo FR, Budongo Forest Reserve, Bwamba, Itwara Forest Reserve, Karuma Game Reserve and other localities. Historical occurrence records.",,GBIF strict name match
gbif-5218609,Nycteris macrotis,Nycteris macrotis,Large-eared Slit-faced Bat,Mammals,species,"Uganda: Mt Otzi FR, Ntandi, Queen Elizabeth NP, Yumbe. Historical occurrence records.",,GBIF strict name match
gbif-5218618,Nycteris nana,Nycteris nana,Dwarf Slit-faced Bat,Mammals,species,"Uganda: Bwamba, Kalinzu FR, Mwela, Ntandi. Historical occurrence records.",,GBIF strict name match
gbif-5218614,Nycteris thebaica,Nycteris thebaica,Egyptian Slit-faced Bat,Mammals,species,"Uganda: Amiel, Budongo FR, Kaina mine, Kisoro, Moyo and other localities. Historical occurrence records.",,GBIF strict name match
gbif-11173610,Nycticeinops crassulus,Nycticeinops crassulus,,Mammals,species,"Uganda: Budongo FR, Ntandi. Historical occurrence records.",,GBIF strict name match
gbif-11178284,Nycticeinops eisentrauti,Nycticeinops eisentrauti,Eisentraut's Pipistrelle,Mammals,species,Uganda: Budongo FR. Historical occurrence records.,,GBIF strict name match
gbif-7765800,Nycticeinops schlieffenii,Nycticeinops schlieffenii,Schlieffen's Bat,Mammals,species,"Uganda: Murchison Falls NP, Zoka FR, Zoka Forest Reserve. Historical occurrence records.",,GBIF strict name match
gbif-2438923,Oenomys hypoxanthus,Oenomys hypoxanthus,Rusty-nosed Rat,Mammals,species,"Uganda: Bwindi Impenentrable NP, Kasyoha-Kitomi Forest Reserve, Rwenzori Mountains NP. Historical occurrence records.",,GBIF strict name match
gbif-5218416,Orycteropus afer,Orycteropus afer,Ant Bear/ Aardvark,Mammals,species,"Uganda: A101, A112, B101, C101, C104B and other localities. Historical occurrence records.",,GBIF strict name match
gbif-2434349,Otocyon megalotis,Otocyon megalotis,Bat-eared Fox,Mammals,species,"Uganda: A108, A109A. Historical occurrence records.",,GBIF strict name match
gbif-5219865,Otomys denti,Otomys denti,Montane Groove-toothed Rat,Mammals,species,"Uganda: Echuya Forest Reserve, Rwenzori Mountains NP. Historical occurrence records.",,GBIF strict name match
gbif-5219867,Otomys tropicalis,Otomys tropicalis,Tropical Groove-toothed Rat,Mammals,species,"Uganda: Echuya Swamp, Hoima Town, Rwenzori Mountains NP. Historical occurrence records.",,GBIF strict name match
gbif-5219871,Otomys typus,Otomys typus,Northern Groove-toothed Rat,Mammals,species,Uganda: Rwenzori Mountains NP. Historical occurrence records.,,GBIF strict name match
gbif-2441135,Ourebia ourebi,Ourebia ourebi,Oribi,Mammals,species,"Uganda: A109, A110, A110A, C113A, C113B and other localities. Historical occurrence records.",,GBIF strict name match
gbif-5219534,Pan troglodytes,Pan troglodytes,Common Chimpanzee,Mammals,species,"Uganda: Budongo Forest Reserve, Bulyengo, Bwindi Impenetrable NP, Itwara Forest Reserve, Kalinzu FR and other localities. Historical occurrence records.",,GBIF strict name match
gbif-5219404,Panthera leo,Panthera leo,Lion,Mammals,species,"Uganda: Murchison Falls NP, Queen Elizabeth NP. Historical occurrence records.",,GBIF strict name match
gbif-5219436,Panthera pardus,Panthera pardus,Leopard,Mammals,species,"Uganda: A109A, C104B, Kasyoha-Kitomi Forest Reserve, Murchison Falls NP, Semliki Forest NP. Historical occurrence records.",,GBIF strict name match
gbif-5707341,Papio anubis,Papio anubis,Olive Baboon,Mammals,species,"Uganda: A101, B101, B102, Budongo Forest Reserve, Busingiro and other localities. Historical occurrence records.",,GBIF strict name match
gbif-7262027,Papio cynocephalus,Papio cynocephalus,Yellow Baboon,Mammals,species,Uganda: Maramagambo. Historical occurrence records.,,GBIF strict name match
gbif-2437351,Paraxerus alexandri,Paraxerus alexandri,Alexander's Bush Squirrel,Mammals,species,"Uganda: Budongo Forest Reserve, Bulyengo, Nyabyeya, Semliki Forest NP. Historical occurrence records.",,GBIF strict name match
gbif-2437347,Paraxerus boehmi,Paraxerus boehmi,Boehm's Bush Squirrel,Mammals,species,"Uganda: Bwindi Impenetrable NP, Kasyoha-Kitomi FR, Murchison Falls NP, Rwenzori Mountains NP, Semliki Forest NP. Historical occurrence records.",,GBIF strict name match
gbif-2437346,Paraxerus flavovittis,Paraxerus flavovittis,Stripped Bush Squirrel,Mammals,species,Uganda: Karuma Game Reserve. Historical occurrence records.,,GBIF strict name match
gbif-2436624,Perodicticus potto,Perodicticus potto,Potto,Mammals,species,Uganda: Kibale Forest NP. Historical occurrence records.,,GBIF strict name match
gbif-2441212,Phacochoerus africanus,Phacochoerus africanus,Warthog,Mammals,species,"Uganda: A109A, A110, A110A, C104B, C105 and other localities. Historical occurrence records.",,GBIF strict name match
gbif-7261461,Philantomba monticola,Philantomba monticola,Blue Duiker,Mammals,species,"Uganda: Budongo Forest Reserve, C104B, C112, Kalinzu FR, Kalinzu Forest Reserve and other localities. Historical occurrence records.",,GBIF strict name match
gbif-7262000,Piliocolobus badius,Piliocolobus badius,Uhehe Red Colobus,Mammals,species,Uganda: Kibale Forest NP. Historical occurrence records.,,GBIF strict name match
gbif-5218464,Pipistrellus kuhlii,Pipistrellus kuhlii,Kuhl's Pipistrelle,Mammals,species,"Uganda: Bwindi Impenetrable NP, Nyabitaba, Rwenzori Mountains NP. Historical occurrence records.",,GBIF strict name match
gbif-5218485,Pipistrellus nanulus,Pipistrellus nanulus,Pygmy Pipistrelle,Mammals,species,"Uganda: Budongo FR, Ishasha R., Kalinzu FR, Kampala, Semliki Forest NP. Historical occurrence records.",,GBIF strict name match
gbif-5218491,Pipistrellus rusticus,Pipistrellus rusticus,Rusty Bat,Mammals,species,Uganda: Budongo FR. Historical occurrence records.,,GBIF strict name match
gbif-2436948,Poelagus marjorita,Poelagus marjorita,Central African Grass Rabbit,Mammals,species,"Uganda: A106, A108, A109, A109A, A110 and other localities. Historical occurrence records.",,GBIF strict name match
gbif-2441225,Potamochoerus porcus,Potamochoerus porcus,Savanna Bushpig,Mammals,species,"Uganda: A108, A110, A110A, Budongo Forest Reserve, Bwindi Impenetrable NP and other localities. Historical occurrence records.",,GBIF strict name match
gbif-2438475,Praomys jacksoni,Praomys jacksoni,Jackson's Soft-furred Rat,Mammals,species,"Uganda: Budongo Forest Reserve, Bulyengo, Bwentale Ranger Post Area, Chei camp, Itwara Forest Reserve and other localities. Historical occurrence records.",,GBIF strict name match
gbif-5219401,Profelis aurata,Profelis aurata,African Golden Cat,Mammals,species,"Uganda: Kasyoha-Kitomi FR, Kibale Forest NP, Maramagambo FR. Historical occurrence records.",,GBIF strict name match
gbif-2437390,Protoxerus stangeri,Protoxerus stangeri,Giant Forest Squirrel,Mammals,species,"Uganda: Bulyengo, Keitampungu Hill, Maramagambo Forest Reserve. Historical occurrence records.",,GBIF strict name match
gbif-11171551,Pseudoromicia tenuipinnis,Pseudoromicia tenuipinnis,White-winged Serotine,Mammals,species,"Uganda: Budongo FR, Butiaba, Kyaka County, Murchison Falls NP, Rhino Camp and other localities. Historical occurrence records.",,GBIF strict name match
gbif-2439270,Rattus rattus,Rattus rattus,,Mammals,species,Uganda. Listed as introduced or of uncertain origin.,Terrestrial,GBIF strict name match
gbif-2441038,Redunca redunca,Redunca redunca,Bohor Reedbuck,Mammals,species,"Uganda: A106, A110, A110A, C112, C112B and other localities. Historical occurrence records.",,GBIF strict name match
gbif-2432630,Rhinolophus alcyone,Rhinolophus alcyone,Halcyon Horseshoe Bat,Mammals,species,"Uganda: Budongo FR, Bulyengo. Historical occurrence records.",,GBIF strict name match
gbif-2432669,Rhinolophus clivosus,Rhinolophus clivosus,Arabian Horseshoe Bat,Mammals,species,Uganda: Murchison Falls NP. Historical occurrence records.,,GBIF strict name match
gbif-2432645,Rhinolophus fumigatus,Rhinolophus fumigatus,Rueppell's Horseshoe Bat,Mammals,species,"Uganda: Bwindi FR, Katonga GR, Queen Elizabeth NP. Historical occurrence records.",,GBIF strict name match
gbif-2432628,Rhinolophus landeri,Rhinolophus landeri,Lander's Horseshoe Bat,Mammals,species,"Uganda: Murchison Falls NP, Queen Elizabeth NP. Historical occurrence records.",,GBIF strict name match
gbif-2432663,Rhinolophus maclaudi,Rhinolophus maclaudi,Maclaud's Horseshoe Bat,Mammals,species,"Uganda: Bwindi Impenetrable NP, Luhiza, Mahoma, Nyabitaba. Historical occurrence records.",,GBIF strict name match
gbif-4266796,Rhinolophus ruwenzorii,Rhinolophus ruwenzorii,Rwenzori Horseshoe Bat,Mammals,species,"Uganda: Mubuku Valley, Rwenzori Mountains NP. Historical occurrence records.",,GBIF strict name match
gbif-2432657,Rhinolophus simulator,Rhinolophus simulator,Savanna Woodland Horseshoe Bat,Mammals,species,"Uganda: Kasyoha-Kitomi Forest Reserve, Maramagambo Forest Reserve, Mt Kei FR, Mt Otzi FR, Murchison Falls NP. Historical occurrence records.",,GBIF strict name match
gbif-2432953,Rousettus aegyptiacus,Rousettus aegyptiacus,Egyptian Fruit Bat,Mammals,species,"Uganda: Itwara Forest Reserve, Kalinzu FR, Kalinzu Forest Reserve, Kasyoha-Kitomi Forest Reserve, Keitampungu Hill and other localities. Historical occurrence records.",,GBIF strict name match
gbif-2432336,Scotoecus albofuscus,Scotoecus albofuscus,Light-winged Lesser House Bat,Mammals,species,"Uganda: Dufile, Moyo, Nebbi, Toro-Semliki WR, Zoka FR and other localities. Historical occurrence records.",,GBIF strict name match
gbif-2432335,Scotoecus hirundo,Scotoecus hirundo,Dark-winged Lesser House Bat,Mammals,species,"Uganda: Budongo FR, Busingiro. Historical occurrence records.",,GBIF strict name match
gbif-5218529,Scotophilus dinganii,Scotophilus dinganii,African Yellow House Bat,Mammals,species,"Uganda: Budongo FR, Kayonza FR, Kibale Forest NP, Masindi, Murchison Falls NP and other localities. Historical occurrence records.",,GBIF strict name match
gbif-5218536,Scotophilus leucogaster,Scotophilus leucogaster,Northern Lesser House Bat,Mammals,species,"Uganda: Bundibugyo, Toro-Semliki WR, Zoka FR, Zoka Forest Reserve. Historical occurrence records.",,GBIF strict name match
gbif-5218532,Scotophilus nigrita,Scotophilus nigrita,African Giant House Bat,Mammals,species,"Uganda: Budongo FR, Metu. Historical occurrence records.",,GBIF strict name match
gbif-5218537,Scotophilus nux,Scotophilus nux,Forest Brown House Bat,Mammals,species,"Uganda: Budongo FR, Bwindi Impenetrable NP, Kalinzu FR, Ntandi. Historical occurrence records.",,GBIF strict name match
gbif-10655884,Stenonycteris lanosus,Stenonycteris lanosus,African Long-haired Fruit Bat,Mammals,species,"Uganda: Bwindi Impenetrable NP, Mubuku Valley, Rwenzori Mountains NP, Rwenzori Mountaints NP. Historical occurrence records.",,GBIF strict name match
gbif-2438508,Stochomys longicaudatus,Stochomys longicaudatus,Long-tailed Forest Rat,Mammals,species,"Uganda: Itwara Forest Reserve, Semliki Forest NP. Historical occurrence records.",,GBIF strict name match
gbif-2441187,Sylvicapra grimmia,Sylvicapra grimmia,Common Duiker,Mammals,species,"Uganda: A101, A103B, A109, A109A, A110 and other localities. Historical occurrence records.",,GBIF strict name match
gbif-2435793,Sylvisorex granti,Sylvisorex granti,Least Long-tailed Forest Shrew,Mammals,species,"Uganda: Rwenzori Mountains NP, Rwenzori Mountaints NP, Toro-Semliki WR. Historical occurrence records.",,GBIF strict name match
gbif-2435802,Sylvisorex lunaris,Sylvisorex lunaris,Long-tailed Forest Shrew,Mammals,species,"Uganda: Rwenzori Mountains NP, Rwenzori Mountaints NP. Historical occurrence records.",,GBIF strict name match
gbif-2435804,Sylvisorex vulcanorum,Sylvisorex vulcanorum,Dwarf Forest Shrew,Mammals,species,"Uganda: Rwenzori Mountains NP, Rwenzori Mountaints NP. Historical occurrence records.",,GBIF strict name match
gbif-2441034,Syncerus caffer,Syncerus caffer,African Buffalo,Mammals,species,"Uganda: A101, B101, B103, Budongo Forest Reserve, C101 and other localities. Historical occurrence records.",,GBIF strict name match
gbif-2438336,Tachyoryctes ankoliae,Tachyoryctes ankoliae,Uganda Mole-rat,Mammals,species,Uganda: Kasyoha-Kitomi Forest Reserve. Historical occurrence records.,,GBIF strict name match
gbif-2438337,Tachyoryctes splendens,Tachyoryctes splendens,Rueppell's Mole-rat,Mammals,species,Uganda: Kasyoha-Kitomi Forest Reserve. Historical occurrence records.,,GBIF strict name match
gbif-5218741,Taphozous mauritianus,Taphozous mauritianus,Mauritian Tomb Bat,Mammals,species,"Uganda: Queen Elizabeth NP, Toro-Semliki WR. Historical occurrence records.",,GBIF strict name match
gbif-2439216,Taterillus emini,Taterillus emini,Emin's Gerbil,Mammals,species,"Uganda: Metu, Mt Otzi FR. Historical occurrence records.",,GBIF strict name match
gbif-2438822,Thamnomys venustus,Thamnomys venustus,Montane Forest Rat,Mammals,species,Uganda: Itwara Forest Reserve. Historical occurrence records.,,GBIF strict name match
gbif-2437635,Thryonomys gregorianus,Thryonomys gregorianus,Lesser Cane Rat,Mammals,species,"Uganda: Bwentale Ranger Post Area, Mt Kei FR, Murchison Falls NP, Semliki Forest NP, Zoka Forest Reserve. Historical occurrence records.",,GBIF strict name match
gbif-2437636,Thryonomys swinderianus,Thryonomys swinderianus,Common Cane Rat,Mammals,species,"Uganda: A106, A108, A109A, A110, A110A and other localities. Historical occurrence records.",,GBIF strict name match
gbif-5220182,Tragelaphus scriptus,Tragelaphus scriptus,Bushbuck,Mammals,species,"Uganda: A101, A110A, A111, A112, B101 and other localities. Historical occurrence records.",,GBIF strict name match
gbif-5220179,Tragelaphus spekii,Tragelaphus spekii,Sitatunga,Mammals,species,Uganda: A103B. Historical occurrence records.,,GBIF strict name match
gbif-8950740,Xerus erythropus,Xerus erythropus,Geoffrey's Ground Squirrel,Mammals,species,"Uganda: A102, A105, A106, A107, A108 and other localities. Historical occurrence records.",,GBIF strict name match
gbif-2129688,Mononychellus tanajoa,Mononychellus tanajoa,,Other invertebrates,species,Uganda. Listed as introduced or of uncertain origin.,Terrestrial,GBIF strict name match
gbif-2227300,Procambarus clarkii,Procambarus clarkii,,Other invertebrates,species,Uganda. Listed as introduced or of uncertain origin.,Freshwater,GBIF strict name match
gbif-2484825,Tchagra senegala,Tchagra senegala,Black-headed Tchagra,Other invertebrates,species,"Uganda: Ajai Wildlife Reserve, Ajai's Game Reserve, Bugungu Game Reserve, Butiaba, Era FR and other localities. Historical occurrence records.",,GBIF strict name match
gbif-2346633,Esox lucius,Esox lucius,,Other organisms,species,Uganda. Listed as introduced or of uncertain origin.,Freshwater|Brackish,GBIF strict name match
gbif-5204019,Oncorhynchus mykiss,Oncorhynchus mykiss,,Other organisms,species,Uganda. Listed as introduced or of uncertain origin.,Freshwater|Brackish,GBIF strict name match
gbif-4287144,Protopterus aethiopicus,Protopterus aethiopicus,,Other organisms,species,"Uganda: Hamukungu, Hamukungu Bay, Kanara, Kazinga Channel, Kibenga Breeding area and other localities. Historical occurrence records.",,GBIF strict name match
gbif-5427631,Yersinia pestis,Yersinia pestis,,Other organisms,species,Uganda. Listed as introduced or of uncertain origin.,Host,GBIF strict name match
gbif-2979775,Acacia mearnsii,Acacia mearnsii,,Plants,species,Uganda. Listed as introduced or of uncertain origin.,Terrestrial,GBIF strict name match
gbif-2979014,Acacia podalyriifolia,Acacia podalyriifolia,,Plants,species,Uganda. Listed as introduced or of uncertain origin.,Terrestrial,GBIF strict name match
gbif-3057361,Acalypha bipartita,Acalypha bipartita,,Plants,species,Uganda: Kasyoha-Kitomi Forest Reserve. Historical occurrence records.,,GBIF strict name match
gbif-3056092,Acalypha ornata,Acalypha ornata,,Plants,species,Recorded in Mukono forest reserve.,,GBIF strict name match
gbif-5574054,Acanthus arboreus,Acanthus arboreus,,Plants,species,Uganda: Kasyoha-Kitomi Forest Reserve. Historical occurrence records.,,GBIF strict name match
gbif-5573815,Acanthus montanus,Acanthus montanus,,Plants,species,Uganda: Rwenzori Mountains NP. Historical occurrence records.,,GBIF strict name match
gbif-3085168,Achyranthes aspera,Achyranthes aspera,,Plants,species,Uganda. Listed as introduced or of uncertain origin.,Terrestrial,GBIF strict name match
gbif-4139836,Acroceras gabunense,Acroceras gabunense,,Plants,species,Uganda: Ibanda Village. Historical occurrence records.,,GBIF strict name match
gbif-2951846,Adenanthera pavonina,Adenanthera pavonina,,Plants,species,Uganda. Listed as introduced or of uncertain origin.,Terrestrial,GBIF strict name match
gbif-3094604,Adenostemma viscosum,Adenostemma viscosum,,Plants,species,Uganda: Rwenzori Mountains NP. Historical occurrence records.,,GBIF strict name match
gbif-2651816,Adiantum capillus-veneris,Adiantum capillus-veneris,,Plants,species,Uganda: Rwenzori Mountains NP. Historical occurrence records.,,GBIF strict name match
gbif-2651833,Adiantum caudatum,Adiantum caudatum,,Plants,species,Uganda: Rwenzori Mountains NP. Historical occurrence records.,,GBIF strict name match
gbif-3835173,Aeglopsis eggelingii,Aeglopsis eggelingii,,Plants,species,Uganda: Kasyoha-Kitomi Forest Reserve. Historical occurrence records.,,GBIF strict name match
gbif-3634093,Afroligusticum runssoricum,Afroligusticum runssoricum,,Plants,species,"Uganda: River Mubuku Valley, Rwenzori Mountains NP. Historical occurrence records.",,GBIF strict name match
gbif-11122103,Afromorus mesozygia,Afromorus mesozygia,,Plants,species,Recorded in Mukono forest reserve.,,GBIF strict name match
gbif-3633918,Afrosciadium kerstenii,Afrosciadium kerstenii,,Plants,species,Uganda: Rwenzori Mountains NP. Historical occurrence records.,,GBIF strict name match
gbif-3633870,Afrosciadium nyassicum,Afrosciadium nyassicum,,Plants,species,Uganda: Rwenzori Mountains NP. Historical occurrence records.,,GBIF strict name match
gbif-5684694,Agarista salicifolia,Agarista salicifolia,,Plants,species,Uganda: Kasyoha-Kitomi Forest Reserve. Historical occurrence records.,,GBIF strict name match
gbif-2767031,Agave americana,Agave americana,,Plants,species,Uganda. Listed as introduced or of uncertain origin.,Terrestrial,GBIF strict name match
gbif-2766846,Agave angustifolia,Agave angustifolia,,Plants,species,Uganda. Listed as introduced or of uncertain origin.,Terrestrial,GBIF strict name match
gbif-2766636,Agave sisalana,Agave sisalana,,Plants,species,Uganda. Listed as introduced or of uncertain origin.,Terrestrial,GBIF strict name match
gbif-4003342,Agelanthus djurensis,Agelanthus djurensis,,Plants,species,Uganda: Ibanda Village. Historical occurrence records.,,GBIF strict name match
gbif-5401673,Ageratum conyzoides,Ageratum conyzoides,,Plants,species,Uganda: Ibanda Village. Historical occurrence records.,Terrestrial,GBIF strict name match
gbif-2919781,Aidia micrantha,Aidia micrantha,,Plants,species,"Uganda: Budongo Forest Reserve, Kasyoha-Kitomi Forest Reserve. Historical occurrence records.",,GBIF strict name match
gbif-7326263,Alangium chinense,Alangium chinense,,Plants,species,Uganda: Kasyoha-Kitomi Forest Reserve. Historical occurrence records.,,GBIF strict name match
gbif-2972915,Albizia adianthifolia,Albizia adianthifolia,,Plants,species,Uganda: Kasyoha-Kitomi Forest Reserve. Historical occurrence records.,,GBIF strict name match
gbif-2972898,Albizia coriaria,Albizia coriaria,,Plants,species,"Uganda: Kasyoha-Kitomi Forest Reserve, Kisangi Forest Reserve. Historical occurrence records.",,GBIF strict name match
gbif-2973196,Albizia ferruginea,Albizia ferruginea,,Plants,species,Uganda: Kasyoha-Kitomi Forest Reserve. Historical occurrence records.,,GBIF strict name match
gbif-2973105,Albizia glaberrima,Albizia glaberrima,,Plants,species,Uganda: Kasyoha-Kitomi Forest Reserve. Historical occurrence records.,,GBIF strict name match
gbif-2972995,Albizia grandibracteata,Albizia grandibracteata,,Plants,species,"Uganda: Kasyoha-Kitomi Forest Reserve, Kisangi Forest Reserve. Historical occurrence records.",,GBIF strict name match
gbif-8343428,Albizia gummifera,Albizia gummifera,,Plants,species,Uganda: Kasyoha-Kitomi Forest Reserve. Historical occurrence records.,,GBIF strict name match
gbif-2973146,Albizia isenbergiana,Albizia isenbergiana,,Plants,species,Uganda: Kasyoha-Kitomi Forest Reserve. Historical occurrence records.,,GBIF strict name match
gbif-2973215,Albizia lebbeck,Albizia lebbeck,,Plants,species,Uganda. Listed as introduced or of uncertain origin.,Terrestrial,GBIF strict name match
gbif-2973279,Albizia malacophylla,Albizia malacophylla,,Plants,species,Uganda: Kasyoha-Kitomi Forest Reserve. Historical occurrence records.,,GBIF strict name match
gbif-2973160,Albizia zygia,Albizia zygia,,Plants,species,"Uganda: Kasyoha-Kitomi Forest Reserve, Kisangi Forest Reserve. Historical occurrence records.",,GBIF strict name match
gbif-3027614,Alchemilla argyrophylla,Alchemilla argyrophylla,,Plants,species,Uganda: Rwenzori Mountains NP. Historical occurrence records.,,GBIF strict name match
gbif-3027938,Alchemilla cryptantha,Alchemilla cryptantha,,Plants,species,Uganda: Rwenzori Mountains NP. Historical occurrence records.,,GBIF strict name match
gbif-3028684,Alchemilla johnstonii,Alchemilla johnstonii,,Plants,species,Uganda: Rwenzori Mountains NP. Historical occurrence records.,,GBIF strict name match
gbif-3028065,Alchemilla kiwuensis,Alchemilla kiwuensis,,Plants,species,"Uganda: Ibanda Village, Mahoma Valley, Rwenzori Mountains NP. Historical occurrence records.",,GBIF strict name match
gbif-3027524,Alchemilla microbetula,Alchemilla microbetula,,Plants,species,Uganda: Rwenzori Mountains NP. Historical occurrence records.,,GBIF strict name match
gbif-3027837,Alchemilla roccatii,Alchemilla roccatii,,Plants,species,Uganda: Rwenzori Mountains NP. Historical occurrence records.,,GBIF strict name match
gbif-3027589,Alchemilla stuhlmannii,Alchemilla stuhlmannii,,Plants,species,Uganda: Rwenzori Mountains NP. Historical occurrence records.,,GBIF strict name match
gbif-3028903,Alchemilla triphylla,Alchemilla triphylla,,Plants,species,Uganda: Rwenzori Mountains NP. Historical occurrence records.,,GBIF strict name match
gbif-3055371,Alchornea cordifolia,Alchornea cordifolia,,Plants,species,Uganda: Kasyoha-Kitomi Forest Reserve. Historical occurrence records.,,GBIF strict name match
gbif-3055490,Alchornea floribunda,Alchornea floribunda,,Plants,species,Uganda: Kasyoha-Kitomi Forest Reserve. Historical occurrence records.,,GBIF strict name match
gbif-3055497,Alchornea hirtella,Alchornea hirtella,,Plants,species,Uganda: Kasyoha-Kitomi Forest Reserve. Historical occurrence records.,,GBIF strict name match
gbif-3055378,Alchornea laxiflora,Alchornea laxiflora,,Plants,species,"Uganda: Budongo Forest Reserve, Kasyoha-Kitomi Forest Reserve. Historical occurrence records.",,GBIF strict name match
gbif-5578024,Allophylus abyssinicus,Allophylus abyssinicus,,Plants,species,Uganda: Kasyoha-Kitomi Forest Reserve. Historical occurrence records.,,GBIF strict name match
gbif-7265050,Allophylus africanus,Allophylus africanus,,Plants,species,Uganda: Kasyoha-Kitomi Forest Reserve. Historical occurrence records.,,GBIF strict name match
gbif-5577640,Allophylus dummeri,Allophylus dummeri,,Plants,species,"Uganda: Budongo Forest Reserve, Kasyoha-Kitomi Forest Reserve, Kisangi Forest Reserve. Historical occurrence records.",,GBIF strict name match
gbif-7264958,Allophylus ferrugineus,Allophylus ferrugineus,,Plants,species,"Uganda: Kasyoha-Kitomi Forest Reserve, Kisangi Forest Reserve. Historical occurrence records.",,GBIF strict name match
gbif-5577082,Allophylus pseudopaniculatus,Allophylus pseudopaniculatus,,Plants,species,Uganda: Kasyoha-Kitomi Forest Reserve. Historical occurrence records.,,GBIF strict name match
gbif-5529694,Alsophila manniana,Alsophila manniana,,Plants,species,Uganda: Kasyoha-Kitomi Forest Reserve. Historical occurrence records.,,GBIF strict name match
gbif-5535759,Alstonia boonei,Alstonia boonei,,Plants,species,Recorded in Mukono forest reserve.,,GBIF strict name match
gbif-9306839,Aneilema aequinoctiale,Aneilema aequinoctiale,,Plants,species,Uganda: Rwenzori Mountains NP. Historical occurrence records.,,GBIF strict name match
gbif-2884207,Aningeria altissima,Aningeria altissima,,Plants,species,"Uganda: Budongo Forest Reserve, Kasyoha-Kitomi Forest Reserve. Historical occurrence records.",,GBIF strict name match
gbif-5407251,Annona senegalensis,Annona senegalensis,,Plants,species,Uganda: Budongo Forest Reserve. Historical occurrence records.,,GBIF strict name match
gbif-3083508,Anredera cordifolia,Anredera cordifolia,,Plants,species,Uganda. Listed as introduced or of uncertain origin.,Terrestrial,GBIF strict name match
gbif-4019317,Anthocleista grandiflora,Anthocleista grandiflora,,Plants,species,Uganda: Kasyoha-Kitomi Forest Reserve. Historical occurrence records.,,GBIF strict name match
gbif-4019021,Anthocleista schweinfurthii,Anthocleista schweinfurthii,,Plants,species,Uganda: Kasyoha-Kitomi Forest Reserve. Historical occurrence records.,,GBIF strict name match
gbif-4018973,Anthocleista vogelii,Anthocleista vogelii,,Plants,species,Uganda: Kasyoha-Kitomi Forest Reserve. Historical occurrence records.,,GBIF strict name match
gbif-2905100,Anthospermum herbaceum,Anthospermum herbaceum,,Plants,species,Uganda: Rwenzori Mountains NP. Historical occurrence records.,,GBIF strict name match
gbif-5371742,Anthriscus sylvestris,Anthriscus sylvestris,,Plants,species,Uganda: Rwenzori Mountains NP. Historical occurrence records.,,GBIF strict name match
gbif-7262663,Antiaris toxicaria,Antiaris toxicaria,,Plants,species,"Uganda: Budongo Forest Reserve, Kasyoha-Kitomi Forest Reserve, Kisangi Forest Reserve. Historical occurrence records.",,GBIF strict name match
gbif-3076773,Antidesma laciniatum,Antidesma laciniatum,,Plants,species,"Uganda: Budongo Forest Reserve, Kasyoha-Kitomi Forest Reserve. Historical occurrence records.",,GBIF strict name match
gbif-3076587,Antidesma membranaceum,Antidesma membranaceum,,Plants,species,Uganda: Kasyoha-Kitomi Forest Reserve. Historical occurrence records.,,GBIF strict name match
gbif-2889355,Antigonon leptopus,Antigonon leptopus,,Plants,species,Uganda. Listed as introduced or of uncertain origin.,Terrestrial,GBIF strict name match
gbif-3660638,Antrocaryon micraster,Antrocaryon micraster,,Plants,species,Uganda: Kasyoha-Kitomi Forest Reserve. Historical occurrence records.,,GBIF strict name match
gbif-9495242,Antrophyopsis manniana,Antrophyopsis manniana,,Plants,species,Uganda: Rwenzori Mountains NP. Historical occurrence records.,,GBIF strict name match
gbif-3597463,Apodytes dimidiata,Apodytes dimidiata,,Plants,species,"Uganda: Budongo Forest Reserve, Kasyoha-Kitomi Forest Reserve. Historical occurrence records.",,GBIF strict name match
gbif-5375020,Arabis alpina,Arabis alpina,,Plants,species,Uganda: Rwenzori Mountains NP. Historical occurrence records.,,GBIF strict name match
gbif-2888485,Argemone mexicana,Argemone mexicana,,Plants,species,Uganda. Listed as introduced or of uncertain origin.,Terrestrial,GBIF strict name match
gbif-2888490,Argemone ochroleuca,Argemone ochroleuca,,Plants,species,Uganda. Listed as introduced or of uncertain origin.,Terrestrial,GBIF strict name match
gbif-3074876,Argomuellera macrophylla,Argomuellera macrophylla,,Plants,species,"Uganda: Budongo Forest Reserve, Kasyoha-Kitomi Forest Reserve, Kisangi Forest Reserve, Rwenzori Mountains NP. Historical occurrence records.",,GBIF strict name match
gbif-2873993,Aristolochia littoralis,Aristolochia littoralis,,Plants,species,Uganda. Listed as introduced or of uncertain origin.,Terrestrial,GBIF strict name match
gbif-4196921,Arthropteris monocarpa,Arthropteris monocarpa,,Plants,species,Uganda: Rwenzori Mountains NP. Historical occurrence records.,,GBIF strict name match
gbif-8149551,Arthropteris orientalis,Arthropteris orientalis,,Plants,species,Uganda: Rwenzori Mountains NP. Historical occurrence records.,,GBIF strict name match
gbif-2984565,Artocarpus heterophyllus,Artocarpus heterophyllus,,Plants,species,Uganda. Listed as introduced or of uncertain origin.,Terrestrial,GBIF strict name match
gbif-2703041,Arundo donax,Arundo donax,,Plants,species,Uganda. Listed as introduced or of uncertain origin.,Terrestrial,GBIF strict name match
gbif-4258673,Asplenium abyssinicum,Asplenium abyssinicum,,Plants,species,Uganda: Rwenzori Mountains NP. Historical occurrence records.,,GBIF strict name match
gbif-9706735,Asplenium adiantum,Asplenium adiantum,,Plants,species,Uganda: Ibanda Village. Historical occurrence records.,,GBIF strict name match
gbif-7766718,Asplenium buettneri,Asplenium buettneri,,Plants,species,Uganda: Rwenzori Mountains NP. Historical occurrence records.,,GBIF strict name match
gbif-7310753,Asplenium dregeanum,Asplenium dregeanum,,Plants,species,Uganda: Rwenzori Mountains NP. Historical occurrence records.,,GBIF strict name match
gbif-4256657,Asplenium elliottii,Asplenium elliottii,,Plants,species,Uganda: Rwenzori Mountains NP. Historical occurrence records.,,GBIF strict name match
gbif-7704358,Asplenium erectum,Asplenium erectum,,Plants,species,Uganda: Rwenzori Mountains NP. Historical occurrence records.,,GBIF strict name match
gbif-8534798,Asplenium gueinzianum,Asplenium gueinzianum,,Plants,species,"Uganda: River Mubuku Valley, Rwenzori Mountains NP. Historical occurrence records.",,GBIF strict name match
gbif-4259090,Asplenium holstii,Asplenium holstii,,Plants,species,Uganda: Rwenzori Mountains NP. Historical occurrence records.,,GBIF strict name match
gbif-4258793,Asplenium hypomelas,Asplenium hypomelas,,Plants,species,Uganda: Rwenzori Mountains NP. Historical occurrence records.,,GBIF strict name match
gbif-4256802,Asplenium linckii,Asplenium linckii,,Plants,species,Uganda: Rwenzori Mountains NP. Historical occurrence records.,,GBIF strict name match
gbif-7417555,Asplenium mannii,Asplenium mannii,,Plants,species,Uganda: Rwenzori Mountains NP. Historical occurrence records.,,GBIF strict name match
gbif-4257705,Asplenium mildbraedii,Asplenium mildbraedii,,Plants,species,"Uganda: Mahoma Valley, Rwenzori Mountains NP. Historical occurrence records.",,GBIF strict name match
gbif-7785659,Asplenium protensum,Asplenium protensum,,Plants,species,Uganda: Mahoma Valley. Historical occurrence records.,,GBIF strict name match
gbif-4259074,Asplenium sertularioides,Asplenium sertularioides,,Plants,species,Uganda: Rwenzori Mountains NP. Historical occurrence records.,,GBIF strict name match
gbif-7562896,Asplenium setularioides,Asplenium setularioides,,Plants,species,Uganda: Rwenzori Mountains NP. Historical occurrence records.,,GBIF strict name match
gbif-4256822,Asplenium theciferum,Asplenium theciferum,,Plants,species,"Uganda: Mahoma Valley, Rwenzori Mountains NP. Historical occurrence records.",,GBIF strict name match
gbif-4259024,Asplenium uhligii,Asplenium uhligii,,Plants,species,Uganda: Rwenzori Mountains NP. Historical occurrence records.,,GBIF strict name match
gbif-9040661,Asplenium volkensii,Asplenium volkensii,,Plants,species,Uganda: Rwenzori Mountains NP. Historical occurrence records.,,GBIF strict name match
gbif-3037868,Astropanax barteri,Astropanax barteri,,Plants,species,Recorded in Mukono forest reserve.,,GBIF strict name match
gbif-7282135,Austrocylindropuntia subulata,Austrocylindropuntia subulata,,Plants,species,Uganda. Listed as introduced or of uncertain origin.,Terrestrial,GBIF strict name match
gbif-2705297,Avena fatua,Avena fatua,,Plants,species,Uganda. Listed as introduced or of uncertain origin.,Terrestrial,GBIF strict name match
gbif-2705286,Avena sterilis,Avena sterilis,,Plants,species,Uganda. Listed as introduced or of uncertain origin.,Terrestrial,GBIF strict name match
gbif-4149465,Avenella flexuosa,Avenella flexuosa,,Plants,species,Uganda: Rwenzori Mountains NP. Historical occurrence records.,,GBIF strict name match
gbif-3190474,Azadirachta indica,Azadirachta indica,,Plants,species,Uganda. Listed as introduced or of uncertain origin.,Terrestrial,GBIF strict name match
gbif-2650107,Azolla filiculoides,Azolla filiculoides,,Plants,species,Uganda. Listed as introduced or of uncertain origin.,Freshwater,GBIF strict name match
gbif-2943825,Baikiaea insignis,Baikiaea insignis,,Plants,species,Uganda: Kasyoha-Kitomi Forest Reserve. Historical occurrence records.,,GBIF strict name match
gbif-7309916,Balanites wilsoniana,Balanites wilsoniana,,Plants,species,Uganda: Kasyoha-Kitomi Forest Reserve. Historical occurrence records.,,GBIF strict name match
gbif-3833479,Balsamocitrus dawei,Balsamocitrus dawei,,Plants,species,Uganda: Kasyoha-Kitomi Forest Reserve. Historical occurrence records.,,GBIF strict name match
gbif-5352592,Baphia wollastonii,Baphia wollastonii,,Plants,species,"Uganda: Bwamba, Ibanda Village, Kasyoha-Kitomi Forest Reserve. Historical occurrence records.",,GBIF strict name match
gbif-2940428,Baphiopsis parviflora,Baphiopsis parviflora,,Plants,species,"Uganda: Kasyoha-Kitomi Forest Reserve, Kisangi Forest Reserve. Historical occurrence records.",,GBIF strict name match
gbif-7313504,Barteria nigritana,Barteria nigritana,,Plants,species,Uganda: Kasyoha-Kitomi Forest Reserve. Historical occurrence records.,,GBIF strict name match
gbif-2953715,Bauhinia monandra,Bauhinia monandra,,Plants,species,Uganda. Listed as introduced or of uncertain origin.,Terrestrial,GBIF strict name match
gbif-2953251,Bauhinia variegata,Bauhinia variegata,,Plants,species,Uganda. Listed as introduced or of uncertain origin.,Terrestrial,GBIF strict name match
gbif-4182723,Beilschmiedia ugandensis,Beilschmiedia ugandensis,,Plants,species,Uganda: Kasyoha-Kitomi Forest Reserve. Historical occurrence records.,,GBIF strict name match
gbif-2904531,Belonophora coffeoides,Belonophora coffeoides,,Plants,species,"Uganda: Budongo Forest Reserve, Kasyoha-Kitomi Forest Reserve. Historical occurrence records.",,GBIF strict name match
gbif-3845259,Bersama abyssinica,Bersama abyssinica,,Plants,species,"Uganda: Kasyoha-Kitomi Forest Reserve, Kisangi Forest Reserve. Historical occurrence records.",,GBIF strict name match
gbif-2908826,Bertiera racemosa,Bertiera racemosa,,Plants,species,Uganda: Kasyoha-Kitomi Forest Reserve. Historical occurrence records.,,GBIF strict name match
gbif-3974372,Biancaea decapetala,Biancaea decapetala,,Plants,species,Uganda. Listed as introduced or of uncertain origin.,Terrestrial,GBIF strict name match
gbif-5391845,Bidens pilosa,Bidens pilosa,,Plants,species,Uganda: Ibanda Village. Historical occurrence records.,Terrestrial,GBIF strict name match
gbif-3788159,Blighia unijugata,Blighia unijugata,,Plants,species,"Uganda: Kasyoha-Kitomi Forest Reserve, Kisangi Forest Reserve. Historical occurrence records.",,GBIF strict name match
gbif-3788154,Blighia welwitschii,Blighia welwitschii,,Plants,species,Uganda: Budongo Forest Reserve. Historical occurrence records.,,GBIF strict name match
gbif-4073599,Bombax buonopozense,Bombax buonopozense,,Plants,species,Uganda: Kasyoha-Kitomi Forest Reserve. Historical occurrence records.,,GBIF strict name match
gbif-3076302,Bridelia brideliifolia,Bridelia brideliifolia,,Plants,species,"Uganda: Budongo Forest Reserve, Kasyoha-Kitomi Forest Reserve. Historical occurrence records.",,GBIF strict name match
gbif-3076142,Bridelia micrantha,Bridelia micrantha,,Plants,species,"Uganda: Budongo Forest Reserve, Kasyoha-Kitomi Forest Reserve, Kisangi Forest Reserve. Historical occurrence records.",,GBIF strict name match
gbif-3076099,Bridelia scleroneura,Bridelia scleroneura,,Plants,species,"Uganda: Kasyoha-Kitomi Forest Reserve, Kisangi Forest Reserve. Historical occurrence records.",,GBIF strict name match
gbif-3778435,Brillantaisia cicatricosa,Brillantaisia cicatricosa,,Plants,species,Uganda: Kasyoha-Kitomi Forest Reserve. Historical occurrence records.,,GBIF strict name match
gbif-3778283,Brillantaisia owariensis,Brillantaisia owariensis,,Plants,species,Uganda: Rwenzori Mountains NP. Historical occurrence records.,,GBIF strict name match
gbif-4127409,Bromus leptoclados,Bromus leptoclados,,Plants,species,Uganda: Rwenzori Mountains NP. Historical occurrence records.,,GBIF strict name match
gbif-5361944,Broussonetia papyrifera,Broussonetia papyrifera,,Plants,species,Uganda. Listed as introduced or of uncertain origin.,Terrestrial,GBIF strict name match
gbif-5341758,Brugmansia suaveolens,Brugmansia suaveolens,,Plants,species,Uganda. Listed as introduced or of uncertain origin.,Terrestrial,GBIF strict name match
gbif-3173340,Buddleja madagascariensis,Buddleja madagascariensis,,Plants,species,Uganda. Listed as introduced or of uncertain origin.,Terrestrial,GBIF strict name match
gbif-5294346,Calamus deerratus,Calamus deerratus,,Plants,species,Recorded in Mukono forest reserve.,,GBIF strict name match
gbif-2982067,Calliandra houstoniana,Calliandra houstoniana,,Plants,species,Uganda. Listed as introduced or of uncertain origin.,Terrestrial,GBIF strict name match
gbif-5303420,Callisia repens,Callisia repens,,Plants,species,Uganda. Listed as introduced or of uncertain origin.,Terrestrial,GBIF strict name match
gbif-5372487,Callitriche stagnalis,Callitriche stagnalis,,Plants,species,"Uganda: River Mubuku Valley, Rwenzori Mountains NP. Historical occurrence records.",,GBIF strict name match
gbif-3878366,Caloncoba crepiniana,Caloncoba crepiniana,,Plants,species,Uganda: Kasyoha-Kitomi Forest Reserve. Historical occurrence records.,,GBIF strict name match
gbif-5414566,Calotropis procera,Calotropis procera,,Plants,species,Uganda. Listed as introduced or of uncertain origin.,Terrestrial,GBIF strict name match
gbif-3861095,Calvoa orientalis,Calvoa orientalis,,Plants,species,Uganda: Rwenzori Mountains NP. Historical occurrence records.,,GBIF strict name match
gbif-3189635,Camellia sinensis,Camellia sinensis,,Plants,species,Uganda. Listed as introduced or of uncertain origin.,Terrestrial,GBIF strict name match
gbif-3161923,Canarina eminii,Canarina eminii,,Plants,species,Uganda: Rwenzori Mountains NP. Historical occurrence records.,,GBIF strict name match
gbif-5421344,Canarium schweinfurthii,Canarium schweinfurthii,,Plants,species,Uganda: Kasyoha-Kitomi Forest Reserve. Historical occurrence records.,,GBIF strict name match
gbif-9442731,Canna generalis,Canna generalis,,Plants,species,Uganda. Listed as introduced or of uncertain origin.,Terrestrial,GBIF strict name match
gbif-8034409,Canna indica,Canna indica,,Plants,species,Uganda. Listed as introduced or of uncertain origin.,Terrestrial,GBIF strict name match
gbif-5602023,Capparis tomentosa,Capparis tomentosa,,Plants,species,Uganda: Kasyoha-Kitomi Forest Reserve. Historical occurrence records.,,GBIF strict name match
gbif-2932944,Capsicum annuum,Capsicum annuum,,Plants,species,Uganda. Listed as introduced or of uncertain origin.,Terrestrial,GBIF strict name match
gbif-8403992,Capsicum frutescens,Capsicum frutescens,,Plants,species,Uganda: Bwamba. Historical occurrence records.,,GBIF strict name match
gbif-3851350,Carapa procera,Carapa procera,,Plants,species,Uganda: Kasyoha-Kitomi Forest Reserve. Historical occurrence records.,,GBIF strict name match
gbif-3045681,Cardamine obliqua,Cardamine obliqua,,Plants,species,"Uganda: Mahoma Valley, River Mubuku Valley, Rwenzori Mountains NP. Historical occurrence records.",,GBIF strict name match
gbif-3189935,Cardiospermum grandiflorum,Cardiospermum grandiflorum,,Plants,species,Uganda: Ibanda Village. Historical occurrence records.,Terrestrial,GBIF strict name match
gbif-4049539,Carpolobia alba,Carpolobia alba,,Plants,species,Uganda: Kasyoha-Kitomi Forest Reserve. Historical occurrence records.,,GBIF strict name match
gbif-3169652,Cascabela thevetia,Cascabela thevetia,,Plants,species,Uganda. Listed as introduced or of uncertain origin.,Terrestrial,GBIF strict name match
gbif-7682619,Casearia battiscombei,Casearia battiscombei,,Plants,species,Uganda: Kasyoha-Kitomi Forest Reserve. Historical occurrence records.,,GBIF strict name match
gbif-8178090,Casearia runssorica,Casearia runssorica,,Plants,species,Uganda: Kasyoha-Kitomi Forest Reserve. Historical occurrence records.,,GBIF strict name match
gbif-7649706,Cassia mimosoides,Cassia mimosoides,,Plants,species,Uganda: Rwenzori Mountains NP. Historical occurrence records.,,GBIF strict name match
gbif-8429693,Cassipourea congoensis,Cassipourea congoensis,,Plants,species,Uganda: Kasyoha-Kitomi Forest Reserve. Historical occurrence records.,,GBIF strict name match
gbif-3873856,Cassipourea gummiflua,Cassipourea gummiflua,,Plants,species,Uganda: Kasyoha-Kitomi Forest Reserve. Historical occurrence records.,,GBIF strict name match
gbif-3874109,Cassipourea malosana,Cassipourea malosana,,Plants,species,Uganda: Kasyoha-Kitomi Forest Reserve. Historical occurrence records.,,GBIF strict name match
gbif-3874262,Cassipourea ruwensorensis,Cassipourea ruwensorensis,,Plants,species,"Uganda: Kasyoha-Kitomi Forest Reserve, Kisangi Forest Reserve. Historical occurrence records.",,GBIF strict name match
gbif-2891930,Casuarina equisetifolia,Casuarina equisetifolia,,Plants,species,Uganda. Listed as introduced or of uncertain origin.,Terrestrial,GBIF strict name match
gbif-3169830,Catharanthus roseus,Catharanthus roseus,,Plants,species,Uganda. Listed as introduced or of uncertain origin.,Terrestrial,GBIF strict name match
gbif-3190511,Cedrela odorata,Cedrela odorata,,Plants,species,Uganda. Listed as introduced or of uncertain origin.,Terrestrial,GBIF strict name match
gbif-5834428,Celtis africana,Celtis africana,,Plants,species,Uganda: Kasyoha-Kitomi Forest Reserve. Historical occurrence records.,,GBIF strict name match
gbif-4159937,Celtis gomphophylla,Celtis gomphophylla,,Plants,species,"Uganda: Budongo Forest Reserve, Kisangi Forest Reserve. Historical occurrence records.",,GBIF strict name match
gbif-4159999,Celtis mildbraedii,Celtis mildbraedii,,Plants,species,"Uganda: Budongo Forest Reserve, Kasyoha-Kitomi Forest Reserve. Historical occurrence records.",,GBIF strict name match
gbif-7303643,Celtis philippensis,Celtis philippensis,,Plants,species,"Uganda: Budongo Forest Reserve, Kasyoha-Kitomi Forest Reserve. Historical occurrence records.",,GBIF strict name match
gbif-4159774,Celtis zenkeri,Celtis zenkeri,,Plants,species,Uganda: Budongo Forest Reserve. Historical occurrence records.,,GBIF strict name match
gbif-3810614,Cerastium lanceolatum,Cerastium lanceolatum,,Plants,species,"Uganda: Mahoma Valley, Rwenzori Mountains NP. Historical occurrence records.",,GBIF strict name match
gbif-7783171,Cerastium octandrum,Cerastium octandrum,,Plants,species,Uganda: Rwenzori Mountains NP. Historical occurrence records.,,GBIF strict name match
gbif-7282182,Cereus jamacaru,Cereus jamacaru,,Plants,species,Uganda. Listed as introduced or of uncertain origin.,Terrestrial,GBIF strict name match
gbif-7300082,Cestrum laevigatum,Cestrum laevigatum,,Plants,species,Uganda. Listed as introduced or of uncertain origin.,Terrestrial,GBIF strict name match
gbif-2928791,Cestrum nocturnum,Cestrum nocturnum,,Plants,species,Uganda. Listed as introduced or of uncertain origin.,Terrestrial,GBIF strict name match
gbif-4159728,Chaetachme aristata,Chaetachme aristata,,Plants,species,Recorded in Mukono forest reserve.,,GBIF strict name match
gbif-2950286,Chamaecrista kirkii,Chamaecrista kirkii,,Plants,species,Uganda: Kasyoha-Kitomi Forest Reserve. Historical occurrence records.,,GBIF strict name match
gbif-2814889,Cheirostylis lepida,Cheirostylis lepida,,Plants,species,Uganda: Rwenzori Mountains NP. Historical occurrence records.,,GBIF strict name match
gbif-3087725,Chromolaena odorata,Chromolaena odorata,,Plants,species,Uganda. Listed as introduced or of uncertain origin.,Terrestrial,GBIF strict name match
gbif-3112801,Cirsium vulgare,Cirsium vulgare,,Plants,species,Uganda. Listed as introduced or of uncertain origin.,Terrestrial,GBIF strict name match
gbif-3833029,Citropsis articulata,Citropsis articulata,,Plants,species,Recorded in Mukono forest reserve.,,GBIF strict name match
gbif-11016483,Clausena anisata,Clausena anisata,,Plants,species,"Uganda: Budongo Forest Reserve, Kasyoha-Kitomi Forest Reserve. Historical occurrence records.",,GBIF strict name match
gbif-3153999,Cleistopholis patens,Cleistopholis patens,,Plants,species,Uganda: Budongo Forest Reserve. Historical occurrence records.,,GBIF strict name match
gbif-3928221,Clematis simensis,Clematis simensis,,Plants,species,Uganda: River Mubuku Valley. Historical occurrence records.,,GBIF strict name match
gbif-7849798,Clerodendrum myricoides,Clerodendrum myricoides,,Plants,species,Uganda: Kasyoha-Kitomi Forest Reserve. Historical occurrence records.,,GBIF strict name match
gbif-3889807,Clerodendrum schweinfurthii,Clerodendrum schweinfurthii,,Plants,species,Uganda: Kasyoha-Kitomi Forest Reserve. Historical occurrence records.,,GBIF strict name match
gbif-3885678,Clinopodium simense,Clinopodium simense,,Plants,species,Uganda: Rwenzori Mountains NP. Historical occurrence records.,,GBIF strict name match
gbif-3917675,Clutia abyssinica,Clutia abyssinica,,Plants,species,Uganda: Kasyoha-Kitomi Forest Reserve. Historical occurrence records.,,GBIF strict name match
gbif-3917547,Clutia kilimandscharica,Clutia kilimandscharica,,Plants,species,Uganda: Kasyoha-Kitomi Forest Reserve. Historical occurrence records.,,GBIF strict name match
gbif-3686473,Cnestis mildbraedii,Cnestis mildbraedii,,Plants,species,Uganda: Kasyoha-Kitomi Forest Reserve. Historical occurrence records.,,GBIF strict name match
gbif-2895528,Coffea canephora,Coffea canephora,,Plants,species,"Uganda: Kasyoha-Kitomi Forest Reserve, Kisangi Forest Reserve. Historical occurrence records.",,GBIF strict name match
gbif-2895439,Coffea eugenioides,Coffea eugenioides,,Plants,species,Uganda: Kasyoha-Kitomi Forest Reserve. Historical occurrence records.,,GBIF strict name match
gbif-2706301,Coix lacryma-jobi,Coix lacryma-jobi,,Plants,species,Uganda: Bwamba. Historical occurrence records.,,GBIF strict name match
gbif-7851510,Cola congolana,Cola congolana,,Plants,species,Uganda: Kasyoha-Kitomi Forest Reserve. Historical occurrence records.,,GBIF strict name match
gbif-7344948,Cola gigantea,Cola gigantea,,Plants,species,"Uganda: Budongo Forest Reserve, Kasyoha-Kitomi Forest Reserve, Kisangi Forest Reserve. Historical occurrence records.",,GBIF strict name match
gbif-2956458,Colutea abyssinica,Colutea abyssinica,,Plants,species,Uganda: Kasyoha-Kitomi Forest Reserve. Historical occurrence records.,,GBIF strict name match
gbif-3699477,Combretum collinum,Combretum collinum,,Plants,species,Uganda: Budongo Forest Reserve. Historical occurrence records.,,GBIF strict name match
gbif-7961582,Combretum molle,Combretum molle,,Plants,species,"Uganda: Kasyoha-Kitomi Forest Reserve, Kisangi Forest Reserve. Historical occurrence records.",,GBIF strict name match
gbif-2763987,Commelina africana,Commelina africana,,Plants,species,Uganda: Rwenzori Mountains NP. Historical occurrence records.,,GBIF strict name match
gbif-3749737,Coniogramme africana,Coniogramme africana,,Plants,species,Uganda: Rwenzori Mountains NP. Historical occurrence records.,,GBIF strict name match
gbif-3686606,Connarus longistipitatus,Connarus longistipitatus,,Plants,species,Uganda: Kasyoha-Kitomi Forest Reserve. Historical occurrence records.,,GBIF strict name match
gbif-2928390,Convolvulus arvensis,Convolvulus arvensis,,Plants,species,Uganda. Listed as introduced or of uncertain origin.,Terrestrial,GBIF strict name match
gbif-3679569,Convolvulus farinosus,Convolvulus farinosus,,Plants,species,Uganda: Ibanda Village. Historical occurrence records.,,GBIF strict name match
gbif-5660325,Cordia africana,Cordia africana,,Plants,species,"Uganda: Budongo Forest Reserve, Ibanda Village, Kasyoha-Kitomi Forest Reserve, Kisangi Forest Reserve. Historical occurrence records.",,GBIF strict name match
gbif-5661472,Cordia millenii,Cordia millenii,,Plants,species,"Uganda: Budongo Forest Reserve, Kasyoha-Kitomi Forest Reserve, Kisangi Forest Reserve. Historical occurrence records.",,GBIF strict name match
gbif-3663238,Cornus volkensii,Cornus volkensii,,Plants,species,Uganda: Rwenzori Mountains NP. Historical occurrence records.,,GBIF strict name match
gbif-2944949,Craibia brownii,Craibia brownii,,Plants,species,Uganda: Kasyoha-Kitomi Forest Reserve. Historical occurrence records.,,GBIF strict name match
gbif-3115443,Crassocephalum crepidioides,Crassocephalum crepidioides,,Plants,species,Uganda: Ibanda Village. Historical occurrence records.,,GBIF strict name match
gbif-3115449,Crassocephalum ducis-aprutii,Crassocephalum ducis-aprutii,,Plants,species,Uganda: Rwenzori Mountains NP. Historical occurrence records.,,GBIF strict name match
gbif-3115422,Crassocephalum montuosum,Crassocephalum montuosum,,Plants,species,"Uganda: Bwamba, Ibanda Village, Kasyoha-Kitomi Forest Reserve, River Mubuku Valley. Historical occurrence records.",,GBIF strict name match
gbif-5689727,Crassula alsinoides,Crassula alsinoides,,Plants,species,Uganda: Rwenzori Mountains NP. Historical occurrence records.,,GBIF strict name match
gbif-2900772,Craterispermum schweinfurthii,Craterispermum schweinfurthii,,Plants,species,Uganda: Kasyoha-Kitomi Forest Reserve. Historical occurrence records.,,GBIF strict name match
gbif-3569585,Craterosiphon beniensis,Craterosiphon beniensis,,Plants,species,Uganda: Kasyoha-Kitomi Forest Reserve. Historical occurrence records.,,GBIF strict name match
gbif-3608353,Crepidomanes melanotrichum,Crepidomanes melanotrichum,,Plants,species,Uganda: Rwenzori Mountains NP. Historical occurrence records.,,GBIF strict name match
gbif-2941976,Crotalaria alata,Crotalaria alata,,Plants,species,Uganda: Ibanda Village. Historical occurrence records.,,GBIF strict name match
gbif-2942628,Crotalaria cleomifolia,Crotalaria cleomifolia,,Plants,species,Uganda: Ibanda Village. Historical occurrence records.,,GBIF strict name match
gbif-2942246,Crotalaria deserticola,Crotalaria deserticola,,Plants,species,Uganda: Ibanda Village. Historical occurrence records.,,GBIF strict name match
gbif-2941865,Crotalaria natalitia,Crotalaria natalitia,,Plants,species,Uganda: Ibanda Village. Historical occurrence records.,,GBIF strict name match
gbif-2942274,Crotalaria recta,Crotalaria recta,,Plants,species,Uganda: Rwenzori Mountains NP. Historical occurrence records.,,GBIF strict name match
gbif-3059413,Croton macrostachyus,Croton macrostachyus,,Plants,species,"Uganda: Budongo Forest Reserve, Kasyoha-Kitomi Forest Reserve, Kisangi Forest Reserve. Historical occurrence records.",,GBIF strict name match
gbif-3059962,Croton megalocarpus,Croton megalocarpus,,Plants,species,"Uganda: Budongo Forest Reserve, Kasyoha-Kitomi Forest Reserve. Historical occurrence records.",,GBIF strict name match
gbif-3058910,Croton sylvaticus,Croton sylvaticus,,Plants,species,"Uganda: Budongo Forest Reserve, Kasyoha-Kitomi Forest Reserve. Historical occurrence records.",,GBIF strict name match
gbif-3632033,Cryptotaenia africana,Cryptotaenia africana,,Plants,species,Uganda: Rwenzori Mountains NP. Historical occurrence records.,,GBIF strict name match
gbif-3624911,Cucumis oreosyce,Cucumis oreosyce,,Plants,species,Uganda: Rwenzori Mountains NP. Historical occurrence records.,,GBIF strict name match
gbif-3610757,Cuscuta campestris,Cuscuta campestris,,Plants,species,Uganda. Listed as introduced or of uncertain origin.,Terrestrial,GBIF strict name match
gbif-3727296,Cycnium herzfeldianum,Cycnium herzfeldianum,,Plants,species,Uganda: Ibanda Village. Historical occurrence records.,,GBIF strict name match
gbif-2705267,Cymbopogon nardus,Cymbopogon nardus,,Plants,species,Uganda: Ibanda Village. Historical occurrence records.,Terrestrial,GBIF strict name match
gbif-6109637,Cynodon dactylon,Cynodon dactylon,,Plants,species,Uganda. Listed as introduced or of uncertain origin.,Terrestrial,GBIF strict name match
gbif-2966811,Cynometra alexandri,Cynometra alexandri,,Plants,species,"Uganda: Budongo Forest Reserve, Kasyoha-Kitomi Forest Reserve, Kisangi Forest Reserve. Historical occurrence records.",,GBIF strict name match
gbif-2781491,Cynorkis anacamptoides,Cynorkis anacamptoides,,Plants,species,Uganda: Rwenzori Mountains NP. Historical occurrence records.,,GBIF strict name match
gbif-2968587,Dalbergia lactea,Dalbergia lactea,,Plants,species,Uganda: Kasyoha-Kitomi Forest Reserve. Historical occurrence records.,,GBIF strict name match
gbif-8071523,Dasylepis eggelingii,Dasylepis eggelingii,,Plants,species,"Uganda: Kasyoha-Kitomi Forest Reserve, Kisangi Forest Reserve. Historical occurrence records.",,GBIF strict name match
gbif-2928755,Datura innoxia,Datura innoxia,,Plants,species,Uganda. Listed as introduced or of uncertain origin.,Terrestrial,GBIF strict name match
gbif-2928738,Datura quercifolia,Datura quercifolia,,Plants,species,Uganda. Listed as introduced or of uncertain origin.,Terrestrial,GBIF strict name match
gbif-2928751,Datura stramonium,Datura stramonium,,Plants,species,Uganda. Listed as introduced or of uncertain origin.,Terrestrial,GBIF strict name match
gbif-2956176,Delonix regia,Delonix regia,,Plants,species,Uganda. Listed as introduced or of uncertain origin.,Terrestrial,GBIF strict name match
gbif-3118068,Dendrosenecio johnstonii,Dendrosenecio johnstonii,,Plants,species,Uganda: Rwenzori Mountains NP. Historical occurrence records.,,GBIF strict name match
gbif-8059811,Deschampsia cespitosa,Deschampsia cespitosa,,Plants,species,Uganda: Rwenzori Mountains NP. Historical occurrence records.,,GBIF strict name match
gbif-4259320,Desplatsia dewevrei,Desplatsia dewevrei,,Plants,species,Uganda: Budongo Forest Reserve. Historical occurrence records.,,GBIF strict name match
gbif-9216156,Dichaetanthera corymbosa,Dichaetanthera corymbosa,,Plants,species,"Uganda: Kasyoha-Kitomi Forest Reserve, Rwenzori Mountains NP. Historical occurrence records.",,GBIF strict name match
gbif-2928667,Dichondra repens,Dichondra repens,,Plants,species,Uganda: Ibanda Village. Historical occurrence records.,,GBIF strict name match
gbif-3115588,Dichrocephala integrifolia,Dichrocephala integrifolia,,Plants,species,"Uganda: Mahoma Valley, Rwenzori Mountains NP. Historical occurrence records.",,GBIF strict name match
gbif-2975891,Dichrostachys cinerea,Dichrostachys cinerea,,Plants,species,Uganda: Kasyoha-Kitomi Forest Reserve. Historical occurrence records.,,GBIF strict name match
gbif-4047017,Didymochlaena truncatula,Didymochlaena truncatula,,Plants,species,Uganda: Rwenzori Mountains NP. Historical occurrence records.,,GBIF strict name match
gbif-6056984,Diospyros abyssinica,Diospyros abyssinica,,Plants,species,"Uganda: Kasyoha-Kitomi Forest Reserve, Kisangi Forest Reserve. Historical occurrence records.",,GBIF strict name match
gbif-3070656,Discoclaoxylon hexandrum,Discoclaoxylon hexandrum,,Plants,species,Uganda: Kasyoha-Kitomi Forest Reserve. Historical occurrence records.,,GBIF strict name match
gbif-5580905,Discopodium penninervium,Discopodium penninervium,,Plants,species,Uganda: Kasyoha-Kitomi Forest Reserve. Historical occurrence records.,,GBIF strict name match
gbif-5421144,Dodonaea viscosa,Dodonaea viscosa,,Plants,species,Uganda: Kasyoha-Kitomi Forest Reserve. Historical occurrence records.,Terrestrial,GBIF strict name match
gbif-5830619,Dolichandra unguis-cati,Dolichandra unguis-cati,,Plants,species,Uganda. Listed as introduced or of uncertain origin.,Terrestrial,GBIF strict name match
gbif-3845474,Dolichopentas longiflora,Dolichopentas longiflora,,Plants,species,Uganda: Rwenzori Mountains NP. Historical occurrence records.,,GBIF strict name match
gbif-5406689,Dombeya burgessiae,Dombeya burgessiae,,Plants,species,Uganda: Ibanda Village. Historical occurrence records.,,GBIF strict name match
gbif-5547566,Dombeya kirkii,Dombeya kirkii,,Plants,species,"Uganda: Kasyoha-Kitomi Forest Reserve, Kisangi Forest Reserve. Historical occurrence records.",,GBIF strict name match
gbif-2874133,Dovyalis abyssinica,Dovyalis abyssinica,,Plants,species,Uganda: Kasyoha-Kitomi Forest Reserve. Historical occurrence records.,,GBIF strict name match
gbif-2874131,Dovyalis caffra,Dovyalis caffra,,Plants,species,Uganda. Listed as introduced or of uncertain origin.,Terrestrial,GBIF strict name match
gbif-3880394,Dovyalis macrocalyx,Dovyalis macrocalyx,,Plants,species,"Uganda: Budongo Forest Reserve, Kasyoha-Kitomi Forest Reserve, Kisangi Forest Reserve. Historical occurrence records.",,GBIF strict name match
gbif-5304583,Dracaena fragrans,Dracaena fragrans,,Plants,species,Uganda: Kasyoha-Kitomi Forest Reserve. Historical occurrence records.,,GBIF strict name match
gbif-5304533,Dracaena laxissima,Dracaena laxissima,,Plants,species,Uganda: Kasyoha-Kitomi Forest Reserve. Historical occurrence records.,,GBIF strict name match
gbif-5304645,Dracaena steudneri,Dracaena steudneri,,Plants,species,Uganda: Kasyoha-Kitomi Forest Reserve. Historical occurrence records.,,GBIF strict name match
gbif-5384509,Drymaria cordata,Drymaria cordata,,Plants,species,Uganda: Rwenzori Mountains NP. Historical occurrence records.,,GBIF strict name match
gbif-3075865,Drypetes gerrardii,Drypetes gerrardii,,Plants,species,Uganda: Kasyoha-Kitomi Forest Reserve. Historical occurrence records.,,GBIF strict name match
gbif-3076017,Drypetes ugandensis,Drypetes ugandensis,,Plants,species,"Uganda: Budongo Forest Reserve, Kasyoha-Kitomi Forest Reserve. Historical occurrence records.",,GBIF strict name match
gbif-2955820,Dumasia villosa,Dumasia villosa,,Plants,species,Uganda: Rwenzori Mountains NP. Historical occurrence records.,,GBIF strict name match
gbif-2925655,Duranta erecta,Duranta erecta,,Plants,species,Uganda. Listed as introduced or of uncertain origin.,Terrestrial,GBIF strict name match
gbif-4066843,Ehretia cymosa,Ehretia cymosa,,Plants,species,"Uganda: Budongo Forest Reserve, Kasyoha-Kitomi Forest Reserve. Historical occurrence records.",,GBIF strict name match
gbif-3851310,Ekebergia capensis,Ekebergia capensis,,Plants,species,Uganda: Kasyoha-Kitomi Forest Reserve. Historical occurrence records.,,GBIF strict name match
gbif-2731882,Elaeis guineensis,Elaeis guineensis,,Plants,species,Uganda. Listed as introduced or of uncertain origin.,Terrestrial,GBIF strict name match
gbif-3792154,Elaeodendron buchananii,Elaeodendron buchananii,,Plants,species,Uganda: Kasyoha-Kitomi Forest Reserve. Historical occurrence records.,,GBIF strict name match
gbif-7288731,Elaphoglossum aubertii,Elaphoglossum aubertii,,Plants,species,Uganda: Rwenzori Mountains NP. Historical occurrence records.,,GBIF strict name match
gbif-4011782,Elaphoglossum deckenii,Elaphoglossum deckenii,,Plants,species,Uganda: Rwenzori Mountains NP. Historical occurrence records.,,GBIF strict name match
gbif-7675057,Elaphoglossum hybridum,Elaphoglossum hybridum,,Plants,species,Uganda: Rwenzori Mountains NP. Historical occurrence records.,,GBIF strict name match
gbif-4012048,Elaphoglossum lastii,Elaphoglossum lastii,,Plants,species,Uganda: Rwenzori Mountains NP. Historical occurrence records.,,GBIF strict name match
gbif-2705953,Eleusine indica,Eleusine indica,,Plants,species,Uganda: Bwamba. Historical occurrence records.,,GBIF strict name match
gbif-5329263,Elodea densa,Elodea densa,,Plants,species,Uganda. Listed as introduced or of uncertain origin.,Freshwater,GBIF strict name match
gbif-2683713,Encephalartos hildebrandtii,Encephalartos hildebrandtii,,Plants,species,Uganda: Kasyoha-Kitomi Forest Reserve. Historical occurrence records.,,GBIF strict name match
gbif-2888115,Englerophytum oblanceolatum,Englerophytum oblanceolatum,,Plants,species,"Uganda: Budongo Forest Reserve, Kasyoha-Kitomi Forest Reserve. Historical occurrence records.",,GBIF strict name match
gbif-2763050,Ensete ventricosum,Ensete ventricosum,,Plants,species,Uganda: Kasyoha-Kitomi Forest Reserve. Historical occurrence records.,,GBIF strict name match
gbif-2976190,Entada abyssinica,Entada abyssinica,,Plants,species,Recorded in Mukono forest reserve.,,GBIF strict name match
gbif-3851018,Entandrophragma angolense,Entandrophragma angolense,,Plants,species,Uganda: Budongo Forest Reserve. Historical occurrence records.,,GBIF strict name match
gbif-3850935,Entandrophragma cylindricum,Entandrophragma cylindricum,,Plants,species,Uganda: Budongo Forest Reserve. Historical occurrence records.,,GBIF strict name match
gbif-3850731,Entandrophragma utile,Entandrophragma utile,,Plants,species,Uganda: Budongo Forest Reserve. Historical occurrence records.,,GBIF strict name match
gbif-4144881,Eragrostis macilenta,Eragrostis macilenta,,Plants,species,Uganda: Ibanda Village. Historical occurrence records.,,GBIF strict name match
gbif-2705397,Eragrostis tenuifolia,Eragrostis tenuifolia,,Plants,species,Uganda: Ibanda Village. Historical occurrence records.,,GBIF strict name match
gbif-5684547,Erica kingaensis,Erica kingaensis,,Plants,species,Uganda: Rwenzori Mountains NP. Historical occurrence records.,,GBIF strict name match
gbif-7328587,Erica mannii,Erica mannii,,Plants,species,"Uganda: River Mubuku Valley, Rwenzori Mountains NP. Historical occurrence records.",,GBIF strict name match
gbif-7327817,Erica trimera,Erica trimera,,Plants,species,Uganda: Rwenzori Mountains NP. Historical occurrence records.,,GBIF strict name match
gbif-3147018,Erigeron floribundus,Erigeron floribundus,,Plants,species,Uganda: Ibanda Village. Historical occurrence records.,,GBIF strict name match
gbif-7659098,Erythrina abyssinica,Erythrina abyssinica,,Plants,species,"Uganda: Budongo Forest Reserve, Ibanda Village, Kisangi Forest Reserve. Historical occurrence records.",,GBIF strict name match
gbif-5349558,Erythrina excelsa,Erythrina excelsa,,Plants,species,Recorded in Mukono forest reserve.,,GBIF strict name match
gbif-3054636,Erythrococca bongensis,Erythrococca bongensis,,Plants,species,Uganda: Kisangi Forest Reserve. Historical occurrence records.,,GBIF strict name match
gbif-2971196,Erythrophleum suaveolens,Erythrophleum suaveolens,,Plants,species,Uganda: Budongo Forest Reserve. Historical occurrence records.,,GBIF strict name match
gbif-3694349,Erythroxylum fischeri,Erythroxylum fischeri,,Plants,species,Uganda: Kisangi Forest Reserve. Historical occurrence records.,,GBIF strict name match
gbif-3873117,Euadenia eminens,Euadenia eminens,,Plants,species,Uganda: Budongo Forest Reserve. Historical occurrence records.,,GBIF strict name match
gbif-5662686,Euclea divinorum,Euclea divinorum,,Plants,species,Uganda: Kisangi Forest Reserve. Historical occurrence records.,,GBIF strict name match
gbif-7414233,Euclea racemosa,Euclea racemosa,,Plants,species,Uganda: Kisangi Forest Reserve. Historical occurrence records.,,GBIF strict name match
gbif-5416352,Eugenia bukobensis,Eugenia bukobensis,,Plants,species,Recorded in Mukono forest reserve.,,GBIF strict name match
gbif-5311707,Eulophia streptopetala,Eulophia streptopetala,,Plants,species,Uganda: Ibanda Village. Historical occurrence records.,,GBIF strict name match
gbif-3068005,Euphorbia bwambensis,Euphorbia bwambensis,,Plants,species,Uganda: Semliki Forest NP. Historical occurrence records.,,GBIF strict name match
gbif-8462783,Euphorbia candelabrum,Euphorbia candelabrum,,Plants,species,Uganda: Kisangi Forest Reserve. Historical occurrence records.,Terrestrial,GBIF strict name match
gbif-3069033,Euphorbia dawei,Euphorbia dawei,,Plants,species,Uganda: Kisangi Forest Reserve. Historical occurrence records.,,GBIF strict name match
gbif-3069665,Euphorbia drupifera,Euphorbia drupifera,,Plants,species,Recorded in Mukono forest reserve.,,GBIF strict name match
gbif-3068937,Euphorbia hirta,Euphorbia hirta,,Plants,species,Uganda: Bwamba. Historical occurrence records.,,GBIF strict name match
gbif-3065210,Euphorbia teke,Euphorbia teke,,Plants,species,"Uganda: Budongo Forest Reserve, Kisangi Forest Reserve. Historical occurrence records.",,GBIF strict name match
gbif-3069353,Euphorbia tirucalli,Euphorbia tirucalli,,Plants,species,Uganda. Listed as introduced or of uncertain origin.,Terrestrial,GBIF strict name match
gbif-5394961,Euryops chrysanthemoides,Euryops chrysanthemoides,,Plants,species,Uganda. Listed as introduced or of uncertain origin.,Terrestrial,GBIF strict name match
gbif-3835869,Fagaropsis angolensis,Fagaropsis angolensis,,Plants,species,Uganda: Budongo Forest Reserve. Historical occurrence records.,,GBIF strict name match
gbif-4122231,Festuca abyssinica,Festuca abyssinica,,Plants,species,Uganda: Rwenzori Mountains NP. Historical occurrence records.,,GBIF strict name match
gbif-3591662,Ficalhoa laurifolia,Ficalhoa laurifolia,,Plants,species,Uganda: Rwenzori Mountains NP. Historical occurrence records.,,GBIF strict name match
gbif-5571887,Ficus asperifolia,Ficus asperifolia,,Plants,species,Recorded in Mukono forest reserve.,,GBIF strict name match
gbif-7262354,Ficus cyathistipula,Ficus cyathistipula,,Plants,species,Recorded in Mukono forest reserve.,,GBIF strict name match
gbif-5572427,Ficus dicranostyla,Ficus dicranostyla,,Plants,species,Recorded in Mukono forest reserve.,,GBIF strict name match
gbif-7687857,Ficus exasperata,Ficus exasperata,,Plants,species,"Uganda: Budongo Forest Reserve, Kisangi Forest Reserve. Historical occurrence records.",,GBIF strict name match
gbif-7262795,Ficus lingua,Ficus lingua,,Plants,species,Uganda: Budongo Forest Reserve. Historical occurrence records.,,GBIF strict name match
gbif-5570950,Ficus mucuso,Ficus mucuso,,Plants,species,"Uganda: Budongo Forest Reserve, Kisangi Forest Reserve. Historical occurrence records.",,GBIF strict name match
gbif-6358688,Ficus natalensis,Ficus natalensis,,Plants,species,"Uganda: Budongo Forest Reserve, Kisangi Forest Reserve. Historical occurrence records.",,GBIF strict name match
gbif-8978837,Ficus ovata,Ficus ovata,,Plants,species,Uganda: Kisangi Forest Reserve. Historical occurrence records.,,GBIF strict name match
gbif-5572016,Ficus pseudomangifera,Ficus pseudomangifera,,Plants,species,Recorded in Mukono forest reserve.,,GBIF strict name match
gbif-7262605,Ficus sansibarica,Ficus sansibarica,,Plants,species,Uganda: Kisangi Forest Reserve. Historical occurrence records.,,GBIF strict name match
gbif-9186600,Ficus saussureana,Ficus saussureana,,Plants,species,"Uganda: Budongo Forest Reserve, Kisangi Forest Reserve. Historical occurrence records.",,GBIF strict name match
gbif-5569827,Ficus sur,Ficus sur,,Plants,species,"Uganda: Budongo Forest Reserve, Kisangi Forest Reserve. Historical occurrence records.",,GBIF strict name match
gbif-5361900,Ficus thonningii,Ficus thonningii,,Plants,species,Uganda: Kisangi Forest Reserve. Historical occurrence records.,,GBIF strict name match
gbif-5572235,Ficus trichopoda,Ficus trichopoda,,Plants,species,Uganda: Budongo Forest Reserve. Historical occurrence records.,,GBIF strict name match
gbif-5571789,Ficus vallis-choudae,Ficus vallis-choudae,,Plants,species,Uganda: Kisangi Forest Reserve. Historical occurrence records.,,GBIF strict name match
gbif-5571767,Ficus variifolia,Ficus variifolia,,Plants,species,"Uganda: Budongo Forest Reserve, Kisangi Forest Reserve. Historical occurrence records.",,GBIF strict name match
gbif-5382823,Flueggea virosa,Flueggea virosa,,Plants,species,Uganda: Kisangi Forest Reserve. Historical occurrence records.,,GBIF strict name match
gbif-3169842,Funtumia africana,Funtumia africana,,Plants,species,Recorded in Mukono forest reserve.,,GBIF strict name match
gbif-2769796,Furcraea foetida,Furcraea foetida,,Plants,species,Uganda. Listed as introduced or of uncertain origin.,Terrestrial,GBIF strict name match
gbif-2914983,Galium chloroionanthum,Galium chloroionanthum,,Plants,species,"Uganda: Mahoma Valley, Rwenzori Mountains NP. Historical occurrence records.",,GBIF strict name match
gbif-2913304,Galium ruwenzoriense,Galium ruwenzoriense,,Plants,species,"Uganda: River Mubuku Valley, Rwenzori Mountains NP. Historical occurrence records.",,GBIF strict name match
gbif-2885630,Gambeya albida,Gambeya albida,,Plants,species,"Uganda: Budongo Forest Reserve, Kasyoha-Kitomi Forest Reserve, Kisangi Forest Reserve. Historical occurrence records.",,GBIF strict name match
gbif-2885741,Gambeya beguei,Gambeya beguei,,Plants,species,Uganda: Kasyoha-Kitomi Forest Reserve. Historical occurrence records.,,GBIF strict name match
gbif-2885906,Gambeya gorungosana,Gambeya gorungosana,,Plants,species,"Uganda: Budongo Forest Reserve, Kasyoha-Kitomi Forest Reserve. Historical occurrence records.",,GBIF strict name match
gbif-2885583,Gambeya muerensis,Gambeya muerensis,,Plants,species,"Uganda: Budongo Forest Reserve, Kasyoha-Kitomi Forest Reserve. Historical occurrence records.",,GBIF strict name match
gbif-2885935,Gambeya perpulchra,Gambeya perpulchra,,Plants,species,Uganda: Budongo Forest Reserve. Historical occurrence records.,,GBIF strict name match
gbif-5334974,Gardenia ternifolia,Gardenia ternifolia,,Plants,species,Uganda: Kisangi Forest Reserve. Historical occurrence records.,,GBIF strict name match
gbif-2890500,Geranium aculeolatum,Geranium aculeolatum,,Plants,species,Uganda: Rwenzori Mountains NP. Historical occurrence records.,,GBIF strict name match
gbif-2890772,Geranium arabicum,Geranium arabicum,,Plants,species,"Uganda: River Mubuku Valley, Rwenzori Mountains NP. Historical occurrence records.",,GBIF strict name match
gbif-7486130,Geranium simense,Geranium simense,,Plants,species,Uganda: Rwenzori Mountains NP. Historical occurrence records.,,GBIF strict name match
gbif-5706200,Glyphaea brevis,Glyphaea brevis,,Plants,species,"Uganda: Budongo Forest Reserve, Kisangi Forest Reserve. Historical occurrence records.",,GBIF strict name match
gbif-3156191,Greenwayodendron suaveolens,Greenwayodendron suaveolens,,Plants,species,Uganda: Budongo Forest Reserve. Historical occurrence records.,,GBIF strict name match
gbif-2891791,Grevillea robusta,Grevillea robusta,,Plants,species,Uganda. Listed as introduced or of uncertain origin.,Terrestrial,GBIF strict name match
gbif-4261595,Grewia mollis,Grewia mollis,,Plants,species,Uganda: Kisangi Forest Reserve. Historical occurrence records.,,GBIF strict name match
gbif-4259969,Grewia trichocarpa,Grewia trichocarpa,,Plants,species,Recorded in Mukono forest reserve.,,GBIF strict name match
gbif-3130899,Gymnanthemum amygdalinum,Gymnanthemum amygdalinum,,Plants,species,Uganda: Kisangi Forest Reserve. Historical occurrence records.,,GBIF strict name match
gbif-4214031,Gymnanthemum auriculiferum,Gymnanthemum auriculiferum,,Plants,species,Recorded in Mukono forest reserve.,,GBIF strict name match
gbif-3791985,Gymnosporia acuminata,Gymnosporia acuminata,,Plants,species,Uganda: Rwenzori Mountains NP. Historical occurrence records.,,GBIF strict name match
gbif-9263987,Gymnosporia gracilipes,Gymnosporia gracilipes,,Plants,species,Recorded in Mukono forest reserve.,,GBIF strict name match
gbif-3793847,Gymnosporia senegalensis,Gymnosporia senegalensis,,Plants,species,Uganda: Kisangi Forest Reserve. Historical occurrence records.,,GBIF strict name match
gbif-3793673,Gymnosporia undata,Gymnosporia undata,,Plants,species,Uganda: Kisangi Forest Reserve. Historical occurrence records.,,GBIF strict name match
gbif-3139854,Gynura scandens,Gynura scandens,,Plants,species,Uganda: Rwenzori Mountains NP. Historical occurrence records.,,GBIF strict name match
gbif-2829362,Habenaria petitiana,Habenaria petitiana,,Plants,species,Uganda: Mahoma Valley. Historical occurrence records.,,GBIF strict name match
gbif-4047648,Haplopteris guineensis,Haplopteris guineensis,,Plants,species,Uganda: Rwenzori Mountains NP. Historical occurrence records.,,GBIF strict name match
gbif-4047937,Haplopteris volkensii,Haplopteris volkensii,,Plants,species,Uganda: Rwenzori Mountains NP. Historical occurrence records.,,GBIF strict name match
gbif-3709029,Harrisonia abyssinica,Harrisonia abyssinica,,Plants,species,Uganda: Kisangi Forest Reserve. Historical occurrence records.,,GBIF strict name match
gbif-3711847,Harungana madagascariensis,Harungana madagascariensis,,Plants,species,Uganda: Budongo Forest Reserve. Historical occurrence records.,,GBIF strict name match
gbif-3131345,Helichrysum cymosum,Helichrysum cymosum,,Plants,species,Uganda: Rwenzori Mountains NP. Historical occurrence records.,,GBIF strict name match
gbif-7438716,Helichrysum foetidum,Helichrysum foetidum,,Plants,species,Uganda: Rwenzori Mountains NP. Historical occurrence records.,,GBIF strict name match
gbif-3131124,Helichrysum formosissimum,Helichrysum formosissimum,,Plants,species,Uganda: Rwenzori Mountains NP. Historical occurrence records.,,GBIF strict name match
gbif-3131161,Helichrysum odoratissimum,Helichrysum odoratissimum,,Plants,species,"Uganda: Ibanda Village, Rwenzori Mountains NP. Historical occurrence records.",,GBIF strict name match
gbif-3131690,Helichrysum schimperi,Helichrysum schimperi,,Plants,species,Uganda: Rwenzori Mountains NP. Historical occurrence records.,,GBIF strict name match
gbif-3131866,Helichrysum setosum,Helichrysum setosum,,Plants,species,Uganda: Rwenzori Mountains NP. Historical occurrence records.,,GBIF strict name match
gbif-3131434,Helichrysum stuhlmannii,Helichrysum stuhlmannii,,Plants,species,Uganda: Rwenzori Mountains NP. Historical occurrence records.,,GBIF strict name match
gbif-3071171,Hevea brasiliensis,Hevea brasiliensis,,Plants,species,Uganda. Listed as introduced or of uncertain origin.,Terrestrial,GBIF strict name match
gbif-5549137,Hewittia sublobata,Hewittia sublobata,,Plants,species,Uganda: Ibanda Village. Historical occurrence records.,,GBIF strict name match
gbif-3937864,Hibiscus dongolensis,Hibiscus dongolensis,,Plants,species,Uganda: Ibanda Village. Historical occurrence records.,,GBIF strict name match
gbif-7309627,Hilleria latifolia,Hilleria latifolia,,Plants,species,Uganda: Ibanda Village. Historical occurrence records.,,GBIF strict name match
gbif-2650774,Histiopteris incisa,Histiopteris incisa,,Plants,species,Uganda: Rwenzori Mountains NP. Historical occurrence records.,,GBIF strict name match
gbif-4160181,Holoptelea grandis,Holoptelea grandis,,Plants,species,"Uganda: Budongo Forest Reserve, Kisangi Forest Reserve. Historical occurrence records.",,GBIF strict name match
gbif-9757801,Hovenkampia schimperiana,Hovenkampia schimperiana,,Plants,species,Uganda: Ibanda Village. Historical occurrence records.,,GBIF strict name match
gbif-5658022,Hugonia platysepala,Hugonia platysepala,,Plants,species,Recorded in Mukono forest reserve.,,GBIF strict name match
gbif-6026952,Hydrocotyle mannii,Hydrocotyle mannii,,Plants,species,Uganda: Mahoma Valley. Historical occurrence records.,,GBIF strict name match
gbif-8418338,Hydrocotyle sibthorpioides,Hydrocotyle sibthorpioides,,Plants,species,"Uganda: River Mubuku Valley, Rwenzori Mountains NP. Historical occurrence records.",,GBIF strict name match
gbif-2971234,Hylodesmum repandum,Hylodesmum repandum,,Plants,species,Uganda: Rwenzori Mountains NP. Historical occurrence records.,,GBIF strict name match
gbif-3082045,Hymenocardia acida,Hymenocardia acida,,Plants,species,Recorded in Mukono forest reserve.,,GBIF strict name match
gbif-2918995,Hymenocoleus hirsutus,Hymenocoleus hirsutus,,Plants,species,Uganda: Rwenzori Mountains NP. Historical occurrence records.,,GBIF strict name match
gbif-2904461,Hymenodictyon floribundum,Hymenodictyon floribundum,,Plants,species,Uganda: Rwenzori Mountains NP. Historical occurrence records.,,GBIF strict name match
gbif-3608576,Hymenophyllum kuhnii,Hymenophyllum kuhnii,,Plants,species,"Uganda: Mahoma Valley, Rwenzori Mountains NP. Historical occurrence records.",,GBIF strict name match
gbif-4147266,Hyparrhenia dichroa,Hyparrhenia dichroa,,Plants,species,Uganda: Ibanda Village. Historical occurrence records.,,GBIF strict name match
gbif-3713385,Hypericum peplidifolium,Hypericum peplidifolium,,Plants,species,Uganda: Rwenzori Mountains NP. Historical occurrence records.,,GBIF strict name match
gbif-7330049,Hypericum revolutum,Hypericum revolutum,,Plants,species,Uganda: Rwenzori Mountains NP. Historical occurrence records.,,GBIF strict name match
gbif-7265884,Hypolepis rugosula,Hypolepis rugosula,,Plants,species,Uganda: Rwenzori Mountains NP. Historical occurrence records.,,GBIF strict name match
gbif-7309764,Impatiens burtonii,Impatiens burtonii,,Plants,species,Uganda: Rwenzori Mountains NP. Historical occurrence records.,,GBIF strict name match
gbif-4194166,Impatiens niamniamensis,Impatiens niamniamensis,,Plants,species,Uganda: Ibanda Village. Historical occurrence records.,,GBIF strict name match
gbif-4193212,Impatiens runssorensis,Impatiens runssorensis,,Plants,species,"Uganda: River Mubuku Valley, Rwenzori Mountains NP. Historical occurrence records.",,GBIF strict name match
gbif-8424006,Imperata cylindrica,Imperata cylindrica,,Plants,species,Uganda. Listed as introduced or of uncertain origin.,Terrestrial,GBIF strict name match
gbif-2972067,Indigofera arrecta,Indigofera arrecta,,Plants,species,Recorded in Mukono forest reserve.,,GBIF strict name match
gbif-2928531,Ipomoea cairica,Ipomoea cairica,,Plants,species,Uganda. Listed as introduced or of uncertain origin.,Terrestrial,GBIF strict name match
gbif-2928590,Ipomoea carnea,Ipomoea carnea,,Plants,species,Uganda. Listed as introduced or of uncertain origin.,Terrestrial,GBIF strict name match
gbif-2928624,Ipomoea hederifolia,Ipomoea hederifolia,,Plants,species,Uganda. Listed as introduced or of uncertain origin.,Terrestrial,GBIF strict name match
gbif-2928598,Ipomoea indica,Ipomoea indica,,Plants,species,Uganda. Listed as introduced or of uncertain origin.,Terrestrial,GBIF strict name match
gbif-7323903,Ipomoea involucrata,Ipomoea involucrata,,Plants,species,Uganda: Rwenzori Mountains NP. Historical occurrence records.,,GBIF strict name match
gbif-2928576,Ipomoea purpurea,Ipomoea purpurea,,Plants,species,Uganda. Listed as introduced or of uncertain origin.,Terrestrial,GBIF strict name match
gbif-8048713,Ipomoea tenuirostris,Ipomoea tenuirostris,,Plants,species,Uganda: Ibanda Village. Historical occurrence records.,,GBIF strict name match
gbif-8175980,Ipomoea wightii,Ipomoea wightii,,Plants,species,Uganda: Ibanda Village. Historical occurrence records.,,GBIF strict name match
gbif-3172499,Jacaranda mimosifolia,Jacaranda mimosifolia,,Plants,species,Uganda. Listed as introduced or of uncertain origin.,Terrestrial,GBIF strict name match
gbif-3072953,Jatropha curcas,Jatropha curcas,,Plants,species,Uganda. Listed as introduced or of uncertain origin.,Terrestrial,GBIF strict name match
gbif-3072900,Jatropha gossypiifolia,Jatropha gossypiifolia,,Plants,species,Uganda. Listed as introduced or of uncertain origin.,Terrestrial,GBIF strict name match
gbif-4200862,Kalanchoe beharensis,Kalanchoe beharensis,,Plants,species,Uganda. Listed as introduced or of uncertain origin.,Terrestrial,GBIF strict name match
gbif-6441622,Kalanchoe crenata,Kalanchoe crenata,,Plants,species,Uganda: Rwenzori Mountains NP. Historical occurrence records.,,GBIF strict name match
gbif-2985940,Kalanchoe delagoensis,Kalanchoe delagoensis,,Plants,species,Uganda. Listed as introduced or of uncertain origin.,Terrestrial,GBIF strict name match
gbif-2985934,Kalanchoe fedtschenkoi,Kalanchoe fedtschenkoi,,Plants,species,Uganda. Listed as introduced or of uncertain origin.,Terrestrial,GBIF strict name match
gbif-2985930,Kalanchoe pinnata,Kalanchoe pinnata,,Plants,species,Uganda. Listed as introduced or of uncertain origin.,Terrestrial,GBIF strict name match
gbif-7750564,Kalanchoe prolifera,Kalanchoe prolifera,,Plants,species,Uganda. Listed as introduced or of uncertain origin.,Terrestrial,GBIF strict name match
gbif-3852095,Khaya anthotheca,Khaya anthotheca,,Plants,species,Uganda: Budongo Forest Reserve. Historical occurrence records.,,GBIF strict name match
gbif-3172561,Kigelia africana,Kigelia africana,,Plants,species,Uganda: Kisangi Forest Reserve. Historical occurrence records.,,GBIF strict name match
gbif-8101901,Klainedoxa gabonensis,Klainedoxa gabonensis,,Plants,species,Uganda: Budongo Forest Reserve. Historical occurrence records.,,GBIF strict name match
gbif-2909996,Kohautia coccinea,Kohautia coccinea,,Plants,species,Uganda: Ibanda Village. Historical occurrence records.,,GBIF strict name match
gbif-3939529,Kosteletzkya adoensis,Kosteletzkya adoensis,,Plants,species,Uganda: Rwenzori Mountains NP. Historical occurrence records.,,GBIF strict name match
gbif-3661192,Lannea barteri,Lannea barteri,,Plants,species,Uganda: Budongo Forest Reserve. Historical occurrence records.,,GBIF strict name match
gbif-3660599,Lannea welwitschii,Lannea welwitschii,,Plants,species,"Uganda: Budongo Forest Reserve, Kisangi Forest Reserve. Historical occurrence records.",,GBIF strict name match
gbif-2925303,Lantana camara,Lantana camara,,Plants,species,Uganda. Listed as introduced or of uncertain origin.,Terrestrial,GBIF strict name match
gbif-2925321,Lantana trifolia,Lantana trifolia,,Plants,species,Recorded in Mukono forest reserve.,,GBIF strict name match
gbif-5337138,Lasianthus batangensis,Lasianthus batangensis,,Plants,species,Uganda: Semliki Forest NP. Historical occurrence records.,,GBIF strict name match
gbif-7273621,Lasiodiscus mildbraedii,Lasiodiscus mildbraedii,,Plants,species,"Uganda: Budongo Forest Reserve, Kisangi Forest Reserve. Historical occurrence records.",,GBIF strict name match
gbif-7656200,Lepidotrichilia volkensii,Lepidotrichilia volkensii,,Plants,species,Recorded in Mukono forest reserve.,,GBIF strict name match
gbif-4025570,Lepisorus excavatus,Lepisorus excavatus,,Plants,species,Uganda: Rwenzori Mountains NP. Historical occurrence records.,,GBIF strict name match
gbif-8279917,Leplaea cedrata,Leplaea cedrata,,Plants,species,Uganda: Budongo Forest Reserve. Historical occurrence records.,,GBIF strict name match
gbif-8958123,Leptactina arborescens,Leptactina arborescens,,Plants,species,"Uganda: Budongo Forest Reserve, Kasyoha-Kitomi Forest Reserve. Historical occurrence records.",,GBIF strict name match
gbif-3596635,Leptaulus daphnoides,Leptaulus daphnoides,,Plants,species,Uganda: Budongo Forest Reserve. Historical occurrence records.,,GBIF strict name match
gbif-3669552,Leptonychia mildbraedii,Leptonychia mildbraedii,,Plants,species,Uganda: Budongo Forest Reserve. Historical occurrence records.,,GBIF strict name match
gbif-4116449,Leptothrium senegalense,Leptothrium senegalense,,Plants,species,Uganda: Budongo Forest Reserve. Historical occurrence records.,,GBIF strict name match
gbif-2970418,Leucaena leucocephala,Leucaena leucocephala,,Plants,species,Uganda. Listed as introduced or of uncertain origin.,Terrestrial,GBIF strict name match
gbif-3879739,Lindackeria bukobensis,Lindackeria bukobensis,,Plants,species,Recorded in Mukono forest reserve.,,GBIF strict name match
gbif-5408780,Lobelia molleri,Lobelia molleri,,Plants,species,Uganda: Rwenzori Mountains NP. Historical occurrence records.,,GBIF strict name match
gbif-2706242,Lolium temulentum,Lolium temulentum,,Plants,species,Uganda. Listed as introduced or of uncertain origin.,Terrestrial,GBIF strict name match
gbif-9246238,Lomaridium attenuatum,Lomaridium attenuatum,,Plants,species,Uganda: Rwenzori Mountains NP. Historical occurrence records.,,GBIF strict name match
gbif-3851302,Lovoa trichilioides,Lovoa trichilioides,,Plants,species,Uganda: Budongo Forest Reserve. Historical occurrence records.,,GBIF strict name match
gbif-2874599,Luffa aegyptiaca,Luffa aegyptiaca,,Plants,species,Uganda. Listed as introduced or of uncertain origin.,Terrestrial,GBIF strict name match
gbif-2700910,Luzula abyssinica,Luzula abyssinica,,Plants,species,Uganda: Rwenzori Mountains NP. Historical occurrence records.,,GBIF strict name match
gbif-2700716,Luzula johnstonii,Luzula johnstonii,,Plants,species,Uganda: Rwenzori Mountains NP. Historical occurrence records.,,GBIF strict name match
gbif-3784713,Lychnodiscus cerospermus,Lychnodiscus cerospermus,,Plants,species,Uganda: Budongo Forest Reserve. Historical occurrence records.,,GBIF strict name match
gbif-2688393,Lycopodium clavatum,Lycopodium clavatum,,Plants,species,Uganda: Rwenzori Mountains NP. Historical occurrence records.,,GBIF strict name match
gbif-8189199,Lysimachia angustiloba,Lysimachia angustiloba,,Plants,species,Uganda: Rwenzori Mountains NP. Historical occurrence records.,,GBIF strict name match
gbif-4005883,Lysimachia ruhmeriana,Lysimachia ruhmeriana,,Plants,species,Uganda: Rwenzori Mountains NP. Historical occurrence records.,,GBIF strict name match
gbif-3074515,Macaranga barteri,Macaranga barteri,,Plants,species,Recorded in Mukono forest reserve.,,GBIF strict name match
gbif-3074309,Macaranga monandra,Macaranga monandra,,Plants,species,Recorded in Mukono forest reserve.,,GBIF strict name match
gbif-3073948,Macaranga schweinfurthii,Macaranga schweinfurthii,,Plants,species,Uganda: Budongo Forest Reserve. Historical occurrence records.,,GBIF strict name match
gbif-3074202,Macaranga spinosa,Macaranga spinosa,,Plants,species,Recorded in Mukono forest reserve.,,GBIF strict name match
gbif-3871707,Maerua duchesnei,Maerua duchesnei,,Plants,species,"Uganda: Budongo Forest Reserve, Kisangi Forest Reserve. Historical occurrence records.",,GBIF strict name match
gbif-7330870,Maesa lanceolata,Maesa lanceolata,,Plants,species,"Uganda: Ibanda Village, Rwenzori Mountains NP. Historical occurrence records.",,GBIF strict name match
gbif-3039521,Maesopsis eminii,Maesopsis eminii,,Plants,species,Uganda: Budongo Forest Reserve. Historical occurrence records.,Terrestrial,GBIF strict name match
gbif-7449927,Majidea fosteri,Majidea fosteri,,Plants,species,Uganda: Budongo Forest Reserve. Historical occurrence records.,,GBIF strict name match
gbif-7424810,Mammea africana,Mammea africana,,Plants,species,Uganda: Budongo Forest Reserve. Historical occurrence records.,,GBIF strict name match
gbif-2885269,Manilkara dawei,Manilkara dawei,,Plants,species,Uganda: Budongo Forest Reserve. Historical occurrence records.,,GBIF strict name match
gbif-5383225,Margaritaria discoidea,Margaritaria discoidea,,Plants,species,Uganda: Budongo Forest Reserve. Historical occurrence records.,,GBIF strict name match
gbif-5668625,Markhamia lutea,Markhamia lutea,,Plants,species,"Uganda: Budongo Forest Reserve, Kisangi Forest Reserve. Historical occurrence records.",,GBIF strict name match
gbif-3866134,Medinilla mannii,Medinilla mannii,,Plants,species,Uganda: Rwenzori Mountains NP. Historical occurrence records.,,GBIF strict name match
gbif-5914287,Melia azedarach,Melia azedarach,,Plants,species,Uganda. Listed as introduced or of uncertain origin.,Terrestrial,GBIF strict name match
gbif-5567018,Melpomene flabelliformis,Melpomene flabelliformis,,Plants,species,Uganda: Rwenzori Mountains NP. Historical occurrence records.,,GBIF strict name match
gbif-3889017,Mesosphaerum suaveolens,Mesosphaerum suaveolens,,Plants,species,Uganda. Listed as introduced or of uncertain origin.,Terrestrial,GBIF strict name match
gbif-5403846,Micractis bojeri,Micractis bojeri,,Plants,species,Uganda: Ibanda Village. Historical occurrence records.,,GBIF strict name match
gbif-5396042,Microglossa pyrifolia,Microglossa pyrifolia,,Plants,species,Uganda: Rwenzori Mountains NP. Historical occurrence records.,,GBIF strict name match
gbif-2650532,Microsorum scolopendria,Microsorum scolopendria,,Plants,species,Uganda: Rwenzori Mountains NP. Historical occurrence records.,,GBIF strict name match
gbif-4123541,Microstegium nudum,Microstegium nudum,,Plants,species,Uganda: Rwenzori Mountains NP. Historical occurrence records.,,GBIF strict name match
gbif-5398492,Mikania chenopodifolia,Mikania chenopodifolia,,Plants,species,"Uganda: River Mubuku Valley, Rwenzori Mountains NP. Historical occurrence records.",,GBIF strict name match
gbif-2982847,Mildbraediodendron excelsum,Mildbraediodendron excelsum,,Plants,species,Uganda: Budongo Forest Reserve. Historical occurrence records.,,GBIF strict name match
gbif-3763589,Milicia excelsa,Milicia excelsa,,Plants,species,Uganda: Budongo Forest Reserve. Historical occurrence records.,,GBIF strict name match
gbif-7808904,Mimosa diplotricha,Mimosa diplotricha,,Plants,species,Uganda. Listed as introduced or of uncertain origin.,Terrestrial,GBIF strict name match
gbif-2969431,Mimosa pigra,Mimosa pigra,,Plants,species,Uganda. Listed as introduced or of uncertain origin.,Terrestrial,GBIF strict name match
gbif-2969284,Mimosa pudica,Mimosa pudica,,Plants,species,Uganda. Listed as introduced or of uncertain origin.,Terrestrial,GBIF strict name match
gbif-2883703,Mimusops bagshawei,Mimusops bagshawei,,Plants,species,Uganda: Budongo Forest Reserve. Historical occurrence records.,,GBIF strict name match
gbif-3086240,Mirabilis jalapa,Mirabilis jalapa,,Plants,species,Uganda. Listed as introduced or of uncertain origin.,Terrestrial,GBIF strict name match
gbif-3846140,Mitragyna rubrostipulacea,Mitragyna rubrostipulacea,,Plants,species,Uganda: Rwenzori Mountains NP. Historical occurrence records.,,GBIF strict name match
gbif-2896586,Mitragyna stipulosa,Mitragyna stipulosa,,Plants,species,Recorded in Mukono forest reserve.,,GBIF strict name match
gbif-3625538,Momordica foetida,Momordica foetida,,Plants,species,Uganda: Rwenzori Mountains NP. Historical occurrence records.,,GBIF strict name match
gbif-3154072,Monodora angolensis,Monodora angolensis,,Plants,species,Uganda: Budongo Forest Reserve. Historical occurrence records.,,GBIF strict name match
gbif-3154077,Monodora myristica,Monodora myristica,,Plants,species,Recorded in Mukono forest reserve.,,GBIF strict name match
gbif-8318356,Montanoa hibiscifolia,Montanoa hibiscifolia,,Plants,species,Uganda. Listed as introduced or of uncertain origin.,Terrestrial,GBIF strict name match
gbif-3791381,Monteverdia buxifolia,Monteverdia buxifolia,,Plants,species,Uganda: Kisangi Forest Reserve. Historical occurrence records.,,GBIF strict name match
gbif-5339834,Morinda lucida,Morinda lucida,,Plants,species,Recorded in Mukono forest reserve.,,GBIF strict name match
gbif-2893813,Multidentia crassa,Multidentia crassa,,Plants,species,Uganda: Kasyoha-Kitomi Forest Reserve. Historical occurrence records.,,GBIF strict name match
gbif-5643189,Musanga cecropioides,Musanga cecropioides,,Plants,species,Recorded in Mukono forest reserve.,,GBIF strict name match
gbif-2892527,Mussaenda elegans,Mussaenda elegans,,Plants,species,"Uganda: Bwamba, Ibanda Village. Historical occurrence records.",,GBIF strict name match
gbif-2892634,Mussaenda erythrophylla,Mussaenda erythrophylla,,Plants,species,Uganda: Bwamba. Historical occurrence records.,,GBIF strict name match
gbif-4013390,Myrianthus holstii,Myrianthus holstii,,Plants,species,Uganda: Budongo Forest Reserve. Historical occurrence records.,,GBIF strict name match
gbif-5339118,Nauclea diderrichii,Nauclea diderrichii,,Plants,species,Uganda: Semliki Forest NP. Historical occurrence records.,,GBIF strict name match
gbif-3070688,Neoboutonia macrocalyx,Neoboutonia macrocalyx,,Plants,species,Uganda: Budongo Forest Reserve. Historical occurrence records.,,GBIF strict name match
gbif-2650934,Nephrolepis undulata,Nephrolepis undulata,,Plants,species,Uganda: Rwenzori Mountains NP. Historical occurrence records.,,GBIF strict name match
gbif-11206312,Nerophila senegambiensis,Nerophila senegambiensis,,Plants,species,Uganda: Ibanda Village. Historical occurrence records.,,GBIF strict name match
gbif-5341754,Nicandra physalodes,Nicandra physalodes,,Plants,species,Uganda. Listed as introduced or of uncertain origin.,Terrestrial,GBIF strict name match
gbif-2928783,Nicotiana glauca,Nicotiana glauca,,Plants,species,Uganda. Listed as introduced or of uncertain origin.,Terrestrial,GBIF strict name match
gbif-9127339,Noronhia africana,Noronhia africana,,Plants,species,Uganda: Budongo Forest Reserve. Historical occurrence records.,,GBIF strict name match
gbif-3695230,Ochna bracteosa,Ochna bracteosa,,Plants,species,Uganda: Kisangi Forest Reserve. Historical occurrence records.,,GBIF strict name match
gbif-3696115,Ochna holstii,Ochna holstii,,Plants,species,Uganda: Rwenzori Mountains NP. Historical occurrence records.,,GBIF strict name match
gbif-3695421,Ochna membranacea,Ochna membranacea,,Plants,species,Uganda: Budongo Forest Reserve. Historical occurrence records.,,GBIF strict name match
gbif-2927094,Ocimum gratissimum,Ocimum gratissimum,,Plants,species,Recorded in Mukono forest reserve.,,GBIF strict name match
gbif-5540215,Oenanthe procumbens,Oenanthe procumbens,,Plants,species,"Uganda: Mahoma Valley, Rwenzori Mountains NP. Historical occurrence records.",,GBIF strict name match
gbif-3685794,Olax gambecola,Olax gambecola,,Plants,species,Uganda: Rwenzori Mountains NP. Historical occurrence records.,,GBIF strict name match
gbif-9550588,Oldeania alpina,Oldeania alpina,,Plants,species,Uganda: Rwenzori Mountains NP. Historical occurrence records.,,GBIF strict name match
gbif-2911970,Oldenlandia corymbosa,Oldenlandia corymbosa,,Plants,species,Uganda: Ibanda Village. Historical occurrence records.,,GBIF strict name match
gbif-5549722,Olea welwitschii,Olea welwitschii,,Plants,species,Uganda: Budongo Forest Reserve. Historical occurrence records.,,GBIF strict name match
gbif-5290105,Olyra latifolia,Olyra latifolia,,Plants,species,Uganda: Ibanda Village. Historical occurrence records.,,GBIF strict name match
gbif-3879362,Oncoba spinosa,Oncoba spinosa,,Plants,species,Uganda: Budongo Forest Reserve. Historical occurrence records.,,GBIF strict name match
gbif-2705737,Oplismenus hirtellus,Oplismenus hirtellus,,Plants,species,"Uganda: Ibanda Village, Rwenzori Mountains NP. Historical occurrence records.",,GBIF strict name match
gbif-5384064,Opuntia ficus-indica,Opuntia ficus-indica,,Plants,species,Uganda. Listed as introduced or of uncertain origin.,Terrestrial,GBIF strict name match
gbif-5384142,Opuntia monacantha,Opuntia monacantha,,Plants,species,Uganda. Listed as introduced or of uncertain origin.,Terrestrial,GBIF strict name match
gbif-5384075,Opuntia stricta,Opuntia stricta,,Plants,species,Uganda. Listed as introduced or of uncertain origin.,Terrestrial,GBIF strict name match
gbif-2901539,Oxyanthus speciosus,Oxyanthus speciosus,,Plants,species,Recorded in Mukono forest reserve.,,GBIF strict name match
gbif-2901577,Oxyanthus unilocularis,Oxyanthus unilocularis,,Plants,species,Recorded in Mukono forest reserve.,,GBIF strict name match
gbif-7562245,Panicum maximum,Panicum maximum,,Plants,species,Uganda: Ibanda Village. Historical occurrence records.,,GBIF strict name match
gbif-2918899,Paraknoxia parviflora,Paraknoxia parviflora,,Plants,species,Uganda: Ibanda Village. Historical occurrence records.,,GBIF strict name match
gbif-5348822,Parkia filicoidea,Parkia filicoidea,,Plants,species,"Uganda: Budongo Forest Reserve, Kisangi Forest Reserve. Historical occurrence records.",,GBIF strict name match
gbif-5357217,Parkinsonia aculeata,Parkinsonia aculeata,,Plants,species,Uganda. Listed as introduced or of uncertain origin.,Terrestrial,GBIF strict name match
gbif-2981777,Parochetus communis,Parochetus communis,,Plants,species,"Uganda: Mahoma Valley, Rwenzori Mountains NP. Historical occurrence records.",,GBIF strict name match
gbif-3587782,Paropsia guineensis,Paropsia guineensis,,Plants,species,Uganda: Budongo Forest Reserve. Historical occurrence records.,,GBIF strict name match
gbif-3086784,Parthenium hysterophorus,Parthenium hysterophorus,,Plants,species,Uganda. Listed as introduced or of uncertain origin.,Terrestrial,GBIF strict name match
gbif-2705656,Paspalum conjugatum,Paspalum conjugatum,,Plants,species,Uganda: Bwamba. Historical occurrence records.,,GBIF strict name match
gbif-2874199,Passiflora caerulea,Passiflora caerulea,,Plants,species,Uganda. Listed as introduced or of uncertain origin.,Terrestrial,GBIF strict name match
gbif-2874190,Passiflora edulis,Passiflora edulis,,Plants,species,Uganda. Listed as introduced or of uncertain origin.,Terrestrial,GBIF strict name match
gbif-2915364,Pauridiantha paucinervis,Pauridiantha paucinervis,,Plants,species,Uganda: Rwenzori Mountains NP. Historical occurrence records.,,GBIF strict name match
gbif-2925245,Pavetta oliveriana,Pavetta oliveriana,,Plants,species,Recorded in Mukono forest reserve.,,GBIF strict name match
gbif-5618811,Pavonia kilimandscharica,Pavonia kilimandscharica,,Plants,species,Uganda: Rwenzori Mountains NP. Historical occurrence records.,,GBIF strict name match
gbif-5617982,Pavonia urens,Pavonia urens,,Plants,species,Uganda: Rwenzori Mountains NP. Historical occurrence records.,,GBIF strict name match
gbif-3570179,Peddiea fischeri,Peddiea fischeri,,Plants,species,Recorded in Mukono forest reserve.,,GBIF strict name match
gbif-2908986,Pentas lanceolata,Pentas lanceolata,,Plants,species,Uganda: Ibanda Village. Historical occurrence records.,,GBIF strict name match
gbif-2909045,Pentas zanzibarica,Pentas zanzibarica,,Plants,species,Uganda: Rwenzori Mountains NP. Historical occurrence records.,,GBIF strict name match
gbif-5384215,Pereskia aculeata,Pereskia aculeata,,Plants,species,Uganda. Listed as introduced or of uncertain origin.,Terrestrial,GBIF strict name match
gbif-5681730,Philippia benguelensis,Philippia benguelensis,,Plants,species,Uganda: Rwenzori Mountains NP. Historical occurrence records.,,GBIF strict name match
gbif-8100663,Phlegmariurus ophioglossoides,Phlegmariurus ophioglossoides,,Plants,species,"Uganda: Mahoma Valley, Rwenzori Mountains NP. Historical occurrence records.",,GBIF strict name match
gbif-7689587,Phlegmariurus saururus,Phlegmariurus saururus,,Plants,species,Uganda: Rwenzori Mountains NP. Historical occurrence records.,,GBIF strict name match
gbif-5293164,Phoenix reclinata,Phoenix reclinata,,Plants,species,"Uganda: Kisangi Forest Reserve, Semliki Forest NP. Historical occurrence records.",,GBIF strict name match
gbif-5828105,Phragmites mauritianus,Phragmites mauritianus,,Plants,species,Uganda: Rwenzori Mountains NP. Historical occurrence records.,,GBIF strict name match
gbif-5381893,Phyllanthus ovalifolius,Phyllanthus ovalifolius,,Plants,species,Recorded in Mukono forest reserve.,,GBIF strict name match
gbif-5341792,Physalis angulata,Physalis angulata,,Plants,species,Uganda. Listed as introduced or of uncertain origin.,Terrestrial,GBIF strict name match
gbif-5341784,Physalis peruviana,Physalis peruviana,,Plants,species,Uganda. Listed as introduced or of uncertain origin.,Terrestrial,GBIF strict name match
gbif-3084025,Phytolacca dodecandra,Phytolacca dodecandra,,Plants,species,Recorded in Mukono forest reserve.,,GBIF strict name match
gbif-5285090,Pinus patula,Pinus patula,,Plants,species,Uganda. Listed as introduced or of uncertain origin.,Terrestrial,GBIF strict name match
gbif-7864360,Piper capense,Piper capense,,Plants,species,Recorded in Mukono forest reserve.,,GBIF strict name match
gbif-2945196,Piptadeniastrum africanum,Piptadeniastrum africanum,,Plants,species,Uganda: Budongo Forest Reserve. Historical occurrence records.,,GBIF strict name match
gbif-2870583,Pistia stratiotes,Pistia stratiotes,,Plants,species,Uganda. Listed as introduced or of uncertain origin.,Terrestrial,GBIF strict name match
gbif-2986302,Pittosporum viridiflorum,Pittosporum viridiflorum,,Plants,species,Uganda: Kisangi Forest Reserve. Historical occurrence records.,,GBIF strict name match
gbif-4156237,Plantago palmata,Plantago palmata,,Plants,species,"Uganda: Mahoma Valley, Rwenzori Mountains NP. Historical occurrence records.",,GBIF strict name match
gbif-8428740,Platystoma africana,Platystoma africana,,Plants,species,Uganda: Bwamba. Historical occurrence records.,,GBIF strict name match
gbif-3616604,Pleiocarpa pycnantha,Pleiocarpa pycnantha,,Plants,species,Recorded in Mukono forest reserve.,,GBIF strict name match
gbif-7290349,Pleopeltis macrocarpa,Pleopeltis macrocarpa,,Plants,species,Uganda: Rwenzori Mountains NP. Historical occurrence records.,,GBIF strict name match
gbif-5303474,Pollia mannii,Pollia mannii,,Plants,species,Uganda: Ibanda Village. Historical occurrence records.,,GBIF strict name match
gbif-7293633,Polygala albida,Polygala albida,,Plants,species,Uganda: Ibanda Village. Historical occurrence records.,,GBIF strict name match
gbif-3607131,Polyphlebium diaphanum,Polyphlebium diaphanum,,Plants,species,Uganda: Rwenzori Mountains NP. Historical occurrence records.,,GBIF strict name match
gbif-3035593,Polyscias fulva,Polyscias fulva,,Plants,species,Recorded in Mukono forest reserve.,,GBIF strict name match
gbif-2766030,Pontederia cordata,Pontederia cordata,,Plants,species,Uganda. Listed as introduced or of uncertain origin.,Terrestrial|Freshwater,GBIF strict name match
gbif-2765942,Pontederia crassipes,Pontederia crassipes,,Plants,species,Uganda. Listed as introduced or of uncertain origin.,Freshwater,GBIF strict name match
gbif-5301233,Potamogeton nodosus,Potamogeton nodosus,,Plants,species,Uganda: Rwenzori Mountains NP. Historical occurrence records.,,GBIF strict name match
gbif-3898368,Premna angolensis,Premna angolensis,,Plants,species,"Uganda: Budongo Forest Reserve, Kisangi Forest Reserve. Historical occurrence records.",,GBIF strict name match
gbif-5358460,Prosopis juliflora,Prosopis juliflora,,Plants,species,Uganda. Listed as introduced or of uncertain origin.,Terrestrial,GBIF strict name match
gbif-3022853,Prunus africana,Prunus africana,,Plants,species,Uganda: Budongo Forest Reserve. Historical occurrence records.,,GBIF strict name match
gbif-2932982,Pseudarthria hookeri,Pseudarthria hookeri,,Plants,species,Uganda: Ibanda Village. Historical occurrence records.,,GBIF strict name match
gbif-4152303,Pseudechinolaena polystachya,Pseudechinolaena polystachya,,Plants,species,Uganda: Ibanda Village. Historical occurrence records.,,GBIF strict name match
gbif-3629153,Pseudocarum eminii,Pseudocarum eminii,,Plants,species,Uganda: River Mubuku Valley. Historical occurrence records.,,GBIF strict name match
gbif-4082250,Pseudocyclosorus pulcher,Pseudocyclosorus pulcher,,Plants,species,Uganda: Rwenzori Mountains NP. Historical occurrence records.,,GBIF strict name match
gbif-2899673,Pseudomussaenda flava,Pseudomussaenda flava,,Plants,species,Uganda: Bwamba. Historical occurrence records.,,GBIF strict name match
gbif-3660956,Pseudospondias microcarpa,Pseudospondias microcarpa,,Plants,species,"Uganda: Budongo Forest Reserve, Kisangi Forest Reserve. Historical occurrence records.",,GBIF strict name match
gbif-5420380,Psidium guajava,Psidium guajava,,Plants,species,Uganda. Listed as introduced or of uncertain origin.,Terrestrial,GBIF strict name match
gbif-2944680,Psophocarpus palustris,Psophocarpus palustris,,Plants,species,Uganda: Bwamba. Historical occurrence records.,,GBIF strict name match
gbif-2921753,Psychotria mahonii,Psychotria mahonii,,Plants,species,Uganda: Rwenzori Mountains NP. Historical occurrence records.,,GBIF strict name match
gbif-2893088,Psydrax parviflorus,Psydrax parviflorus,,Plants,species,"Uganda: Kasyoha-Kitomi Forest Reserve, Kisangi Forest Reserve. Historical occurrence records.",,GBIF strict name match
gbif-7310183,Pteris catoptera,Pteris catoptera,,Plants,species,Uganda: Mahoma Valley. Historical occurrence records.,,GBIF strict name match
gbif-5614033,Pteris dentata,Pteris dentata,,Plants,species,Uganda: Rwenzori Mountains NP. Historical occurrence records.,,GBIF strict name match
gbif-5613475,Pteris hamulosa,Pteris hamulosa,,Plants,species,"Uganda: Bwamba, Ibanda Village. Historical occurrence records.",,GBIF strict name match
gbif-5275398,Pteris vittata,Pteris vittata,,Plants,species,Uganda: Rwenzori Mountains NP. Historical occurrence records.,,GBIF strict name match
gbif-3668128,Pterygota mildbraedii,Pterygota mildbraedii,,Plants,species,Uganda: Budongo Forest Reserve. Historical occurrence records.,,GBIF strict name match
gbif-8025076,Pycnanthus angolensis,Pycnanthus angolensis,,Plants,species,Uganda: Budongo Forest Reserve. Historical occurrence records.,,GBIF strict name match
gbif-7593736,Ranunculus multifidus,Ranunculus multifidus,,Plants,species,"Uganda: Mahoma Valley, Rwenzori Mountains NP. Historical occurrence records.",,GBIF strict name match
gbif-3930893,Ranunculus oreophytus,Ranunculus oreophytus,,Plants,species,"Uganda: River Mubuku Valley, Rwenzori Mountains NP. Historical occurrence records.",,GBIF strict name match
gbif-3926188,Ranunculus rugegensis,Ranunculus rugegensis,,Plants,species,Uganda: Rwenzori Mountains NP. Historical occurrence records.,,GBIF strict name match
gbif-3921346,Ranunculus volkensii,Ranunculus volkensii,,Plants,species,Uganda: Rwenzori Mountains NP. Historical occurrence records.,,GBIF strict name match
gbif-5293210,Raphia farinifera,Raphia farinifera,,Plants,species,Uganda: Budongo Forest Reserve. Historical occurrence records.,,GBIF strict name match
gbif-3618324,Rauvolfia caffra,Rauvolfia caffra,,Plants,species,Uganda: Kisangi Forest Reserve. Historical occurrence records.,,GBIF strict name match
gbif-3169770,Rauvolfia vomitoria,Rauvolfia vomitoria,,Plants,species,Uganda: Budongo Forest Reserve. Historical occurrence records.,,GBIF strict name match
gbif-5350565,Rhynchosia sublobata,Rhynchosia sublobata,,Plants,species,Uganda: Bwamba. Historical occurrence records.,,GBIF strict name match
gbif-3071632,Ricinodendron heudelotii,Ricinodendron heudelotii,,Plants,species,Uganda: Budongo Forest Reserve. Historical occurrence records.,,GBIF strict name match
gbif-5380041,Ricinus communis,Ricinus communis,,Plants,species,Uganda. Listed as introduced or of uncertain origin.,Terrestrial,GBIF strict name match
gbif-4076330,Rinorea dentata,Rinorea dentata,,Plants,species,Recorded in Mukono forest reserve.,,GBIF strict name match
gbif-7296417,Rinorea ilicifolia,Rinorea ilicifolia,,Plants,species,Uganda: Kisangi Forest Reserve. Historical occurrence records.,,GBIF strict name match
gbif-3871297,Ritchiea albersii,Ritchiea albersii,,Plants,species,Recorded in Mukono forest reserve.,,GBIF strict name match
gbif-3084027,Rivina humilis,Rivina humilis,,Plants,species,Uganda. Listed as introduced or of uncertain origin.,Terrestrial,GBIF strict name match
gbif-2906263,Rothmannia urcelliformis,Rothmannia urcelliformis,,Plants,species,Uganda: Budongo Forest Reserve. Historical occurrence records.,,GBIF strict name match
gbif-2996646,Rubus apetalus,Rubus apetalus,,Plants,species,Uganda: Rwenzori Mountains NP. Historical occurrence records.,,GBIF strict name match
gbif-8846087,Rubus rigidus,Rubus rigidus,,Plants,species,"Uganda: Ibanda Village, Rwenzori Mountains NP. Historical occurrence records.",,GBIF strict name match
gbif-8234521,Rubus rosifolius,Rubus rosifolius,,Plants,species,Uganda. Listed as introduced or of uncertain origin.,Terrestrial,GBIF strict name match
gbif-2994777,Rubus runssorensis,Rubus runssorensis,,Plants,species,"Uganda: River Mubuku Valley, Rwenzori Mountains NP. Historical occurrence records.",,GBIF strict name match
gbif-2904420,Rytigynia bugoyensis,Rytigynia bugoyensis,,Plants,species,Recorded in Mukono forest reserve.,,GBIF strict name match
gbif-3814260,Sagina abyssinica,Sagina abyssinica,,Plants,species,Uganda: River Mubuku Valley. Historical occurrence records.,,GBIF strict name match
gbif-6411750,Salvia leucantha,Salvia leucantha,,Plants,species,Uganda. Listed as introduced or of uncertain origin.,Terrestrial,GBIF strict name match
gbif-5274863,Salvinia molesta,Salvinia molesta,,Plants,species,Uganda. Listed as introduced or of uncertain origin.,Freshwater,GBIF strict name match
gbif-2888728,Sambucus nigra,Sambucus nigra,,Plants,species,Uganda. Listed as introduced or of uncertain origin.,Terrestrial,GBIF strict name match
gbif-3639353,Sanicula elata,Sanicula elata,,Plants,species,Uganda: Rwenzori Mountains NP. Historical occurrence records.,,GBIF strict name match
gbif-5549878,Schrebera arborea,Schrebera arborea,,Plants,species,Uganda: Budongo Forest Reserve. Historical occurrence records.,,GBIF strict name match
gbif-8288250,Scolopia rhamniphylla,Scolopia rhamniphylla,,Plants,species,Recorded in Mukono forest reserve.,,GBIF strict name match
gbif-5544278,Searsia natalensis,Searsia natalensis,,Plants,species,Uganda: Kisangi Forest Reserve. Historical occurrence records.,,GBIF strict name match
gbif-5690177,Sedum churchillianum,Sedum churchillianum,,Plants,species,Uganda: Rwenzori Mountains NP. Historical occurrence records.,,GBIF strict name match
gbif-5688509,Sedum ruwenzoriense,Sedum ruwenzoriense,,Plants,species,"Uganda: River Mubuku Valley, Rwenzori Mountains NP. Historical occurrence records.",,GBIF strict name match
gbif-2688189,Selaginella kraussiana,Selaginella kraussiana,,Plants,species,Uganda: Mahoma Valley. Historical occurrence records.,,GBIF strict name match
gbif-10334868,Selenicereus undatus,Selenicereus undatus,,Plants,species,Uganda. Listed as introduced or of uncertain origin.,Terrestrial,GBIF strict name match
gbif-3108548,Senecio transmarinus,Senecio transmarinus,,Plants,species,Uganda: Rwenzori Mountains NP. Historical occurrence records.,,GBIF strict name match
gbif-7642799,Senegalia brevispica,Senegalia brevispica,,Plants,species,Uganda: Kasyoha-Kitomi Forest Reserve. Historical occurrence records.,,GBIF strict name match
gbif-3795911,Senegalia polyacantha,Senegalia polyacantha,,Plants,species,Uganda: Kisangi Forest Reserve. Historical occurrence records.,,GBIF strict name match
gbif-2956947,Senna alata,Senna alata,,Plants,species,Uganda. Listed as introduced or of uncertain origin.,Terrestrial,GBIF strict name match
gbif-2958076,Senna bicapsularis,Senna bicapsularis,,Plants,species,Uganda. Listed as introduced or of uncertain origin.,Terrestrial,GBIF strict name match
gbif-2957556,Senna didymobotrya,Senna didymobotrya,,Plants,species,Uganda: Kasyoha-Kitomi Forest Reserve. Historical occurrence records.,Terrestrial,GBIF strict name match
gbif-2958100,Senna hirsuta,Senna hirsuta,,Plants,species,Uganda. Listed as introduced or of uncertain origin.,Terrestrial,GBIF strict name match
gbif-2957408,Senna obtusifolia,Senna obtusifolia,,Plants,species,Uganda. Listed as introduced or of uncertain origin.,Terrestrial,GBIF strict name match
gbif-2957966,Senna occidentalis,Senna occidentalis,,Plants,species,Uganda. Listed as introduced or of uncertain origin.,Terrestrial,GBIF strict name match
gbif-2957867,Senna petersiana,Senna petersiana,,Plants,species,Recorded in Mukono forest reserve.,,GBIF strict name match
gbif-2957529,Senna septemtrionalis,Senna septemtrionalis,,Plants,species,Uganda. Listed as introduced or of uncertain origin.,Terrestrial,GBIF strict name match
gbif-2956905,Senna siamea,Senna siamea,,Plants,species,Uganda. Listed as introduced or of uncertain origin.,Terrestrial,GBIF strict name match
gbif-2957438,Senna spectabilis,Senna spectabilis,,Plants,species,Uganda. Listed as introduced or of uncertain origin.,Terrestrial,GBIF strict name match
gbif-2970741,Sesbania macrantha,Sesbania macrantha,,Plants,species,Recorded in Mukono forest reserve.,,GBIF strict name match
gbif-2970648,Sesbania sesban,Sesbania sesban,,Plants,species,Uganda: Kisangi Forest Reserve. Historical occurrence records.,,GBIF strict name match
gbif-3061435,Shirakiopsis elliptica,Shirakiopsis elliptica,,Plants,species,"Uganda: Budongo Forest Reserve, Kisangi Forest Reserve. Historical occurrence records.",,GBIF strict name match
gbif-3732653,Sibthorpia europaea,Sibthorpia europaea,,Plants,species,Uganda: Rwenzori Mountains NP. Historical occurrence records.,,GBIF strict name match
gbif-5406735,Sida rhombifolia,Sida rhombifolia,,Plants,species,Uganda: Rwenzori Mountains NP. Historical occurrence records.,,GBIF strict name match
gbif-2929801,Solanum aculeastrum,Solanum aculeastrum,,Plants,species,Uganda: Rwenzori Mountains NP. Historical occurrence records.,,GBIF strict name match
gbif-2929236,Solanum campylacanthum,Solanum campylacanthum,,Plants,species,Uganda. Listed as introduced or of uncertain origin.,Terrestrial,GBIF strict name match
gbif-2929691,Solanum incanum,Solanum incanum,,Plants,species,Uganda. Listed as introduced or of uncertain origin.,Terrestrial,GBIF strict name match
gbif-2931469,Solanum mauritianum,Solanum mauritianum,,Plants,species,Uganda. Listed as introduced or of uncertain origin.,Terrestrial,GBIF strict name match
gbif-2932040,Solanum seaforthianum,Solanum seaforthianum,,Plants,species,Uganda. Listed as introduced or of uncertain origin.,Terrestrial,GBIF strict name match
gbif-3172574,Spathodea campanulata,Spathodea campanulata,,Plants,species,Uganda: Kisangi Forest Reserve. Historical occurrence records.,,GBIF strict name match
gbif-2918450,Spermacoce sphaerostigma,Spermacoce sphaerostigma,,Plants,species,Uganda: Rwenzori Mountains NP. Historical occurrence records.,,GBIF strict name match
gbif-3116842,Sphagneticola trilobata,Sphagneticola trilobata,,Plants,species,Uganda. Listed as introduced or of uncertain origin.,Terrestrial,GBIF strict name match
gbif-3079397,Spondianthus preussii,Spondianthus preussii,,Plants,species,Recorded in Mukono forest reserve.,,GBIF strict name match
gbif-4117345,Sporobolus pyramidalis,Sporobolus pyramidalis,,Plants,species,Uganda: Rwenzori Mountains NP. Historical occurrence records.,,GBIF strict name match
gbif-7333710,Staudtia kamerunensis,Staudtia kamerunensis,,Plants,species,Recorded in Mukono forest reserve.,,GBIF strict name match
gbif-7594942,Sterculia dawei,Sterculia dawei,,Plants,species,"Uganda: Budongo Forest Reserve, Kisangi Forest Reserve. Historical occurrence records.",,GBIF strict name match
gbif-4092124,Stereospermum kunthianum,Stereospermum kunthianum,,Plants,species,"Uganda: Budongo Forest Reserve, Kisangi Forest Reserve. Historical occurrence records.",,GBIF strict name match
gbif-3171161,Striga asiatica,Striga asiatica,,Plants,species,Uganda. Listed as introduced or of uncertain origin.,Terrestrial,GBIF strict name match
gbif-3171159,Striga hermonthica,Striga hermonthica,,Plants,species,Uganda. Listed as introduced or of uncertain origin.,Terrestrial,GBIF strict name match
gbif-3685528,Strombosia scheffleri,Strombosia scheffleri,,Plants,species,Uganda: Budongo Forest Reserve. Historical occurrence records.,,GBIF strict name match
gbif-5645326,Strychnos mitis,Strychnos mitis,,Plants,species,"Uganda: Budongo Forest Reserve, Kisangi Forest Reserve. Historical occurrence records.",,GBIF strict name match
gbif-5373424,Subularia monticola,Subularia monticola,,Plants,species,"Uganda: Mahoma Valley, River Mubuku Valley, Rwenzori Mountains NP. Historical occurrence records.",,GBIF strict name match
gbif-3054883,Suregada procera,Suregada procera,,Plants,species,Uganda: Budongo Forest Reserve. Historical occurrence records.,,GBIF strict name match
gbif-8185162,Symphonia globulifera,Symphonia globulifera,,Plants,species,Recorded in Mukono forest reserve.,,GBIF strict name match
gbif-2886073,Synsepalum brevipes,Synsepalum brevipes,,Plants,species,Uganda: Budongo Forest Reserve. Historical occurrence records.,,GBIF strict name match
gbif-2886011,Synsepalum cerasiferum,Synsepalum cerasiferum,,Plants,species,Uganda: Kasyoha-Kitomi Forest Reserve. Historical occurrence records.,,GBIF strict name match
gbif-2886126,Synsepalum msolo,Synsepalum msolo,,Plants,species,Recorded in Mukono forest reserve.,,GBIF strict name match
gbif-8652576,Syzygium cordatum,Syzygium cordatum,,Plants,species,Uganda: Kisangi Forest Reserve. Historical occurrence records.,,GBIF strict name match
gbif-3183278,Syzygium guineense,Syzygium guineense,,Plants,species,Uganda: Budongo Forest Reserve. Historical occurrence records.,,GBIF strict name match
gbif-3615365,Tabernaemontana pachysiphon,Tabernaemontana pachysiphon,,Plants,species,Recorded in Mukono forest reserve.,,GBIF strict name match
gbif-3621302,Tabernaemontana ventricosa,Tabernaemontana ventricosa,,Plants,species,Uganda: Kisangi Forest Reserve. Historical occurrence records.,,GBIF strict name match
gbif-4196047,Tapura fischeri,Tapura fischeri,,Plants,species,"Uganda: Budongo Forest Reserve, Kisangi Forest Reserve. Historical occurrence records.",,GBIF strict name match
gbif-3172492,Tecoma stans,Tecoma stans,,Plants,species,Uganda. Listed as introduced or of uncertain origin.,Terrestrial,GBIF strict name match
gbif-3172490,Tecomaria capensis,Tecomaria capensis,,Plants,species,Uganda. Listed as introduced or of uncertain origin.,Terrestrial,GBIF strict name match
gbif-7598128,Tectaria angelicifolia,Tectaria angelicifolia,,Plants,species,"Uganda: Bwamba, Ibanda Village. Historical occurrence records.",,GBIF strict name match
gbif-8273295,Tectaria gemmifera,Tectaria gemmifera,,Plants,species,Uganda: Rwenzori Mountains NP. Historical occurrence records.,,GBIF strict name match
gbif-2925649,Tectona grandis,Tectona grandis,,Plants,species,Uganda. Listed as introduced or of uncertain origin.,Terrestrial,GBIF strict name match
gbif-5342354,Tephrosia vogelii,Tephrosia vogelii,,Plants,species,Uganda. Listed as introduced or of uncertain origin.,Terrestrial,GBIF strict name match
gbif-3189394,Terminalia catappa,Terminalia catappa,,Plants,species,Uganda. Listed as introduced or of uncertain origin.,Terrestrial,GBIF strict name match
gbif-3699820,Terminalia schimperiana,Terminalia schimperiana,,Plants,species,Uganda: Budongo Forest Reserve. Historical occurrence records.,,GBIF strict name match
gbif-5347354,Tetrapleura tetraptera,Tetrapleura tetraptera,,Plants,species,"Uganda: Budongo Forest Reserve, Kisangi Forest Reserve. Historical occurrence records.",,GBIF strict name match
gbif-3062907,Tetrorchidium didymostemon,Tetrorchidium didymostemon,,Plants,species,Uganda: Budongo Forest Reserve. Historical occurrence records.,,GBIF strict name match
gbif-7277392,Thalictrum rhynchocarpum,Thalictrum rhynchocarpum,,Plants,species,"Uganda: Mahoma Valley, Rwenzori Mountains NP. Historical occurrence records.",,GBIF strict name match
gbif-5415456,Thunbergia grandiflora,Thunbergia grandiflora,,Plants,species,Uganda. Listed as introduced or of uncertain origin.,Terrestrial,GBIF strict name match
gbif-3830820,Tinospora caffra,Tinospora caffra,,Plants,species,Uganda: Ibanda Village. Historical occurrence records.,,GBIF strict name match
gbif-5396557,Tithonia diversifolia,Tithonia diversifolia,,Plants,species,Uganda. Listed as introduced or of uncertain origin.,Terrestrial,GBIF strict name match
gbif-5396551,Tithonia rotundifolia,Tithonia rotundifolia,,Plants,species,Uganda. Listed as introduced or of uncertain origin.,Terrestrial,GBIF strict name match
gbif-3190472,Toona ciliata,Toona ciliata,,Plants,species,Uganda. Listed as introduced or of uncertain origin.,Terrestrial,GBIF strict name match
gbif-2765221,Tradescantia pallida,Tradescantia pallida,,Plants,species,Uganda. Listed as introduced or of uncertain origin.,Terrestrial,GBIF strict name match
gbif-2765230,Tradescantia spathacea,Tradescantia spathacea,,Plants,species,Uganda. Listed as introduced or of uncertain origin.,Terrestrial,GBIF strict name match
gbif-2765359,Tradescantia zebrina,Tradescantia zebrina,,Plants,species,Uganda. Listed as introduced or of uncertain origin.,Terrestrial,GBIF strict name match
gbif-7895921,Treculia africana,Treculia africana,,Plants,species,Uganda: Budongo Forest Reserve. Historical occurrence records.,,GBIF strict name match
gbif-2984508,Trema orientale,Trema orientale,,Plants,species,"Uganda: Budongo Forest Reserve, Kisangi Forest Reserve. Historical occurrence records.",,GBIF strict name match
gbif-3851043,Trichilia dregeana,Trichilia dregeana,,Plants,species,"Uganda: Budongo Forest Reserve, Kisangi Forest Reserve. Historical occurrence records.",,GBIF strict name match
gbif-7357026,Trichilia prieuriana,Trichilia prieuriana,,Plants,species,Uganda: Budongo Forest Reserve. Historical occurrence records.,,GBIF strict name match
gbif-3851456,Trichilia rubescens,Trichilia rubescens,,Plants,species,Uganda: Budongo Forest Reserve. Historical occurrence records.,,GBIF strict name match
gbif-3702682,Trichocladus ellipticus,Trichocladus ellipticus,,Plants,species,Uganda: Kisangi Forest Reserve. Historical occurrence records.,,GBIF strict name match
gbif-3766911,Trilepisium madagascariense,Trilepisium madagascariense,,Plants,species,Recorded in Mukono forest reserve.,,GBIF strict name match
gbif-9299404,Trisetopsis milanjiana,Trisetopsis milanjiana,,Plants,species,Uganda: Rwenzori Mountains NP. Historical occurrence records.,,GBIF strict name match
gbif-3867175,Tristemma mauritianum,Tristemma mauritianum,,Plants,species,Uganda: Rwenzori Mountains NP. Historical occurrence records.,,GBIF strict name match
gbif-3152073,Triumfetta cordifolia,Triumfetta cordifolia,,Plants,species,Uganda: Rwenzori Mountains NP. Historical occurrence records.,,GBIF strict name match
gbif-3152069,Triumfetta rhomboidea,Triumfetta rhomboidea,,Plants,species,"Uganda: Ibanda Village, Rwenzori Mountains NP. Historical occurrence records.",,GBIF strict name match
gbif-3852582,Turraea robusta,Turraea robusta,,Plants,species,"Uganda: Kisangi Forest Reserve, Rwenzori Mountains NP. Historical occurrence records.",,GBIF strict name match
gbif-3852241,Turraea vogelioides,Turraea vogelioides,,Plants,species,Uganda: Budongo Forest Reserve. Historical occurrence records.,,GBIF strict name match
gbif-2705862,Urochloa brizantha,Urochloa brizantha,,Plants,species,Uganda: Ibanda Village. Historical occurrence records.,,GBIF strict name match
gbif-4150891,Urochloa comata,Urochloa comata,,Plants,species,Uganda: Ibanda Village. Historical occurrence records.,,GBIF strict name match
gbif-3154356,Uvaria welwitschii,Uvaria welwitschii,,Plants,species,Recorded in Mukono forest reserve.,,GBIF strict name match
gbif-3157466,Uvariopsis congensis,Uvariopsis congensis,,Plants,species,"Uganda: Budongo Forest Reserve, Kisangi Forest Reserve. Historical occurrence records.",,GBIF strict name match
gbif-8306913,Vachellia abyssinica,Vachellia abyssinica,,Plants,species,Uganda: Kisangi Forest Reserve. Historical occurrence records.,,GBIF strict name match
gbif-8086708,Vachellia hockii,Vachellia hockii,,Plants,species,"Uganda: Kasyoha-Kitomi Forest Reserve, Kisangi Forest Reserve. Historical occurrence records.",Terrestrial,GBIF strict name match
gbif-7368983,Vachellia kirkii,Vachellia kirkii,,Plants,species,"Uganda: Kasyoha-Kitomi Forest Reserve, Kisangi Forest Reserve. Historical occurrence records.",,GBIF strict name match
gbif-2917930,Vangueria apiculata,Vangueria apiculata,,Plants,species,Uganda: Budongo Forest Reserve. Historical occurrence records.,,GBIF strict name match
gbif-3834246,Vepris nobilis,Vepris nobilis,,Plants,species,"Uganda: Budongo Forest Reserve, Kisangi Forest Reserve. Historical occurrence records.",,GBIF strict name match
gbif-2925514,Verbena bonariensis,Verbena bonariensis,,Plants,species,Uganda. Listed as introduced or of uncertain origin.,Terrestrial,GBIF strict name match
gbif-2982409,Vigna vexillata,Vigna vexillata,,Plants,species,Uganda: Ibanda Village. Historical occurrence records.,,GBIF strict name match
gbif-2917992,Virectaria major,Virectaria major,,Plants,species,Uganda: Rwenzori Mountains NP. Historical occurrence records.,,GBIF strict name match
gbif-8224102,Vitex ferruginea,Vitex ferruginea,,Plants,species,Uganda: Budongo Forest Reserve. Historical occurrence records.,,GBIF strict name match
gbif-3615729,Voacanga thouarsii,Voacanga thouarsii,,Plants,species,Recorded in Mukono forest reserve.,,GBIF strict name match
gbif-8922958,Warneckea jasminoides,Warneckea jasminoides,,Plants,species,Recorded in Mukono forest reserve.,,GBIF strict name match
gbif-3089150,Xanthium spinosum,Xanthium spinosum,,Plants,species,Uganda. Listed as introduced or of uncertain origin.,Terrestrial,GBIF strict name match
gbif-3089154,Xanthium strumarium,Xanthium strumarium,,Plants,species,Uganda. Listed as introduced or of uncertain origin.,Terrestrial,GBIF strict name match
gbif-3157151,Xylopia aethiopica,Xylopia aethiopica,,Plants,species,Recorded in Mukono forest reserve.,,GBIF strict name match
gbif-3782518,Xymalos monospora,Xymalos monospora,,Plants,species,Recorded in Mukono forest reserve.,,GBIF strict name match
gbif-10789822,Zanthoxylum asiaticum,Zanthoxylum asiaticum,,Plants,species,Recorded in Mukono forest reserve.,,GBIF strict name match
gbif-7317735,Zehneria scabra,Zehneria scabra,,Plants,species,"Uganda: Mahoma Valley, Rwenzori Mountains NP. Historical occurrence records.",,GBIF strict name match
gbif-9193953,Zinnia peruviana,Zinnia peruviana,,Plants,species,Uganda. Listed as introduced or of uncertain origin.,Terrestrial,GBIF strict name match
gbif-5225997,Acanthocercus atricollis,Acanthocercus atricollis,Common Tree Agama,Reptiles,species,Uganda: Itwara Forest Reserve. Historical occurrence records.,,GBIF strict name match
gbif-2469682,Adolfus jacksoni,Adolfus jacksoni,Jackson's Forest Lizard,Reptiles,species,Uganda: Itwara Forest Reserve. Historical occurrence records.,,GBIF strict name match
gbif-5226308,Agama agama,Agama agama,Common Agama,Reptiles,species,"Uganda: Budongo Forest Reserve, Murchison Falls NP. Historical occurrence records.",,GBIF strict name match
gbif-2443752,Atheris squamigera,Atheris squamigera,Hallowell's Bush-viper,Reptiles,species,"Uganda: Budongo Forest Reserve, Itwara Forest Reserve, Murchison Falls NP. Historical occurrence records.",,GBIF strict name match
gbif-9102011,Bitis gabonica,Bitis gabonica,Gaboon Viper,Reptiles,species,Uganda: Murchison Falls NP. Historical occurrence records.,,GBIF strict name match
gbif-2444873,Bitis nasicornis,Bitis nasicornis,Nose-horned Viper,Reptiles,species,Uganda: Itwara Forest Reserve. Historical occurrence records.,,GBIF strict name match
gbif-11116805,Boaedon mendesi,Boaedon mendesi,Common House-snake,Reptiles,species,Uganda: Itwara Forest Reserve. Historical occurrence records.,,GBIF strict name match
gbif-2443896,Causus lichtensteinii,Causus lichtensteinii,Forest Night-adder,Reptiles,species,Uganda: Itwara Forest Reserve. Historical occurrence records.,,GBIF strict name match
gbif-2443894,Causus rhombeatus,Causus rhombeatus,Rhombic Night-adder,Reptiles,species,Uganda: Murchison Falls NP. Historical occurrence records.,,GBIF strict name match
gbif-2459111,Chamaelycus fasciatus,Chamaelycus fasciatus,,Reptiles,species,Uganda: Itwara Forest Reserve. Historical occurrence records.,,GBIF strict name match
gbif-2441341,Crocodylus niloticus,Crocodylus niloticus,Nile Crocodile,Reptiles,species,Uganda: Murchison Falls NP. Historical occurrence records.,,GBIF strict name match
gbif-2456060,Dasypeltis atra,Dasypeltis atra,Montane Forest Egg-eater,Reptiles,species,Uganda: Itwara Forest Reserve. Historical occurrence records.,,GBIF strict name match
gbif-2469880,Dendroaspis jamesoni,Dendroaspis jamesoni,Jameson's Mamba,Reptiles,species,Uganda: Itwara Forest Reserve. Historical occurrence records.,,GBIF strict name match
gbif-2452959,Dispholidus typus,Dispholidus typus,Boomslang,Reptiles,species,Uganda: Itwara Forest Reserve. Historical occurrence records.,,GBIF strict name match
gbif-9224013,Heliobolus spekii,Heliobolus spekii,Speke's Sand-lizard,Reptiles,species,Uganda: Itwara Forest Reserve. Historical occurrence records.,,GBIF strict name match
gbif-5960063,Hemidactylus brookii,Hemidactylus brookii,,Reptiles,species,Uganda: Itwara Forest Reserve. Historical occurrence records.,,GBIF strict name match
gbif-5959942,Hemidactylus mabouia,Hemidactylus mabouia,Tropical House Gecko,Reptiles,species,Uganda: Murchison Falls NP. Historical occurrence records.,,GBIF strict name match
gbif-2457806,Lycophidion ornatum,Lycophidion ornatum,Ornate Wolf-snake,Reptiles,species,Uganda: Itwara Forest Reserve. Historical occurrence records.,,GBIF strict name match
gbif-2446627,Lygodactylus gutturalis,Lygodactylus gutturalis,Chevron-throated Dwarf Gecko,Reptiles,species,Uganda: Itwara Forest Reserve. Historical occurrence records.,,GBIF strict name match
gbif-2470376,Naja melanoleuca,Naja melanoleuca,Forest Cobra,Reptiles,species,"Uganda: Budongo Forest Reserve, Murchison Falls NP. Historical occurrence records.",,GBIF strict name match
gbif-2453184,Philothamnus hoplogaster,Philothamnus hoplogaster,Southeastern Green-snake,Reptiles,species,Uganda: Itwara Forest Reserve. Historical occurrence records.,,GBIF strict name match
gbif-2453153,Philothamnus irregularis,Philothamnus irregularis,,Reptiles,species,Uganda: Itwara Forest Reserve. Historical occurrence records.,,GBIF strict name match
gbif-2456966,Psammophylax tritaeniatus,Psammophylax tritaeniatus,,Reptiles,species,Uganda: Murchison Falls NP. Historical occurrence records.,,GBIF strict name match
gbif-2465346,Python sebae,Python sebae,African Python,Reptiles,species,"Uganda: Budongo Forest Reserve, Murchison Falls NP. Historical occurrence records.",,GBIF strict name match
gbif-2441757,Stigmochelys pardalis,Stigmochelys pardalis,Leopard Tortoise,Reptiles,species,Uganda: Murchison Falls NP. Historical occurrence records.,,GBIF strict name match
gbif-8966116,Thelotornis kirtlandii,Thelotornis kirtlandii,Forest Vine-snake,Reptiles,species,Uganda: Itwara Forest Reserve. Historical occurrence records.,,GBIF strict name match
gbif-11194422,Trachylepis wahlbergii,Trachylepis wahlbergii,Common Striped Skink,Reptiles,species,"Uganda: Budongo Forest Reserve, Itwara Forest Reserve, Murchison Falls NP. Historical occurrence records.",,GBIF strict name match
gbif-8046982,Trioceros ellioti,Trioceros ellioti,Montane Side-striped Chameleon,Reptiles,species,Uganda: Itwara Forest Reserve. Historical occurrence records.,,GBIF strict name match
gbif-2470729,Varanus exanthematicus,Varanus exanthematicus,Western Savanna Monitor,Reptiles,species,Uganda: Budongo Forest Reserve. Historical occurrence records.,,GBIF strict name match
gbif-2470656,Varanus niloticus,Varanus niloticus,Nile Monitor,Reptiles,species,Uganda: Murchison Falls NP. Historical occurrence records.,,GBIF strict name match
